"run_id","platform","scenario","replication","start_time","end_time","test_duration_s","target_rps","rps_actual","goodput_rps","total_requests","total_errors","error_rate","latency_p50","latency_p90","latency_p95","latency_p99","latency_p999","latency_mean","latency_min","latency_max","latency_stddev","latency_cv","dns_p50","dns_p95","tcp_p50","tcp_p95","tls_p50","tls_p95","waiting_p50","waiting_p95","waiting_p99","apdex_t500_f2000","bytes_received","bytes_sent","bandwidth_rx_bps","k6_iterations","first_ts","last_ts"
"01_apache_modwsgi__A_browse__rep01","01_apache_modwsgi","A_browse","1","2026-05-16T22:21:11.834+03:00","2026-05-16T22:51:32.936+03:00","1819.45","20","19.48","17.648","35442","3332","0.094013","115.142","233.127","1026.138","59906.451","59914.201","2701.753","0","60000.969","11996.985","4.440444","","","0.0","0.0","0.0","0.0","108.963","759.757","59906.2","0.9425","131773485","4337152","72424.9","35442","2026-05-16T22:21:12.8905168+03:00","2026-05-16T22:51:32.340346+03:00"
"01_apache_modwsgi__A_browse__rep02","01_apache_modwsgi","A_browse","2","2026-05-16T22:54:17.886+03:00","2026-05-16T23:24:34.191+03:00","1815.39","20","19.831","19.536","36001","535","0.014861","111.881","137.379","163.911","59893.359","59913.426","1036.028","70.037","60002.705","7297.245","7.043482","","","0.0","0.0","0.0","0.0","104.477","150.214","59892.266","0.9797","144471001","4636560","79581.2","36001","2026-05-16T22:54:18.2187385+03:00","2026-05-16T23:24:33.6104505+03:00"
"01_apache_modwsgi__A_browse__rep03","01_apache_modwsgi","A_browse","3","2026-05-16T23:27:14.186+03:00","2026-05-16T23:57:29.979+03:00","1814.72","20","19.838","19.556","36001","513","0.01425","114.68","154.746","283.972","59868.371","59910.805","1016.041","72.611","60001.946","7126.442","7.013935","","","0.0","0.0","0.0","0.0","109.837","162.431","59867.947","0.9716","145443534","4637314","80146.7","36001","2026-05-16T23:27:14.7072636+03:00","2026-05-16T23:57:29.4229591+03:00"
"01_apache_modwsgi__A_browse__rep04","01_apache_modwsgi","A_browse","4","2026-05-17T00:00:10.486+03:00","2026-05-17T00:30:26.410+03:00","1814.66","20","19.839","19.55","36001","524","0.014555","116.829","153.247","205.714","59884.205","59910.949","1032.842","71.82","60001.758","7230.906","7.000978","","","0.0","0.0","0.0","0.0","110.429","157.501","59882.387","0.9759","145699334","4638209","80290.3","36001","2026-05-17T00:00:11.1318236+03:00","2026-05-17T00:30:25.7891505+03:00"
"01_apache_modwsgi__A_browse__rep05","01_apache_modwsgi","A_browse","5","2026-05-17T00:33:06.699+03:00","2026-05-17T01:03:22.405+03:00","1814.76","20","19.838","19.55","36001","523","0.014527","113.199","143.609","158.246","59886.268","59910.329","1013.52","81.874","60001.291","7205.582","7.109463","","","0.0","0.0","0.0","0.0","106.065","150.843","59885.348","0.9812","145366113","4637035","80102.3","36001","2026-05-17T00:33:07.0677158+03:00","2026-05-17T01:03:21.8227621+03:00"
"01_apache_modwsgi__A_browse__rep06","01_apache_modwsgi","A_browse","6","2026-05-17T01:06:01.508+03:00","2026-05-17T01:36:17.022+03:00","1814.67","20","19.838","19.551","36000","521","0.014472","109.455","128.806","139.88","59897.389","59913.086","1001.33","72.691","60001.258","7210.079","7.2005","","","0.0","0.0","0.0","0.0","102.258","133.872","59897.042","0.9848","145114131","4636934","79967.2","36000","2026-05-17T01:06:01.8104998+03:00","2026-05-17T01:36:16.4821394+03:00"
"01_apache_modwsgi__A_browse__rep07","01_apache_modwsgi","A_browse","7","2026-05-17T01:38:55.466+03:00","2026-05-17T02:09:10.674+03:00","1814.32","20","19.842","19.562","36000","508","0.014111","105.857","123.295","131.54","59902.078","59912.913","999.395","70.526","60002.228","7206.833","7.211196","","","0.0","0.0","0.0","0.0","101.196","126.491","59901.434","0.9846","145734296","4639379","80324.4","36000","2026-05-17T01:38:55.7926405+03:00","2026-05-17T02:09:10.1148489+03:00"
"01_apache_modwsgi__A_browse__rep08","01_apache_modwsgi","A_browse","8","2026-05-17T02:11:49.403+03:00","2026-05-17T02:42:05.249+03:00","1814.96","20","19.836","19.551","36001","516","0.014333","103.097","118.611","125.647","59905.272","59914.642","984.986","72.546","60001.998","7170.208","7.2795","","","0.0","0.0","0.0","0.0","100.711","120.088","59905.147","0.9851","145159054","4637081","79979.4","36001","2026-05-17T02:11:49.7241265+03:00","2026-05-17T02:42:04.6792694+03:00"
"01_apache_modwsgi__A_browse__rep09","01_apache_modwsgi","A_browse","9","2026-05-17T02:44:43.630+03:00","2026-05-17T03:14:59.222+03:00","1814.74","20","19.838","19.538","36001","544","0.015111","102.736","116.223","122.442","59905.737","59914.609","1036.618","73.591","60001.95","7380.432","7.119722","","","0.0","0.0","0.0","0.0","100.632","116.754","59905.519","0.984","145306535","4637916","80070.1","36001","2026-05-17T02:44:43.9388926+03:00","2026-05-17T03:14:58.6798898+03:00"
"01_apache_modwsgi__A_browse__rep10","01_apache_modwsgi","A_browse","10","2026-05-17T03:17:37.631+03:00","2026-05-17T03:47:55.017+03:00","1816.47","20","19.819","19.433","36001","701","0.019472","101.544","115.415","121.835","59903.266","59913.12","818.783","0","60001.655","6504.452","7.944053","","","0.0","0.0","0.0","0.0","100.342","116.231","59902.892","0.9878","144040073","4601587","79296.8","36001","2026-05-17T03:17:37.9358023+03:00","2026-05-17T03:47:54.4030941+03:00"
"01_apache_modwsgi__B_mixed__rep01","01_apache_modwsgi","B_mixed","1","2026-05-17T03:50:33.891+03:00","2026-05-17T04:20:49.197+03:00","1814.37","15","14.882","14.764","27001","214","0.007926","103.73","118.314","125.236","244.926","59910.788","589.654","73.484","60001.224","5336.95","9.050981","","","0.0","0.0","0.0","0.0","97.54","120.586","238.354","0.9917","90003535","3464354","49606.0","27001","2026-05-17T03:50:34.2753586+03:00","2026-05-17T04:20:48.6447603+03:00"
"01_apache_modwsgi__B_mixed__rep02","01_apache_modwsgi","B_mixed","2","2026-05-17T04:23:26.813+03:00","2026-05-17T04:53:41.700+03:00","1813.99","15","14.884","14.774","27000","200","0.007407","103.059","118.1","125.879","231.137","59910.98","560.269","72.431","60000.84","5175.65","9.2378","","","0.0","0.0","0.0","0.0","96.412","120.779","225.677","0.9922","90098140","3464843","49668.5","27000","2026-05-17T04:23:27.1244321+03:00","2026-05-17T04:53:41.1158038+03:00"
"01_apache_modwsgi__B_mixed__rep03","01_apache_modwsgi","B_mixed","3","2026-05-17T04:56:19.514+03:00","2026-05-17T05:26:34.277+03:00","1813.92","15","14.885","14.751","27000","242","0.008963","102.33","117.351","125.286","261.688","59913.043","654.087","72.352","60001.08","5685.868","8.692826","","","0.0","0.0","0.0","0.0","95.797","119.933","245.467","0.9905","89578919","3464274","49384.2","27000","2026-05-17T04:56:19.8252403+03:00","2026-05-17T05:26:33.7433614+03:00"
"01_apache_modwsgi__B_mixed__rep04","01_apache_modwsgi","B_mixed","4","2026-05-17T05:29:11.819+03:00","2026-05-17T05:59:26.630+03:00","1813.97","15","14.884","14.759","27000","227","0.008407","102.13","116.099","123.332","252.585","59911.37","619.03","71.807","60001.805","5506.446","8.895275","","","0.0","0.0","0.0","0.0","96.566","119.144","245.275","0.9912","90048851","3464552","49641.8","27000","2026-05-17T05:29:12.1212927+03:00","2026-05-17T05:59:26.0935571+03:00"
"01_apache_modwsgi__B_mixed__rep05","01_apache_modwsgi","B_mixed","5","2026-05-17T06:02:04.125+03:00","2026-05-17T06:32:18.992+03:00","1813.98","15","14.885","14.771","27001","207","0.007666","103.535","118.605","126.488","243.234","59911.247","576.956","75.338","60001.307","5265.095","9.125644","","","0.0","0.0","0.0","0.0","98.307","120.164","236.498","0.992","89907172","3465159","49563.5","27001","2026-05-17T06:02:04.4395765+03:00","2026-05-17T06:32:18.4192947+03:00"
"01_apache_modwsgi__B_mixed__rep06","01_apache_modwsgi","B_mixed","6","2026-05-17T06:34:57.033+03:00","2026-05-17T07:05:11.816+03:00","1813.87","15","14.885","14.769","27000","211","0.007815","104.139","118.517","124.785","211.45","59913.025","586.665","75.31","60001.487","5314.719","9.059202","","","0.0","0.0","0.0","0.0","97.73","119.929","206.744","0.9918","90789771","3465716","50053.1","27000","2026-05-17T06:34:57.35759+03:00","2026-05-17T07:05:11.2264532+03:00"
"01_apache_modwsgi__B_mixed__rep07","01_apache_modwsgi","B_mixed","7","2026-05-17T07:07:49.315+03:00","2026-05-17T07:38:04.272+03:00","1814.0","15","14.885","14.773","27001","202","0.007481","103.823","117.204","123.326","226.212","59911.788","564.292","70.701","60001.163","5191.057","9.19924","","","0.0","0.0","0.0","0.0","98.12","119.736","217.189","0.992","90010775","3464379","49620.0","27001","2026-05-17T07:07:49.6535602+03:00","2026-05-17T07:38:03.6567804+03:00"
"01_apache_modwsgi__B_mixed__rep08","01_apache_modwsgi","B_mixed","8","2026-05-17T07:40:41.763+03:00","2026-05-17T08:10:56.758+03:00","1814.14","15","14.884","14.77","27001","206","0.007629","102.689","113.191","117.118","237.113","59915.09","571.068","72.476","60004.311","5243.169","9.181332","","","0.0","0.0","0.0","0.0","96.027","111.49","217.582","0.992","90013721","3463379","49617.9","27001","2026-05-17T07:40:42.0494761+03:00","2026-05-17T08:10:56.186193+03:00"
"01_apache_modwsgi__B_mixed__rep09","01_apache_modwsgi","B_mixed","9","2026-05-17T08:13:34.425+03:00","2026-05-17T08:43:49.548+03:00","1814.27","15","14.879","14.746","26995","242","0.008965","103.814","118.405","124.687","1485.633","59914.287","655.458","74.759","60002.808","5664.064","8.64138","","","0.0","0.0","0.0","0.0","97.483","120.08","1401.003","0.9897","89843499","3463781","49520.6","26995","2026-05-17T08:13:34.7276777+03:00","2026-05-17T08:43:48.994135+03:00"
"01_apache_modwsgi__B_mixed__rep10","01_apache_modwsgi","B_mixed","10","2026-05-17T08:46:28.048+03:00","2026-05-17T09:16:42.895+03:00","1813.97","15","14.884","14.764","27000","218","0.008074","106.421","122.633","129.339","243.632","59911.781","603.905","72.685","60002.276","5397.349","8.937421","","","0.0","0.0","0.0","0.0","99.363","124.845","232.003","0.9916","89561791","3464140","49373.3","27000","2026-05-17T08:46:28.3607561+03:00","2026-05-17T09:16:42.3329025+03:00"
"01_apache_modwsgi__C_checkout__rep01","01_apache_modwsgi","C_checkout","1","2026-05-17T09:19:20.946+03:00","2026-05-17T09:49:37.722+03:00","1815.85","10","29.735","29.732","53994","6","0.000111","101.693","114.653","119.758","140.224","318.494","112.587","72.07","60000.851","707.07","6.280223","","","0.0","0.0","0.0","0.0","99.596","116.0","135.484","0.9996","176018876","7039305","96934.7","17998","2026-05-17T09:19:21.305861+03:00","2026-05-17T09:49:37.1564318+03:00"
"01_apache_modwsgi__C_checkout__rep02","01_apache_modwsgi","C_checkout","2","2026-05-17T09:52:16.647+03:00","2026-05-17T10:22:18.471+03:00","1800.98","10","29.984","29.984","54000","0","0.0","100.079","112.7","117.528","133.136","224.847","101.83","70.04","639.995","12.727","0.124981","","","0.0","0.0","0.0","0.0","97.879","113.924","128.712","0.9999","176058000","7039043","97757.0","18000","2026-05-17T09:52:16.9558414+03:00","2026-05-17T10:22:17.9312976+03:00"
"01_apache_modwsgi__C_checkout__rep03","01_apache_modwsgi","C_checkout","3","2026-05-17T10:24:57.530+03:00","2026-05-17T10:54:59.474+03:00","1801.1","10","29.983","29.983","54003","0","0.0","100.529","112.669","117.518","132.915","316.166","102.252","72.335","615.415","13.883","0.135773","","","0.0","0.0","0.0","0.0","98.389","113.943","129.338","0.9999","176067781","7039305","97755.7","18001","2026-05-17T10:24:57.8140814+03:00","2026-05-17T10:54:58.9143336+03:00"
"01_apache_modwsgi__C_checkout__rep04","01_apache_modwsgi","C_checkout","4","2026-05-17T10:57:38.260+03:00","2026-05-17T11:28:08.945+03:00","1829.79","10","28.567","26.329","52272","4095","0.07834","101.342","144.581","11839.331","59907.028","59915.958","2512.563","0","60002.096","10928.884","4.349695","","","0.0","91.7","0.0","0.0","99.019","11595.816","59906.457","0.9311","157272831","6527810","85951.5","17391","2026-05-17T10:57:38.5553219+03:00","2026-05-17T11:28:08.3414646+03:00"
"01_apache_modwsgi__C_checkout__rep05","01_apache_modwsgi","C_checkout","5","2026-05-17T11:30:50.233+03:00","2026-05-17T12:01:20.993+03:00","1829.82","10","29.367","28.668","53736","1278","0.023783","106.119","125.938","153.58","59900.488","59913.698","1629.403","74.829","60002.292","9217.317","5.656869","","","0.0","0.0","0.0","0.0","103.862","150.65","59900.06","0.9698","170810894","7013236","93348.7","17910","2026-05-17T11:30:50.5188041+03:00","2026-05-17T12:01:20.3345698+03:00"
"01_apache_modwsgi__C_checkout__rep06","01_apache_modwsgi","C_checkout","6","2026-05-17T12:04:03.950+03:00","2026-05-17T12:34:36.053+03:00","1829.64","10","29.261","28.295","53537","1767","0.033005","106.266","128.053","171.219","59904.28","59914.778","1704.036","0","60002.71","9426.132","5.531652","","","0.0","0.0","0.0","0.0","104.168","167.522","59904.112","0.9667","168839694","6934751","92280.5","17824","2026-05-17T12:04:04.4175718+03:00","2026-05-17T12:34:34.0529984+03:00"
"01_apache_modwsgi__C_checkout__rep07","01_apache_modwsgi","C_checkout","7","2026-05-17T12:37:23.445+03:00","2026-05-17T13:07:40.164+03:00","1815.53","10","28.519","28.387","51777","239","0.004616","105.588","125.197","138.936","288.813","59907.001","350.0","0","95198.253","3772.25","10.77785","","","0.0","0.0","0.0","0.0","103.99","137.36","281.751","0.9954","168032238","6743055","92552.9","17259","2026-05-17T12:37:24.0473779+03:00","2026-05-17T13:07:39.5745393+03:00"
"01_apache_modwsgi__C_checkout__rep08","01_apache_modwsgi","C_checkout","8","2026-05-17T13:10:20.534+03:00","2026-05-17T13:40:51.240+03:00","1829.79","10","29.147","28.365","53333","1431","0.026831","104.103","125.343","166.513","59898.394","59913.339","1266.197","0","60000.508","8035.908","6.346489","","","0.0","0.0","0.0","0.0","102.673","161.021","59897.519","0.9738","169215270","6917297","92478.1","17744","2026-05-17T13:10:20.8269741+03:00","2026-05-17T13:40:50.6142872+03:00"
"01_apache_modwsgi__C_checkout__rep09","01_apache_modwsgi","C_checkout","9","2026-05-17T13:43:33.148+03:00","2026-05-17T14:14:03.944+03:00","1829.74","10","28.963","24.57","52995","8038","0.151675","103.981","151.536","21434.866","59907.589","59915.342","2982.501","0","60001.105","12508.327","4.193906","","","0.0","88.515","0.0","0.0","102.039","20871.641","59907.371","0.9408","146519359","6206977","80076.6","17610","2026-05-17T13:43:33.5297301+03:00","2026-05-17T14:14:03.2693226+03:00"
"01_apache_modwsgi__C_checkout__rep10","01_apache_modwsgi","C_checkout","10","2026-05-17T14:16:47.070+03:00","2026-05-17T14:47:17.791+03:00","1829.81","10","29.453","29.021","53893","791","0.014677","101.518","120.359","132.659","59898.291","59914.541","1035.49","73.836","60001.213","7305.839","7.055441","","","0.0","0.0","0.0","0.0","100.118","129.994","59897.333","0.9813","173168314","7027958","94637.5","17961","2026-05-17T14:16:47.3838334+03:00","2026-05-17T14:47:17.1907526+03:00"
"01_apache_modwsgi__D_burst__rep01","01_apache_modwsgi","D_burst","1","2026-05-17T14:49:57.880+03:00","2026-05-17T15:20:11.424+03:00","1811.94","10","17.715","17.583","32099","239","0.007446","100.894","118.323","126.289","269.35","59911.573","573.25","74.765","60000.549","5216.108","9.099184","","","0.0","0.0","0.0","0.0","97.598","124.784","259.742","0.9917","147671100","4078478","81499.0","32099","2026-05-17T14:49:58.9701297+03:00","2026-05-17T15:20:10.9075952+03:00"
"01_apache_modwsgi__D_burst__rep02","01_apache_modwsgi","D_burst","2","2026-05-17T15:22:51.405+03:00","2026-05-17T15:53:04.636+03:00","1812.13","10","17.713","17.593","32099","219","0.006823","100.315","116.378","131.189","210.667","59914.051","532.612","75.102","60001.414","5024.775","9.434215","","","0.0","0.0","0.0","0.0","97.46","127.555","207.183","0.9926","147763800","4077462","81541.5","32099","2026-05-17T15:22:51.9011279+03:00","2026-05-17T15:53:04.0321127+03:00"
"01_apache_modwsgi__D_burst__rep03","01_apache_modwsgi","D_burst","3","2026-05-17T15:55:45.803+03:00","2026-05-17T16:25:58.098+03:00","1811.09","10","17.724","17.593","32099","237","0.007383","99.832","117.062","139.449","207.936","59912.104","555.884","75.448","60000.927","5156.418","9.276073","","","0.0","0.0","0.0","0.0","96.176","136.39","204.374","0.9922","147680370","4077716","81542.3","32099","2026-05-17T15:55:46.3812742+03:00","2026-05-17T16:25:57.4713876+03:00"
"01_apache_modwsgi__D_burst__rep04","01_apache_modwsgi","D_burst","4","2026-05-17T16:28:38.626+03:00","2026-05-17T16:58:52.910+03:00","1813.0","10","17.702","17.527","32094","317","0.009877","102.613","128.73","162.211","48405.986","59911.826","730.945","82.821","60001.265","5999.804","8.208279","","","0.0","0.0","0.0","0.0","100.583","157.99","48404.309","0.9884","147286395","4078224","81239.3","32094","2026-05-17T16:28:39.2756202+03:00","2026-05-17T16:58:52.2710991+03:00"
"01_apache_modwsgi__D_burst__rep05","01_apache_modwsgi","D_burst","5","2026-05-17T17:01:38.034+03:00","2026-05-17T17:31:51.209+03:00","1811.81","10","17.717","17.601","32099","210","0.006542","99.711","116.894","143.975","256.329","59923.147","523.737","73.654","60015.702","4956.712","9.464122","","","0.0","0.0","0.0","0.0","98.164","141.63","244.87","0.9925","147805515","4078732","81579.0","32099","2026-05-17T17:01:38.6803522+03:00","2026-05-17T17:31:50.4884946+03:00"
"01_apache_modwsgi__D_burst__rep06","01_apache_modwsgi","D_burst","6","2026-05-17T17:34:33.733+03:00","2026-05-17T18:04:47.137+03:00","1812.28","10","17.712","17.595","32099","212","0.006605","97.244","108.291","114.816","204.951","59918.78","510.78","74.67","60008.749","4924.17","9.640488","","","0.0","0.0","0.0","0.0","94.019","112.453","201.967","0.9931","147796245","4077208","81552.7","32099","2026-05-17T17:34:34.2900011+03:00","2026-05-17T18:04:46.5686817+03:00"
"01_apache_modwsgi__D_burst__rep07","01_apache_modwsgi","D_burst","7","2026-05-17T18:07:27.081+03:00","2026-05-17T18:37:39.445+03:00","1811.17","10","17.723","17.605","32099","213","0.006636","105.838","121.419","127.883","244.666","59913.768","525.863","83.589","60005.152","4956.23","9.424945","","","0.0","0.0","0.0","0.0","104.717","126.708","239.884","0.9928","147791610","4077716","81600.1","32099","2026-05-17T18:07:27.6496358+03:00","2026-05-17T18:37:38.8185017+03:00"
"01_apache_modwsgi__D_burst__rep08","01_apache_modwsgi","D_burst","8","2026-05-17T18:40:18.629+03:00","2026-05-17T19:10:33.662+03:00","1813.8","10","17.693","17.526","32091","302","0.009411","112.108","147.734","180.141","44357.222","59914.086","739.279","76.052","60003.108","5965.489","8.069337","","","0.0","0.0","0.0","0.0","108.686","175.942","44352.906","0.988","147342015","4081780","81233.9","32091","2026-05-17T18:40:19.1288474+03:00","2026-05-17T19:10:32.9279579+03:00"
"01_apache_modwsgi__D_burst__rep09","01_apache_modwsgi","D_burst","9","2026-05-17T19:13:16.358+03:00","2026-05-17T19:43:29.666+03:00","1811.72","10","17.717","17.597","32099","219","0.006823","103.284","131.359","160.203","218.815","59911.404","533.879","75.683","60001.786","4972.122","9.313197","","","0.0","0.0","0.0","0.0","100.92","156.259","208.702","0.9922","147763800","4077589","81560.2","32099","2026-05-17T19:13:17.4083044+03:00","2026-05-17T19:43:29.1239493+03:00"
"01_apache_modwsgi__D_burst__rep10","01_apache_modwsgi","D_burst","10","2026-05-17T19:46:11.177+03:00","2026-05-17T20:16:24.414+03:00","1812.1","10","17.714","17.586","32099","231","0.007196","109.991","136.41","145.871","747.385","59910.011","556.53","85.477","60001.936","5072.621","9.114723","","","0.0","0.0","0.0","0.0","109.013","143.879","327.385","0.9906","147708180","4077716","81512.2","32099","2026-05-17T19:46:11.7213783+03:00","2026-05-17T20:16:23.821237+03:00"
"02_nginx_uwsgi__A_browse__rep01","02_nginx_uwsgi","A_browse","1","2026-05-17T20:19:04.239+03:00","2026-05-17T20:49:05.450+03:00","1800.24","20","19.998","19.998","36001","0","0.0","109.972","138.293","148.018","289.62","1120.829","121.531","73.56","4105.595","82.93","0.682381","","","0.0","0.0","0.0","0.0","107.801","144.257","204.476","0.9958","147922275","4637612","82168.3","36001","2026-05-17T20:19:04.6718648+03:00","2026-05-17T20:49:04.9069356+03:00"
"02_nginx_uwsgi__A_browse__rep02","02_nginx_uwsgi","A_browse","2","2026-05-17T20:51:44.554+03:00","2026-05-17T21:21:45.274+03:00","1799.82","20","20.003","20.003","36001","0","0.0","111.332","139.984","148.04","379.212","1127.085","122.975","70.314","2060.863","80.681","0.65608","","","0.0","0.0","0.0","0.0","109.24","144.539","174.184","0.9953","147767501","4637533","82101.0","36001","2026-05-17T20:51:44.9067792+03:00","2026-05-17T21:21:44.7317243+03:00"
"02_nginx_uwsgi__A_browse__rep03","02_nginx_uwsgi","A_browse","3","2026-05-17T21:24:24.747+03:00","2026-05-17T21:54:25.677+03:00","1799.93","20","20.001","20.001","36001","0","0.0","111.636","139.985","150.694","482.606","1168.369","124.307","80.643","2738.988","87.713","0.705614","","","0.0","0.0","0.0","0.0","109.123","145.391","217.482","0.995","147945603","4637935","82195.0","36001","2026-05-17T21:24:25.034821+03:00","2026-05-17T21:54:24.9684393+03:00"
"02_nginx_uwsgi__A_browse__rep04","02_nginx_uwsgi","A_browse","4","2026-05-17T21:57:11.223+03:00","2026-05-17T22:27:12.226+03:00","1800.03","20","20.0","20.0","36001","0","0.0","119.411","154.694","223.229","941.447","1573.875","146.328","76.331","3311.635","137.623","0.940513","","","0.0","0.0","0.0","0.0","115.131","157.881","650.963","0.9871","148433214","4639161","82461.5","36001","2026-05-17T21:57:11.6023381+03:00","2026-05-17T22:27:11.6334103+03:00"
"02_nginx_uwsgi__A_browse__rep05","02_nginx_uwsgi","A_browse","5","2026-05-17T22:29:55.977+03:00","2026-05-17T22:59:57.287+03:00","1799.97","20","20.001","20.0","36001","2","5.6e-05","115.443","147.32","161.808","800.741","1230.292","134.875","76.781","60000.947","332.562","2.465704","","","0.0","0.0","0.0","0.0","111.08","151.461","282.017","0.9922","148134098","4639167","82298.2","36001","2026-05-17T22:29:56.3374511+03:00","2026-05-17T22:59:56.3048661+03:00"
"02_nginx_uwsgi__A_browse__rep06","02_nginx_uwsgi","A_browse","6","2026-05-17T23:02:44.472+03:00","2026-05-17T23:32:45.235+03:00","1799.89","20","20.001","20.001","36000","0","0.0","114.529","148.18","170.01","888.965","1476.897","136.793","75.508","3336.05","120.637","0.881893","","","0.0","0.0","0.0","0.0","110.731","152.828","496.019","0.9905","147847319","4637892","82142.5","36000","2026-05-17T23:02:44.7756299+03:00","2026-05-17T23:32:44.6632239+03:00"
"02_nginx_uwsgi__A_browse__rep07","02_nginx_uwsgi","A_browse","7","2026-05-17T23:35:29.802+03:00","2026-05-18T00:05:30.663+03:00","1799.88","20","20.001","20.0","36000","2","5.6e-05","114.75","147.663","172.707","911.999","1500.978","142.255","82.266","60001.14","464.03","3.26196","","","0.0","0.0","0.0","0.0","112.588","151.703","638.913","0.9891","146968891","4636207","81654.9","36000","2026-05-17T23:35:30.0898467+03:00","2026-05-18T00:05:29.9675614+03:00"
"02_nginx_uwsgi__A_browse__rep08","02_nginx_uwsgi","A_browse","8","2026-05-18T00:08:13.999+03:00","2026-05-18T00:38:14.729+03:00","1799.83","20","20.002","20.002","36000","0","0.0","112.502","143.758","155.949","879.388","1284.101","132.867","73.21","4291.423","117.598","0.885084","","","0.0","0.0","0.0","0.0","105.113","145.702","485.654","0.9907","147624974","4637517","82021.7","36000","2026-05-18T00:08:14.3307531+03:00","2026-05-18T00:38:14.1599193+03:00"
"02_nginx_uwsgi__A_browse__rep09","02_nginx_uwsgi","A_browse","9","2026-05-18T00:40:55.242+03:00","2026-05-18T01:10:55.991+03:00","1799.89","20","20.002","20.002","36001","0","0.0","109.811","129.06","137.227","173.294","634.339","113.072","71.801","1251.492","31.836","0.281553","","","0.0","0.0","0.0","0.0","101.978","130.856","156.254","0.9994","147857941","4637458","82148.5","36001","2026-05-18T00:40:55.5484657+03:00","2026-05-18T01:10:55.4341482+03:00"
"02_nginx_uwsgi__A_browse__rep10","02_nginx_uwsgi","A_browse","10","2026-05-18T01:13:35.279+03:00","2026-05-18T01:43:36.067+03:00","1799.87","20","20.002","20.002","36001","0","0.0","108.426","122.951","127.763","139.372","240.873","109.423","68.9","640.404","14.448","0.132036","","","0.0","0.0","0.0","0.0","101.658","120.905","133.171","0.9999","148436422","4638581","82470.8","36001","2026-05-18T01:13:35.632746+03:00","2026-05-18T01:43:35.5002035+03:00"
"02_nginx_uwsgi__B_mixed__rep01","02_nginx_uwsgi","B_mixed","1","2026-05-18T01:46:14.901+03:00","2026-05-18T02:16:15.727+03:00","1799.89","15","15.001","15.001","27000","0","0.0","105.432","119.655","124.14","170.894","413.094","108.048","71.003","1722.232","34.428","0.318635","","","0.0","0.0","0.0","0.0","98.68","118.598","159.349","0.9996","90562029","3462777","50315.3","27000","2026-05-18T01:46:15.2736356+03:00","2026-05-18T02:16:15.1649814+03:00"
"02_nginx_uwsgi__B_mixed__rep02","02_nginx_uwsgi","B_mixed","2","2026-05-18T02:18:52.887+03:00","2026-05-18T02:48:53.640+03:00","1799.87","15","15.001","15.001","27000","0","0.0","101.581","113.252","117.085","126.439","228.201","102.423","73.599","610.934","12.698","0.123975","","","0.0","0.0","0.0","0.0","95.007","111.92","122.8","0.9999","90477557","3463296","50269.1","27000","2026-05-18T02:18:53.2164737+03:00","2026-05-18T02:48:53.0824191+03:00"
"02_nginx_uwsgi__B_mixed__rep03","02_nginx_uwsgi","B_mixed","3","2026-05-18T02:51:30.740+03:00","2026-05-18T03:21:31.432+03:00","1799.85","15","15.001","15.001","27000","0","0.0","101.765","114.49","118.451","127.351","243.804","102.812","73.378","601.623","12.225","0.118906","","","0.0","0.0","0.0","0.0","95.317","112.761","124.221","1.0","90238087","3463779","50136.5","27000","2026-05-18T02:51:31.0617152+03:00","2026-05-18T03:21:30.9086775+03:00"
"02_nginx_uwsgi__B_mixed__rep04","02_nginx_uwsgi","B_mixed","4","2026-05-18T03:24:09.209+03:00","2026-05-18T03:54:09.885+03:00","1799.84","15","15.001","15.001","27000","0","0.0","103.07","115.459","119.539","129.241","252.73","104.076","72.344","620.411","13.786","0.13246","","","0.0","0.0","0.0","0.0","96.697","113.806","126.801","0.9999","90429211","3464033","50242.9","27000","2026-05-18T03:24:09.5130841+03:00","2026-05-18T03:54:09.3539926+03:00"
"02_nginx_uwsgi__B_mixed__rep05","02_nginx_uwsgi","B_mixed","5","2026-05-18T03:56:47.312+03:00","2026-05-18T04:26:48.049+03:00","1799.89","15","15.001","15.001","27001","0","0.0","99.003","109.295","112.262","120.474","243.919","99.683","71.065","611.906","11.759","0.117962","","","0.0","0.0","0.0","0.0","92.262","108.435","115.09","0.9999","90868260","3464323","50485.4","27001","2026-05-18T03:56:47.611247+03:00","2026-05-18T04:26:47.5029917+03:00"
"02_nginx_uwsgi__B_mixed__rep06","02_nginx_uwsgi","B_mixed","6","2026-05-18T04:29:25.384+03:00","2026-05-18T04:59:26.090+03:00","1799.86","15","15.001","15.001","27000","0","0.0","99.321","108.896","111.895","118.803","172.939","99.68","72.364","600.208","9.771","0.098028","","","0.0","0.0","0.0","0.0","94.359","107.809","113.898","0.9999","91117049","3465738","50624.6","27000","2026-05-18T04:29:25.6783001+03:00","2026-05-18T04:59:25.5340422+03:00"
"02_nginx_uwsgi__B_mixed__rep07","02_nginx_uwsgi","B_mixed","7","2026-05-18T05:02:03.612+03:00","2026-05-18T05:32:04.341+03:00","1799.87","15","15.002","15.002","27001","0","0.0","103.546","114.066","117.562","123.917","182.067","104.142","74.054","608.081","11.161","0.107171","","","0.0","0.0","0.0","0.0","97.134","112.348","120.016","0.9999","90651936","3464652","50365.9","27001","2026-05-18T05:02:03.9486746+03:00","2026-05-18T05:32:03.8151788+03:00"
"02_nginx_uwsgi__B_mixed__rep08","02_nginx_uwsgi","B_mixed","8","2026-05-18T05:34:41.758+03:00","2026-05-18T06:04:42.468+03:00","1799.88","15","15.002","15.002","27001","0","0.0","106.866","120.023","124.522","135.606","280.55","107.695","72.217","650.183","15.006","0.139341","","","0.0","0.0","0.0","0.0","100.867","120.176","133.883","0.9999","91098895","3464436","50613.9","27001","2026-05-18T05:34:42.0557483+03:00","2026-05-18T06:04:41.9353714+03:00"
"02_nginx_uwsgi__B_mixed__rep09","02_nginx_uwsgi","B_mixed","9","2026-05-18T06:07:20.312+03:00","2026-05-18T06:37:21.038+03:00","1799.8","15","15.002","15.002","27000","0","0.0","106.337","120.356","124.532","135.444","236.788","107.14","70.286","627.068","14.766","0.137819","","","0.0","0.0","0.0","0.0","99.744","119.734","133.917","0.9999","90885728","3465302","50497.7","27000","2026-05-18T06:07:20.6563286+03:00","2026-05-18T06:37:20.4567935+03:00"
"02_nginx_uwsgi__B_mixed__rep10","02_nginx_uwsgi","B_mixed","10","2026-05-18T06:39:58.700+03:00","2026-05-18T07:09:59.456+03:00","1799.85","15","15.002","15.002","27001","0","0.0","100.502","112.435","115.995","123.243","243.644","101.29","70.144","602.762","13.099","0.129324","","","0.0","0.0","0.0","0.0","93.845","110.353","118.988","0.9999","91067017","3464334","50597.1","27001","2026-05-18T06:39:59.0573757+03:00","2026-05-18T07:09:58.9050442+03:00"
"02_nginx_uwsgi__C_checkout__rep01","02_nginx_uwsgi","C_checkout","1","2026-05-18T07:12:36.799+03:00","2026-05-18T07:42:38.755+03:00","1801.07","10","29.984","29.984","54003","0","0.0","97.579","106.795","110.217","117.595","199.686","98.415","68.301","627.674","10.765","0.109388","","","0.0","0.0","0.0","0.0","95.461","106.893","114.171","0.9999","176733818","7039692","98127.1","18001","2026-05-18T07:12:37.1489636+03:00","2026-05-18T07:42:38.218563+03:00"
"02_nginx_uwsgi__C_checkout__rep02","02_nginx_uwsgi","C_checkout","2","2026-05-18T07:45:18.356+03:00","2026-05-18T08:15:20.174+03:00","1800.96","10","29.984","29.984","54000","0","0.0","97.699","106.45","109.675","116.585","304.396","98.475","68.75","612.019","12.384","0.125753","","","0.0","0.0","0.0","0.0","95.565","106.588","113.108","0.9999","176724000","7039173","98127.7","18000","2026-05-18T07:45:18.6861214+03:00","2026-05-18T08:15:19.6447513+03:00"
"02_nginx_uwsgi__C_checkout__rep03","02_nginx_uwsgi","C_checkout","3","2026-05-18T08:17:58.764+03:00","2026-05-18T08:48:00.609+03:00","1801.03","10","29.983","29.983","54000","0","0.0","98.107","107.538","110.964","118.723","309.632","99.106","70.232","616.392","12.309","0.124195","","","0.0","0.0","0.0","0.0","96.202","107.744","115.058","0.9999","176724000","7039173","98123.8","18000","2026-05-18T08:17:59.0505672+03:00","2026-05-18T08:48:00.0818345+03:00"
"02_nginx_uwsgi__C_checkout__rep04","02_nginx_uwsgi","C_checkout","4","2026-05-18T08:50:39.032+03:00","2026-05-18T09:20:40.957+03:00","1801.07","10","29.984","29.983","54003","1","1.9e-05","96.928","106.098","109.31","116.093","182.753","98.651","68.155","60001.374","257.975","2.615025","","","0.0","0.0","0.0","0.0","94.126","106.271","112.989","0.9999","176733556","7039306","98126.9","18001","2026-05-18T08:50:39.3380958+03:00","2026-05-18T09:20:40.4098173+03:00"
"02_nginx_uwsgi__C_checkout__rep05","02_nginx_uwsgi","C_checkout","5","2026-05-18T09:23:19.417+03:00","2026-05-18T09:53:21.248+03:00","1801.0","10","29.983","29.983","54000","0","0.0","98.833","109.331","112.914","122.468","299.583","99.887","67.8","635.514","12.899","0.129136","","","0.0","0.0","0.0","0.0","96.393","109.446","117.924","0.9999","176724000","7039173","98125.7","18000","2026-05-18T09:23:19.6976887+03:00","2026-05-18T09:53:20.6940439+03:00"
"02_nginx_uwsgi__C_checkout__rep06","02_nginx_uwsgi","C_checkout","6","2026-05-18T09:55:59.907+03:00","2026-05-18T10:26:01.875+03:00","1801.08","10","29.982","29.982","54000","0","0.0","98.319","108.979","112.688","122.428","319.671","99.852","67.379","1338.081","20.51","0.205404","","","0.0","0.0","0.0","0.0","95.72","109.384","118.228","0.9997","176724000","7039302","98120.9","18000","2026-05-18T09:56:00.2270573+03:00","2026-05-18T10:26:01.3111373+03:00"
"02_nginx_uwsgi__C_checkout__rep07","02_nginx_uwsgi","C_checkout","7","2026-05-18T10:28:40.648+03:00","2026-05-18T10:58:42.603+03:00","1801.09","10","29.962","29.962","53964","0","0.0","100.008","111.221","115.181","127.292","907.428","103.855","68.781","5612.43","78.683","0.757618","","","0.0","0.0","0.0","0.0","97.371","111.416","123.209","0.9987","176606184","7034741","98055.3","17988","2026-05-18T10:28:40.9504271+03:00","2026-05-18T10:58:42.0376491+03:00"
"02_nginx_uwsgi__C_checkout__rep08","02_nginx_uwsgi","C_checkout","8","2026-05-18T11:01:21.627+03:00","2026-05-18T11:31:23.605+03:00","1801.14","10","29.983","29.983","54003","0","0.0","103.279","116.093","121.003","140.876","318.706","105.087","69.367","1523.736","21.67","0.206205","","","0.0","0.0","0.0","0.0","100.522","117.094","136.012","0.9998","176733818","7039564","98123.1","18001","2026-05-18T11:01:21.9263671+03:00","2026-05-18T11:31:23.0704264+03:00"
"02_nginx_uwsgi__C_checkout__rep09","02_nginx_uwsgi","C_checkout","9","2026-05-18T11:34:03.859+03:00","2026-05-18T12:04:05.967+03:00","1800.98","10","29.767","29.767","53610","0","0.0","102.713","116.416","123.84","1889.005","10479.543","167.003","69.409","35067.269","781.792","4.681311","","","0.0","0.0","0.0","0.0","100.444","120.356","1754.298","0.9889","175447660","6988214","97418.1","17870","2026-05-18T11:34:04.3464739+03:00","2026-05-18T12:04:05.3228657+03:00"
"02_nginx_uwsgi__C_checkout__rep10","02_nginx_uwsgi","C_checkout","10","2026-05-18T12:06:47.326+03:00","2026-05-18T12:36:49.539+03:00","1801.14","10","29.691","29.691","53478","1","1.9e-05","101.376","119.262","208.947","4868.533","16730.471","248.709","72.615","60000.876","1177.714","4.735317","","","0.0","0.0","0.0","0.0","99.895","197.692","4708.152","0.971","175013750","6970619","97168.4","17826","2026-05-18T12:06:47.753234+03:00","2026-05-18T12:36:48.8926389+03:00"
"02_nginx_uwsgi__D_burst__rep01","02_nginx_uwsgi","D_burst","1","2026-05-18T12:39:33.254+03:00","2026-05-18T13:09:34.036+03:00","1799.55","10","17.059","17.044","30699","27","0.00088","103.839","284.31","2634.559","11085.896","44907.202","670.524","0","60001.255","3429.33","5.114401","","","0.0","0.0","0.0","0.0","102.488","2456.213","7692.327","0.9264","142405704","3899281","79133.9","30699","2026-05-18T12:39:33.8941539+03:00","2026-05-18T13:09:33.4473819+03:00"
"02_nginx_uwsgi__D_burst__rep02","02_nginx_uwsgi","D_burst","2","2026-05-18T13:12:12.619+03:00","2026-05-18T13:42:13.537+03:00","1799.43","10","17.838","17.838","32099","0","0.0","103.888","129.321","135.518","148.068","790.854","109.215","74.916","1422.072","33.933","0.310702","","","0.0","0.0","0.0","0.0","100.691","130.809","142.903","0.999","149003558","4077589","82805.9","32099","2026-05-18T13:12:13.5264492+03:00","2026-05-18T13:42:12.9571912+03:00"
"02_nginx_uwsgi__D_burst__rep03","02_nginx_uwsgi","D_burst","3","2026-05-18T13:44:51.576+03:00","2026-05-18T14:14:52.415+03:00","1799.56","10","17.837","17.837","32099","0","0.0","105.229","126.205","133.042","157.576","325.435","109.342","75.946","1090.968","26.012","0.237894","","","0.0","0.0","0.0","0.0","100.957","127.659","149.679","0.9995","149003558","4077462","82799.8","32099","2026-05-18T13:44:52.2626571+03:00","2026-05-18T14:14:51.8270649+03:00"
"02_nginx_uwsgi__D_burst__rep04","02_nginx_uwsgi","D_burst","4","2026-05-18T14:17:31.241+03:00","2026-05-18T14:47:32.064+03:00","1799.51","10","17.599","17.599","31669","0","0.0","111.279","135.705","150.09","3552.759","13388.172","225.423","82.824","28623.276","1038.587","4.607284","","","0.0","0.0","0.0","0.0","109.779","146.572","3276.073","0.981","147007498","4022725","81692.9","31669","2026-05-18T14:17:31.8116811+03:00","2026-05-18T14:47:31.3254733+03:00"
"02_nginx_uwsgi__D_burst__rep05","02_nginx_uwsgi","D_burst","5","2026-05-18T14:50:14.412+03:00","2026-05-18T15:20:15.147+03:00","1799.56","10","17.814","17.814","32058","0","0.0","106.028","140.456","183.034","303.609","2247.921","123.023","76.49","3679.281","121.361","0.986488","","","0.0","0.0","0.0","0.0","102.725","179.055","273.54","0.9956","148813236","4072128","82694.0","32058","2026-05-18T14:50:14.9593934+03:00","2026-05-18T15:20:14.5237793+03:00"
"02_nginx_uwsgi__D_burst__rep06","02_nginx_uwsgi","D_burst","6","2026-05-18T15:22:56.391+03:00","2026-05-18T15:52:57.250+03:00","1799.58","10","17.775","17.775","31987","0","0.0","104.453","136.75","180.79","392.643","3773.816","127.017","79.533","19465.248","238.306","1.87617","","","0.0","0.0","0.0","0.0","101.223","176.797","330.877","0.9947","148483654","4063238","82510.0","31987","2026-05-18T15:22:56.9250054+03:00","2026-05-18T15:52:56.5088537+03:00"
"02_nginx_uwsgi__D_burst__rep07","02_nginx_uwsgi","D_burst","7","2026-05-18T15:55:38.794+03:00","2026-05-18T16:25:39.512+03:00","1799.52","10","17.837","17.837","32099","0","0.0","99.633","111.041","116.813","203.58","315.569","103.046","80.337","631.171","20.475","0.198698","","","0.0","0.0","0.0","0.0","97.689","114.439","200.798","0.9999","149003558","4077462","82801.7","32099","2026-05-18T15:55:39.4296309+03:00","2026-05-18T16:25:38.9532821+03:00"
"02_nginx_uwsgi__D_burst__rep08","02_nginx_uwsgi","D_burst","8","2026-05-18T16:28:17.153+03:00","2026-05-18T16:58:17.790+03:00","1799.58","10","17.837","17.837","32099","0","0.0","96.985","107.347","111.329","119.942","216.464","98.556","82.956","608.547","11.589","0.117585","","","0.0","0.0","0.0","0.0","95.929","109.993","118.207","0.9999","149003558","4077462","82799.1","32099","2026-05-18T16:28:17.6562205+03:00","2026-05-18T16:58:17.2365678+03:00"
"02_nginx_uwsgi__D_burst__rep09","02_nginx_uwsgi","D_burst","9","2026-05-18T17:00:56.061+03:00","2026-05-18T17:30:56.886+03:00","1799.72","10","17.836","17.836","32100","0","0.0","102.599","115.943","120.334","138.28","293.138","104.508","76.858","626.049","15.983","0.152933","","","0.0","0.0","0.0","0.0","101.775","119.332","136.502","0.9999","149008200","4077716","82795.2","32100","2026-05-18T17:00:56.579119+03:00","2026-05-18T17:30:56.2991817+03:00"
"02_nginx_uwsgi__D_burst__rep10","02_nginx_uwsgi","D_burst","10","2026-05-18T17:33:35.949+03:00","2026-05-18T18:03:36.637+03:00","1799.57","10","17.837","17.837","32099","0","0.0","104.432","116.962","120.937","130.124","229.613","105.464","78.348","633.82","13.53","0.128289","","","0.0","0.0","0.0","0.0","103.258","119.952","128.982","0.9999","149003558","4077589","82799.5","32099","2026-05-18T17:33:36.4542953+03:00","2026-05-18T18:03:36.0243264+03:00"
"03_django_gunicorn__A_browse__rep01","03_django_gunicorn","A_browse","1","2026-05-18T18:06:15.310+03:00","2026-05-18T18:36:16.200+03:00","1799.86","20","20.002","20.002","36001","0","0.0","107.122","120.569","125.1","136.144","278.384","107.965","74.866","624.037","14.545","0.134724","","","0.0","0.0","0.0","0.0","104.066","122.861","134.348","0.9999","147435065","4638572","81914.9","36001","2026-05-18T18:06:15.7682428+03:00","2026-05-18T18:36:15.6245034+03:00"
"03_django_gunicorn__A_browse__rep02","03_django_gunicorn","A_browse","2","2026-05-18T18:38:55.200+03:00","2026-05-18T19:08:56.155+03:00","1799.87","20","20.002","20.002","36001","0","0.0","108.598","126.025","133.42","157.402","359.803","111.009","69.097","994.75","22.826","0.205625","","","0.0","0.0","0.0","0.0","101.711","127.488","151.435","0.9997","147619033","4638208","82016.7","36001","2026-05-18T18:38:55.7221564+03:00","2026-05-18T19:08:55.5873136+03:00"
"03_django_gunicorn__A_browse__rep03","03_django_gunicorn","A_browse","3","2026-05-18T19:11:34.841+03:00","2026-05-18T19:41:35.553+03:00","1799.79","20","20.002","20.002","36000","0","0.0","107.513","124.778","131.394","151.774","615.014","110.372","69.319","1107.768","27.635","0.250383","","","0.0","0.0","0.0","0.0","101.512","126.797","147.829","0.9993","147347241","4641536","81869.4","36000","2026-05-18T19:11:35.1972173+03:00","2026-05-18T19:41:34.9822969+03:00"
"03_django_gunicorn__A_browse__rep04","03_django_gunicorn","A_browse","4","2026-05-18T19:44:14.670+03:00","2026-05-18T20:14:15.793+03:00","1799.86","20","20.001","20.001","35999","0","0.0","111.184","139.533","148.243","480.873","1447.382","124.112","69.797","2665.679","94.623","0.762401","","","0.0","0.0","0.0","0.0","107.221","143.737","254.065","0.9949","147425593","4638872","81909.5","35999","2026-05-18T19:44:15.0003413+03:00","2026-05-18T20:14:14.8596954+03:00"
"03_django_gunicorn__A_browse__rep05","03_django_gunicorn","A_browse","5","2026-05-18T20:16:58.260+03:00","2026-05-18T20:47:29.340+03:00","1829.83","20","19.671","19.671","35994","0","0.0","112.004","140.744","150.421","783.899","1861.159","129.2","70.888","3944.92","124.775","0.965752","","","0.0","0.0","0.0","0.0","108.18","144.955","275.384","0.9928","147803197","4639609","80774.3","35994","2026-05-18T20:16:58.587294+03:00","2026-05-18T20:47:28.4166433+03:00"
"03_django_gunicorn__A_browse__rep06","03_django_gunicorn","A_browse","6","2026-05-18T20:50:12.637+03:00","2026-05-18T21:20:13.579+03:00","1799.84","20","19.337","19.306","34804","57","0.001638","109.973","147.357","922.785","10054.944","60001.568","464.523","74.936","60004.167","2831.076","6.09459","","","0.0","0.0","0.0","0.0","106.106","519.382","5123.918","0.9531","142326166","4552569","79077.3","34804","2026-05-18T20:50:13.0301148+03:00","2026-05-18T21:20:12.8661777+03:00"
"03_django_gunicorn__A_browse__rep07","03_django_gunicorn","A_browse","7","2026-05-18T21:22:55.256+03:00","2026-05-18T21:52:56.088+03:00","1799.93","20","20.001","20.0","36000","2","5.6e-05","109.196","138.673","148.97","516.339","1312.194","125.901","68.547","60002.106","455.999","3.621873","","","0.0","0.0","0.0","0.0","105.573","144.29","259.6","0.9948","148180532","4639700","82325.9","36000","2026-05-18T21:22:55.6046319+03:00","2026-05-18T21:52:55.5317125+03:00"
"03_django_gunicorn__A_browse__rep08","03_django_gunicorn","A_browse","8","2026-05-18T21:55:38.365+03:00","2026-05-18T22:25:39.164+03:00","1799.88","20","20.002","20.001","36001","2","5.6e-05","112.669","143.883","159.265","789.258","1731.078","133.718","73.531","60001.063","462.394","3.457986","","","0.0","0.0","0.0","0.0","111.021","152.637","280.702","0.993","147194279","4638760","81779.8","36001","2026-05-18T21:55:38.7110651+03:00","2026-05-18T22:25:38.5955858+03:00"
"03_django_gunicorn__A_browse__rep09","03_django_gunicorn","A_browse","9","2026-05-18T22:28:20.294+03:00","2026-05-18T22:58:21.143+03:00","1799.92","20","20.001","20.001","36001","1","2.8e-05","115.148","147.686","162.436","914.332","1736.531","139.18","82.517","60000.894","352.031","2.529326","","","0.0","0.0","0.0","0.0","113.815","154.006","487.306","0.9906","147517683","4641657","81958.0","36001","2026-05-18T22:28:20.5900056+03:00","2026-05-18T22:58:20.5074426+03:00"
"03_django_gunicorn__A_browse__rep10","03_django_gunicorn","A_browse","10","2026-05-18T23:01:01.831+03:00","2026-05-18T23:31:02.632+03:00","1799.88","20","20.002","20.001","36001","2","5.6e-05","113.183","143.405","155.945","798.012","1665.07","133.551","73.378","60001.277","462.154","3.460503","","","0.0","0.0","0.0","0.0","111.178","150.835","278.244","0.993","147281536","4638551","81828.7","36001","2026-05-18T23:01:02.1783078+03:00","2026-05-18T23:31:02.0555897+03:00"
"03_django_gunicorn__B_mixed__rep01","03_django_gunicorn","B_mixed","1","2026-05-18T23:33:49.469+03:00","2026-05-19T00:03:50.319+03:00","1799.82","15","15.002","15.0","27000","2","7.4e-05","117.834","154.333","190.565","964.134","1941.493","150.097","79.147","60001.522","539.866","3.596774","","","0.0","0.0","0.0","0.0","115.348","165.293","648.23","0.9879","90941359","3466174","50528.1","27000","2026-05-18T23:33:49.8220515+03:00","2026-05-19T00:03:49.6409981+03:00"
"03_django_gunicorn__B_mixed__rep02","03_django_gunicorn","B_mixed","2","2026-05-19T00:06:33.665+03:00","2026-05-19T00:36:34.571+03:00","1799.84","15","15.001","15.001","27000","1","3.7e-05","116.992","150.966","170.58","934.109","1774.82","142.0","81.552","60000.435","397.997","2.802794","","","0.0","0.0","0.0","0.0","114.38","160.673","519.212","0.9905","91292215","3466064","50722.4","27000","2026-05-19T00:06:33.9974598+03:00","2026-05-19T00:36:33.8369226+03:00"
"03_django_gunicorn__B_mixed__rep03","03_django_gunicorn","B_mixed","3","2026-05-19T00:39:16.655+03:00","2026-05-19T01:09:17.359+03:00","1799.8","15","15.002","15.001","27000","2","7.4e-05","113.396","140.969","151.615","261.355","1008.053","125.749","76.799","60001.25","518.91","4.126552","","","0.0","0.0","0.0","0.0","107.709","146.424","228.05","0.9974","90662519","3465845","50373.7","27000","2026-05-19T00:39:17.0110788+03:00","2026-05-19T01:09:16.8107987+03:00"
"03_django_gunicorn__B_mixed__rep04","03_django_gunicorn","B_mixed","4","2026-05-19T01:11:55.920+03:00","2026-05-19T01:41:56.804+03:00","1799.81","15","15.002","15.002","27000","0","0.0","106.447","122.163","128.358","154.561","306.293","108.547","70.623","649.23","18.305","0.168632","","","0.0","0.0","0.0","0.0","99.511","124.607","144.874","0.9999","90679615","3466281","50382.8","27000","2026-05-19T01:11:56.434979+03:00","2026-05-19T01:41:56.2475738+03:00"
"03_django_gunicorn__B_mixed__rep05","03_django_gunicorn","B_mixed","5","2026-05-19T01:44:35.452+03:00","2026-05-19T02:14:36.151+03:00","1799.82","15","15.002","15.002","27000","0","0.0","107.151","121.677","127.162","144.907","296.6","108.787","74.966","627.654","16.77","0.154157","","","0.0","0.0","0.0","0.0","100.519","122.882","139.408","0.9999","90573928","3464128","50324.0","27000","2026-05-19T01:44:35.7812866+03:00","2026-05-19T02:14:35.5983692+03:00"
"03_django_gunicorn__B_mixed__rep06","03_django_gunicorn","B_mixed","6","2026-05-19T02:17:15.269+03:00","2026-05-19T02:47:16.037+03:00","1799.9","15","15.001","15.001","27001","0","0.0","107.581","121.12","125.022","138.67","306.686","109.097","75.431","643.146","16.167","0.14819","","","0.0","0.0","0.0","0.0","101.557","120.432","134.599","0.9998","91032100","3466600","50576.1","27001","2026-05-19T02:17:15.5922459+03:00","2026-05-19T02:47:15.4970356+03:00"
"03_django_gunicorn__B_mixed__rep07","03_django_gunicorn","B_mixed","7","2026-05-19T02:49:54.097+03:00","2026-05-19T03:19:54.861+03:00","1799.91","15","15.001","15.001","27001","0","0.0","106.905","119.539","123.519","134.493","256.661","108.227","76.917","630.367","14.224","0.131426","","","0.0","0.0","0.0","0.0","102.641","120.443","133.426","0.9999","91058963","3465545","50591.0","27001","2026-05-19T02:49:54.4059021+03:00","2026-05-19T03:19:54.3119645+03:00"
"03_django_gunicorn__B_mixed__rep08","03_django_gunicorn","B_mixed","8","2026-05-19T03:22:32.740+03:00","2026-05-19T03:52:33.487+03:00","1799.88","15","15.002","15.002","27001","0","0.0","104.772","117.382","122.189","136.642","278.537","106.137","73.424","638.177","14.886","0.140252","","","0.0","0.0","0.0","0.0","98.417","117.169","134.297","0.9999","90604886","3464839","50339.4","27001","2026-05-19T03:22:33.0497989+03:00","2026-05-19T03:52:32.9302735+03:00"
"03_django_gunicorn__B_mixed__rep09","03_django_gunicorn","B_mixed","9","2026-05-19T03:55:11.362+03:00","2026-05-19T04:25:12.129+03:00","1799.9","15","15.001","15.001","27001","0","0.0","105.806","116.335","120.511","129.491","294.706","107.176","77.242","642.796","14.689","0.137056","","","0.0","0.0","0.0","0.0","99.926","114.981","126.275","0.9998","90752256","3467522","50420.7","27001","2026-05-19T03:55:11.6725859+03:00","2026-05-19T04:25:11.5746582+03:00"
"03_django_gunicorn__B_mixed__rep10","03_django_gunicorn","B_mixed","10","2026-05-19T04:27:49.842+03:00","2026-05-19T04:57:50.537+03:00","1799.81","15","15.002","15.002","27000","0","0.0","103.64","116.964","121.676","136.519","242.035","105.004","72.282","726.171","15.165","0.144425","","","0.0","0.0","0.0","0.0","97.145","116.051","134.215","0.9999","90210508","3464146","50122.1","27000","2026-05-19T04:27:50.1675009+03:00","2026-05-19T04:57:49.9808479+03:00"
"03_django_gunicorn__C_checkout__rep01","03_django_gunicorn","C_checkout","1","2026-05-19T05:00:28.587+03:00","2026-05-19T05:30:30.572+03:00","1801.09","10","29.983","29.983","54003","0","0.0","100.022","112.84","117.898","137.237","273.977","101.822","70.978","694.749","15.394","0.151186","","","0.0","0.0","0.0","0.0","98.022","114.515","132.467","0.9999","176463738","7045688","97975.9","18001","2026-05-19T05:00:28.9469307+03:00","2026-05-19T05:30:30.0400289+03:00"
"03_django_gunicorn__C_checkout__rep02","03_django_gunicorn","C_checkout","2","2026-05-19T05:33:09.382+03:00","2026-05-19T06:03:11.362+03:00","1801.03","10","29.983","29.983","54000","0","0.0","101.549","112.092","115.387","130.574","320.01","103.424","69.406","655.795","18.496","0.178841","","","0.0","0.0","0.0","0.0","99.914","112.809","126.875","0.9998","176453945","7042040","97973.8","18000","2026-05-19T05:33:09.7711086+03:00","2026-05-19T06:03:10.8022257+03:00"
"03_django_gunicorn__C_checkout__rep03","03_django_gunicorn","C_checkout","3","2026-05-19T06:05:50.178+03:00","2026-05-19T06:35:52.135+03:00","1801.03","10","29.984","29.984","54003","0","0.0","103.691","116.358","121.206","132.976","282.761","105.274","75.398","691.612","14.732","0.139944","","","0.0","0.0","0.0","0.0","101.093","117.798","128.911","0.9999","176463753","7045037","97979.2","18001","2026-05-19T06:05:50.5364704+03:00","2026-05-19T06:35:51.5693149+03:00"
"03_django_gunicorn__C_checkout__rep04","03_django_gunicorn","C_checkout","4","2026-05-19T06:38:31.226+03:00","2026-05-19T07:08:33.155+03:00","1801.05","10","29.984","29.984","54003","0","0.0","100.363","113.25","118.254","135.299","317.961","102.186","69.735","639.012","16.737","0.163791","","","0.0","0.0","0.0","0.0","98.286","114.788","129.957","0.9999","176463743","7046730","97978.2","18001","2026-05-19T06:38:31.5568921+03:00","2026-05-19T07:08:32.6072252+03:00"
"03_django_gunicorn__C_checkout__rep05","03_django_gunicorn","C_checkout","5","2026-05-19T07:11:12.362+03:00","2026-05-19T07:41:14.275+03:00","1801.05","10","29.984","29.984","54003","0","0.0","100.434","111.696","115.865","130.555","323.4","102.297","68.459","734.831","18.855","0.184315","","","0.0","0.0","0.0","0.0","98.479","112.746","125.331","0.9998","176463748","7046470","97978.1","18001","2026-05-19T07:11:12.675718+03:00","2026-05-19T07:41:13.7292256+03:00"
"03_django_gunicorn__C_checkout__rep06","03_django_gunicorn","C_checkout","6","2026-05-19T07:43:53.041+03:00","2026-05-19T08:13:54.993+03:00","1801.06","10","29.981","29.981","53997","0","0.0","98.485","111.544","116.55","133.819","326.987","100.682","65.956","1337.74","25.812","0.256371","","","0.0","0.0","0.0","0.0","96.112","113.128","128.599","0.9997","176444147","7043343","97966.8","17999","2026-05-19T07:43:53.4055262+03:00","2026-05-19T08:13:54.4663076+03:00"
"03_django_gunicorn__C_checkout__rep07","03_django_gunicorn","C_checkout","7","2026-05-19T08:16:34.405+03:00","2026-05-19T08:46:36.395+03:00","1801.09","10","29.983","29.983","54003","0","0.0","101.693","115.517","121.091","141.135","300.269","103.876","70.6","654.535","16.905","0.162744","","","0.0","0.0","0.0","0.0","99.79","117.527","135.368","0.9998","176463738","7048553","97975.8","18001","2026-05-19T08:16:34.7342875+03:00","2026-05-19T08:46:35.8290648+03:00"
"03_django_gunicorn__C_checkout__rep08","03_django_gunicorn","C_checkout","8","2026-05-19T08:49:15.482+03:00","2026-05-19T09:19:17.482+03:00","1801.1","10","29.983","29.983","54003","0","0.0","101.478","113.998","118.708","132.908","318.375","103.31","70.138","865.436","17.216","0.16664","","","0.0","0.0","0.0","0.0","99.229","114.757","127.834","0.9998","176463748","7045168","97975.7","18001","2026-05-19T08:49:15.8040639+03:00","2026-05-19T09:19:16.901434+03:00"
"03_django_gunicorn__C_checkout__rep09","03_django_gunicorn","C_checkout","9","2026-05-19T09:21:57.222+03:00","2026-05-19T09:51:59.191+03:00","1801.07","10","29.984","29.984","54003","0","0.0","103.545","116.558","121.385","140.151","318.953","105.573","69.378","638.285","17.676","0.167432","","","0.0","0.0","0.0","0.0","100.74","117.625","134.068","0.9999","176463743","7046601","97977.2","18001","2026-05-19T09:21:57.5683241+03:00","2026-05-19T09:51:58.6383282+03:00"
"03_django_gunicorn__C_checkout__rep10","03_django_gunicorn","C_checkout","10","2026-05-19T09:54:38.866+03:00","2026-05-19T10:24:40.861+03:00","1801.07","10","29.982","29.982","54000","1","1.9e-05","103.594","116.402","121.655","138.441","318.789","106.678","72.008","60001.874","258.342","2.421697","","","0.0","0.0","0.0","0.0","100.798","117.991","134.073","0.9998","176449117","7042040","97969.1","18000","2026-05-19T09:54:39.2362341+03:00","2026-05-19T10:24:40.3044865+03:00"
"03_django_gunicorn__D_burst__rep01","03_django_gunicorn","D_burst","1","2026-05-19T10:27:20.478+03:00","2026-05-19T10:57:21.382+03:00","1799.55","10","15.437","15.27","27780","300","0.010799","104.702","3756.937","11325.804","54058.79","60001.801","1921.644","74.691","60009.508","7124.876","3.707699","","","88.889","1299.36","0.0","0.0","101.308","4291.187","10509.679","0.8418","127953848","3811016","71103.3","27780","2026-05-19T10:27:21.072996+03:00","2026-05-19T10:57:20.622296+03:00"
"03_django_gunicorn__D_burst__rep02","03_django_gunicorn","D_burst","2","2026-05-19T11:00:03.275+03:00","2026-05-19T11:30:04.158+03:00","1799.44","10","16.474","16.395","29644","143","0.004824","109.102","246.839","5769.333","22863.055","60000.909","1059.76","82.036","60001.486","5027.023","4.743547","","","93.762","382.0","0.0","0.0","106.139","656.427","9178.609","0.9254","137024891","3886708","76148.7","29644","2026-05-19T11:00:03.9882065+03:00","2026-05-19T11:30:03.4256583+03:00"
"03_django_gunicorn__D_burst__rep03","03_django_gunicorn","D_burst","3","2026-05-19T11:32:46.250+03:00","2026-05-19T12:02:47.001+03:00","1799.54","10","17.837","17.837","32099","1","3.1e-05","105.939","119.514","124.097","143.933","293.481","107.629","84.946","764.245","16.043","0.149054","","","0.0","103.055","0.0","0.0","103.287","121.1","138.002","0.9999","148838391","4079748","82709.2","32099","2026-05-19T11:32:46.8845872+03:00","2026-05-19T12:02:46.4239633+03:00"
"03_django_gunicorn__D_burst__rep04","03_django_gunicorn","D_burst","4","2026-05-19T12:05:25.966+03:00","2026-05-19T12:35:26.900+03:00","1799.79","10","16.288","16.137","29315","272","0.009279","108.599","291.133","3511.885","35315.743","60001.052","1141.194","74.866","60033.624","5938.937","5.204143","","","95.845","457.884","0.0","0.0","105.162","450.882","11152.355","0.9278","135027426","3876548","75023.8","29315","2026-05-19T12:05:26.4875048+03:00","2026-05-19T12:35:26.2810919+03:00"
"03_django_gunicorn__D_burst__rep05","03_django_gunicorn","D_burst","5","2026-05-19T12:38:04.971+03:00","2026-05-19T13:08:05.801+03:00","1799.56","10","17.837","17.837","32099","0","0.0","102.652","129.297","137.949","193.781","834.758","109.655","84.328","1288.87","39.594","0.361082","","","0.0","106.391","0.0","0.0","100.855","135.819","185.546","0.9989","148843018","4079367","82710.7","32099","2026-05-19T12:38:05.5184664+03:00","2026-05-19T13:08:05.0811608+03:00"
"03_django_gunicorn__D_burst__rep06","03_django_gunicorn","D_burst","6","2026-05-19T13:10:48.693+03:00","2026-05-19T13:40:50.229+03:00","1799.75","10","16.454","16.408","29613","83","0.002803","104.627","292.976","5344.636","19934.473","60000.9","994.812","79.1","60006.535","4388.739","4.411626","","","89.986","921.101","0.0","0.0","101.691","2430.285","6295.613","0.9227","137064990","3841242","76157.9","29613","2026-05-19T13:10:49.5561838+03:00","2026-05-19T13:40:49.3028186+03:00"
"03_django_gunicorn__D_burst__rep07","03_django_gunicorn","D_burst","7","2026-05-19T13:43:31.188+03:00","2026-05-19T14:13:32.054+03:00","1799.49","10","14.509","14.173","26109","605","0.023172","110.613","3706.704","12215.422","60000.481","60001.067","2421.12","0","60005.468","9417.895","3.889892","","","0.0","1784.921","0.0","0.0","105.459","5318.986","14211.566","0.8811","119087944","3436366","66178.5","26109","2026-05-19T13:43:31.8991087+03:00","2026-05-19T14:13:31.3938484+03:00"
"03_django_gunicorn__D_burst__rep08","03_django_gunicorn","D_burst","8","2026-05-19T14:16:13.814+03:00","2026-05-19T14:46:14.769+03:00","1799.66","10","17.822","17.822","32074","0","0.0","113.181","144.288","158.646","663.645","1555.324","130.604","78.945","4701.725","113.339","0.867806","","","0.0","114.83","0.0","0.0","108.558","150.246","325.034","0.9933","148727108","4076065","82641.6","32074","2026-05-19T14:16:14.5089689+03:00","2026-05-19T14:46:14.1732637+03:00"
"03_django_gunicorn__D_burst__rep09","03_django_gunicorn","D_burst","9","2026-05-19T14:48:55.119+03:00","2026-05-19T15:18:55.804+03:00","1799.57","10","13.582","13.179","24442","725","0.029662","124.815","5564.248","18200.74","59749.563","60001.004","3071.466","0","60006.725","10276.237","3.345711","","","100.441","4371.656","0.0","0.0","119.658","6075.359","17676.627","0.8246","110899377","3340481","61625.4","24442","2026-05-19T14:48:55.6579059+03:00","2026-05-19T15:18:55.2307171+03:00"
"03_django_gunicorn__D_burst__rep10","03_django_gunicorn","D_burst","10","2026-05-19T15:21:40.059+03:00","2026-05-19T15:51:40.896+03:00","1799.6","10","17.578","17.576","31633","4","0.000126","121.874","565.315","2125.74","4998.595","15379.189","446.939","78.007","60000.979","1371.421","3.068475","","","0.0","136.137","0.0","0.0","110.955","768.784","4304.533","0.92","146663946","4867021","81498.0","31633","2026-05-19T15:21:40.5768868+03:00","2026-05-19T15:51:40.1784585+03:00"
"04_aca__A_browse__rep01","04_aca","A_browse","1","2026-05-19T15:54:39.738+03:00","2026-05-19T16:24:40.836+03:00","1799.72","20","19.375","19.369","34869","10","0.000287","111.26","139.595","177.209","7197.514","32099.825","337.95","80.195","60000.774","2132.946","6.311428","","","0.0","0.0","0.0","0.0","110.229","176.054","7186.492","0.98","135755311","2810180","75431.4","34869","2026-05-19T15:54:40.5451914+03:00","2026-05-19T16:24:40.2635035+03:00"
"04_aca__A_browse__rep02","04_aca","A_browse","2","2026-05-19T16:27:12.441+03:00","2026-05-19T16:57:13.317+03:00","1799.75","20","20.003","20.001","36001","4","0.000111","108.067","130.073","138.495","170.72","287.048","111.144","77.658","669.428","19.45","0.174994","","","0.0","0.0","0.0","0.0","107.158","137.653","169.525","0.9999","138971785","2759824","77217.5","36001","2026-05-19T16:27:12.8983621+03:00","2026-05-19T16:57:12.6439813+03:00"
"04_aca__A_browse__rep03","04_aca","A_browse","3","2026-05-19T16:59:46.390+03:00","2026-05-19T17:29:47.352+03:00","1799.67","20","20.004","20.0","36000","7","0.000194","116.302","145.482","155.333","265.948","640.567","122.162","81.72","987.631","37.111","0.303788","","","0.0","0.0","0.0","0.0","114.424","154.09","264.044","0.999","139364249","2783397","77439.0","36000","2026-05-19T16:59:46.9836337+03:00","2026-05-19T17:29:46.6494723+03:00"
"04_aca__A_browse__rep04","04_aca","A_browse","4","2026-05-19T17:32:21.227+03:00","2026-05-19T18:02:22.379+03:00","1800.06","20","20.0","19.996","36001","7","0.000194","114.12","142.517","153.553","237.756","626.704","119.634","80.531","1067.828","34.407","0.287602","","","0.0","0.0","0.0","0.0","112.83","152.501","235.528","0.9992","140038067","2785958","77796.4","36001","2026-05-19T17:32:21.7776501+03:00","2026-05-19T18:02:21.8354662+03:00"
"04_aca__A_browse__rep05","04_aca","A_browse","5","2026-05-19T18:04:55.818+03:00","2026-05-19T18:34:56.882+03:00","1800.0","20","20.001","19.998","36001","5","0.000139","113.443","140.48","149.83","209.774","490.075","117.977","72.205","1320.751","29.387","0.249089","","","0.0","0.0","0.0","0.0","112.902","149.109","209.282","0.9995","139655635","2784130","77586.7","36001","2026-05-19T18:04:56.3384686+03:00","2026-05-19T18:34:56.3335283+03:00"
"04_aca__A_browse__rep06","04_aca","A_browse","6","2026-05-19T18:37:27.013+03:00","2026-05-19T19:07:28.398+03:00","1800.12","20","19.999","19.998","36001","2","5.6e-05","112.57","140.253","151.493","266.064","640.285","118.586","69.751","976.97","37.406","0.315433","","","0.0","0.0","0.0","0.0","110.978","150.502","263.911","0.999","139529286","2769924","77511.0","36001","2026-05-19T18:37:27.7171136+03:00","2026-05-19T19:07:27.8394141+03:00"
"04_aca__A_browse__rep07","04_aca","A_browse","7","2026-05-19T19:09:58.965+03:00","2026-05-19T19:39:59.714+03:00","1799.71","20","20.003","19.998","36000","10","0.000278","111.286","136.683","145.154","193.341","505.113","117.64","71.522","60000.731","329.754","2.803074","","","0.0","0.0","0.0","0.0","110.47","144.699","193.037","0.9995","139110953","2783480","77296.4","36000","2026-05-19T19:09:59.432408+03:00","2026-05-19T19:39:59.1396189+03:00"
"04_aca__A_browse__rep08","04_aca","A_browse","8","2026-05-19T19:42:29.935+03:00","2026-05-19T20:12:30.762+03:00","1799.74","20","20.003","19.998","36001","9","0.00025","114.078","142.741","153.246","275.765","666.425","120.565","79.801","1571.255","39.484","0.327492","","","0.0","0.0","0.0","0.0","113.444","152.782","274.544","0.999","138851051","2780790","77150.6","36001","2026-05-19T19:42:30.4137156+03:00","2026-05-19T20:12:30.1551932+03:00"
"04_aca__A_browse__rep09","04_aca","A_browse","9","2026-05-19T20:15:01.181+03:00","2026-05-19T20:45:02.060+03:00","1799.69","20","20.004","19.996","36001","14","0.000389","119.716","155.619","255.549","512.286","974.091","141.889","68.698","60000.884","574.321","4.047672","","","0.0","0.0","0.0","0.0","115.46","250.629","507.108","0.9948","139300278","2777763","77402.2","36001","2026-05-19T20:15:01.7542192+03:00","2026-05-19T20:45:01.4472545+03:00"
"04_aca__A_browse__rep10","04_aca","A_browse","10","2026-05-19T20:47:32.704+03:00","2026-05-19T21:17:33.682+03:00","1799.64","20","20.004","20.001","36000","6","0.000167","115.582","150.642","250.177","471.772","816.874","132.903","72.156","60001.007","335.327","2.523104","","","0.0","0.0","0.0","0.0","113.244","246.767","465.687","0.9957","139438200","2773704","77481.3","36000","2026-05-19T20:47:33.2589693+03:00","2026-05-19T21:17:32.8950297+03:00"
"04_aca__B_mixed__rep01","04_aca","B_mixed","1","2026-05-19T21:20:10.083+03:00","2026-05-19T21:50:11.848+03:00","1800.42","15","14.997","14.993","27001","7","0.000259","112.772","148.89","215.539","481.521","797.501","130.531","70.789","60000.644","385.249","2.951406","","","0.0","0.0","0.0","0.0","110.846","210.206","478.443","0.9958","84684539","1966774","47035.9","27001","2026-05-19T21:20:10.7345935+03:00","2026-05-19T21:50:11.1592327+03:00"
"04_aca__B_mixed__rep02","04_aca","B_mixed","2","2026-05-19T21:52:44.665+03:00","2026-05-19T22:22:45.455+03:00","1799.65","15","15.003","15.0","27000","6","0.000222","119.877","159.48","271.542","617.32","861.041","141.0","77.394","60000.522","387.598","2.748927","","","0.0","0.0","0.0","0.0","118.942","270.074","616.29","0.9935","84069690","1961765","46714.5","27000","2026-05-19T21:52:45.2167194+03:00","2026-05-19T22:22:44.8639193+03:00"
"04_aca__B_mixed__rep03","04_aca","B_mixed","3","2026-05-19T22:25:17.470+03:00","2026-05-19T22:55:18.159+03:00","1799.67","15","15.003","14.999","27000","6","0.000222","109.849","139.148","153.184","317.754","760.558","121.992","74.727","60000.675","382.794","3.137854","","","0.0","0.0","0.0","0.0","109.224","152.675","317.105","0.9975","84215087","1957868","46794.7","27000","2026-05-19T22:25:17.9454861+03:00","2026-05-19T22:55:17.6152653+03:00"
"04_aca__B_mixed__rep04","04_aca","B_mixed","4","2026-05-19T22:57:49.845+03:00","2026-05-19T23:27:50.543+03:00","1799.65","15","15.003","15.001","27000","4","0.000148","114.422","151.724","259.398","531.915","871.001","131.21","71.937","1401.605","74.789","0.569992","","","0.0","0.0","0.0","0.0","112.131","255.529","531.577","0.9945","84324745","1957317","46856.2","27000","2026-05-19T22:57:50.3389004+03:00","2026-05-19T23:27:49.9874677+03:00"
"04_aca__B_mixed__rep05","04_aca","B_mixed","5","2026-05-19T23:30:19.630+03:00","2026-05-20T00:00:20.395+03:00","1799.73","15","15.002","14.999","27000","5","0.000185","113.445","148.562","251.343","557.073","948.977","129.661","69.759","1494.716","76.441","0.589545","","","0.0","0.0","0.0","0.0","109.565","246.066","554.636","0.9944","84015961","1953909","46682.5","27000","2026-05-19T23:30:20.0728019+03:00","2026-05-20T00:00:19.8051172+03:00"
"04_aca__B_mixed__rep06","04_aca","B_mixed","6","2026-05-20T00:02:55.442+03:00","2026-05-20T00:32:56.252+03:00","1799.69","15","15.003","15.001","27001","3","0.000111","110.914","135.546","148.211","277.03","674.371","117.029","70.586","1003.827","40.642","0.347281","","","0.0","0.0","0.0","0.0","107.398","145.226","273.691","0.9986","83911072","1949107","46625.3","27001","2026-05-20T00:02:55.9979468+03:00","2026-05-20T00:32:55.6885764+03:00"
"04_aca__B_mixed__rep07","04_aca","B_mixed","7","2026-05-20T00:35:25.080+03:00","2026-05-20T01:05:25.795+03:00","1799.68","15","15.003","14.999","27000","6","0.000222","111.652","141.187","150.6","273.894","689.16","118.267","69.457","1343.919","43.723","0.369697","","","0.0","0.0","0.0","0.0","108.532","146.762","268.476","0.9984","84061762","1963508","46709.3","27000","2026-05-20T00:35:25.5433016+03:00","2026-05-20T01:05:25.2244945+03:00"
"04_aca__B_mixed__rep08","04_aca","B_mixed","8","2026-05-20T01:07:53.919+03:00","2026-05-20T01:37:54.672+03:00","1799.72","15","15.003","15.0","27001","6","0.000222","103.93","120.359","126.858","146.926","295.256","108.286","66.762","60000.585","379.764","3.507041","","","0.0","0.0","0.0","0.0","99.219","124.81","144.429","0.9999","84033397","1955984","46692.6","27001","2026-05-20T01:07:54.4107202+03:00","2026-05-20T01:37:54.1277233+03:00"
"04_aca__B_mixed__rep09","04_aca","B_mixed","9","2026-05-20T01:40:22.967+03:00","2026-05-20T02:10:23.661+03:00","1799.69","15","15.003","15.0","27000","5","0.000185","104.157","118.406","123.005","133.505","411.771","105.311","72.634","743.986","20.796","0.197471","","","0.0","0.0","0.0","0.0","97.884","118.388","132.244","0.9997","83788204","1951365","46557.0","27000","2026-05-20T01:40:23.4526117+03:00","2026-05-20T02:10:23.1418573+03:00"
"04_aca__B_mixed__rep10","04_aca","B_mixed","10","2026-05-20T02:12:51.239+03:00","2026-05-20T02:42:51.947+03:00","1799.65","15","15.003","15.001","27001","5","0.000185","100.234","112.645","115.896","124.135","294.067","104.289","68.622","60000.952","379.629","3.640157","","","0.0","0.0","0.0","0.0","93.998","111.578","121.116","0.9999","84327298","1959200","46857.6","27001","2026-05-20T02:12:51.7749572+03:00","2026-05-20T02:42:51.4248958+03:00"
"04_aca__C_checkout__rep01","04_aca","C_checkout","1","2026-05-20T02:45:19.376+03:00","2026-05-20T03:15:21.221+03:00","1800.81","10","29.986","29.982","54000","8","0.000148","103.311","116.034","120.84","132.486","316.505","105.83","69.896","60000.822","270.369","2.554757","","","0.0","0.0","0.0","0.0","100.467","117.491","129.987","0.9999","164054291","3738102","91100.1","18000","2026-05-20T02:45:19.8833218+03:00","2026-05-20T03:15:20.6976115+03:00"
"04_aca__C_checkout__rep02","04_aca","C_checkout","2","2026-05-20T03:17:50.266+03:00","2026-05-20T03:47:52.221+03:00","1800.96","10","29.986","29.98","54003","11","0.000204","99.645","110.285","114.077","122.627","208.646","101.795","70.673","60001.211","270.183","2.654189","","","0.0","0.0","0.0","0.0","97.486","110.962","119.335","1.0","164031883","3734326","91080.1","18001","2026-05-20T03:17:50.7160741+03:00","2026-05-20T03:47:51.678354+03:00"
"04_aca__C_checkout__rep03","04_aca","C_checkout","3","2026-05-20T03:50:21.974+03:00","2026-05-20T04:20:23.901+03:00","1800.96","10","29.986","29.984","54003","3","5.6e-05","98.729","109.464","113.082","122.095","265.33","101.156","68.641","60000.404","270.205","2.671171","","","0.0","0.0","0.0","0.0","96.656","110.226","118.756","1.0","164020395","3723346","91073.7","18001","2026-05-20T03:50:22.4072108+03:00","2026-05-20T04:20:23.3699339+03:00"
"04_aca__C_checkout__rep04","04_aca","C_checkout","4","2026-05-20T04:22:53.098+03:00","2026-05-20T04:52:54.921+03:00","1800.86","10","29.986","29.981","54000","9","0.000167","99.364","109.58","113.347","123.3","309.851","100.374","69.052","416.123","12.015","0.119707","","","0.0","0.0","0.0","0.0","97.187","110.573","120.008","1.0","164060403","3741694","91101.3","18000","2026-05-20T04:22:53.5459999+03:00","2026-05-20T04:52:54.4035519+03:00"
"04_aca__C_checkout__rep05","04_aca","C_checkout","5","2026-05-20T04:55:24.344+03:00","2026-05-20T05:25:26.171+03:00","1800.85","10","29.986","29.981","54000","8","0.000148","98.546","109.198","112.967","123.903","317.97","99.924","68.585","408.06","14.301","0.143122","","","0.0","0.0","0.0","0.0","96.428","110.086","121.545","1.0","164034804","3732368","91087.3","18000","2026-05-20T04:55:24.8000734+03:00","2026-05-20T05:25:25.6521672+03:00"
"04_aca__C_checkout__rep06","04_aca","C_checkout","6","2026-05-20T05:27:55.245+03:00","2026-05-20T05:57:57.059+03:00","1800.85","10","29.986","29.98","54000","10","0.000185","98.305","107.895","111.062","118.547","187.138","98.944","68.933","472.897","9.624","0.097262","","","0.0","0.0","0.0","0.0","96.04","108.414","115.43","1.0","164061844","3741742","91102.3","18000","2026-05-20T05:27:55.6852182+03:00","2026-05-20T05:57:56.5379015+03:00"
"04_aca__C_checkout__rep07","04_aca","C_checkout","7","2026-05-20T06:00:26.960+03:00","2026-05-20T06:30:28.769+03:00","1800.86","10","29.986","29.982","54000","6","0.000111","98.495","109.013","112.679","123.902","266.487","101.161","69.734","60001.137","270.256","2.671544","","","0.0","0.0","0.0","0.0","96.218","110.029","120.731","1.0","164067488","3738150","91104.9","18000","2026-05-20T06:00:27.3960818+03:00","2026-05-20T06:30:28.2589073+03:00"
"04_aca__C_checkout__rep08","04_aca","C_checkout","8","2026-05-20T06:32:57.416+03:00","2026-05-20T07:02:59.315+03:00","1800.91","10","29.985","29.98","54000","8","0.000148","99.466","110.068","113.798","124.91","317.184","100.639","68.489","1067.475","15.245","0.151483","","","0.0","0.0","0.0","0.0","97.126","111.095","121.883","1.0","164123451","3743732","91133.4","18000","2026-05-20T06:32:57.8909825+03:00","2026-05-20T07:02:58.8050215+03:00"
"04_aca__C_checkout__rep09","04_aca","C_checkout","9","2026-05-20T07:05:28.173+03:00","2026-05-20T07:35:30.008+03:00","1800.88","10","29.985","29.979","54000","12","0.000222","99.956","110.847","114.515","124.465","315.783","100.993","67.219","417.782","12.646","0.125214","","","0.0","0.0","0.0","0.0","97.704","111.801","122.062","1.0","164063411","3743588","91101.6","18000","2026-05-20T07:05:28.6113883+03:00","2026-05-20T07:35:29.4958401+03:00"
"04_aca__C_checkout__rep10","04_aca","C_checkout","10","2026-05-20T07:37:58.676+03:00","2026-05-20T08:08:00.494+03:00","1800.86","10","29.986","29.985","54000","2","3.7e-05","99.591","110.545","114.418","125.9","314.37","100.813","71.196","658.203","13.629","0.135187","","","0.0","0.0","0.0","0.0","97.397","111.575","122.845","1.0","164016361","3724984","91076.6","18000","2026-05-20T07:37:59.1225145+03:00","2026-05-20T08:07:59.9833012+03:00"
"04_aca__D_burst__rep01","04_aca","D_burst","1","2026-05-20T08:10:29.717+03:00","2026-05-20T08:40:30.374+03:00","1799.41","10","17.839","17.836","32099","4","0.000125","99.961","109.375","112.866","121.448","257.96","101.268","77.532","523.072","11.218","0.110773","","","0.0","0.0","0.0","0.0","96.788","108.415","118.188","1.0","142326265","2776964","79096.0","32099","2026-05-20T08:10:30.4330898+03:00","2026-05-20T08:40:29.845387+03:00"
"04_aca__D_burst__rep02","04_aca","D_burst","2","2026-05-20T08:42:57.861+03:00","2026-05-20T09:12:58.484+03:00","1799.44","10","17.838","17.834","32099","7","0.000218","99.337","109.33","113.288","123.026","225.612","100.858","75.789","450.74","10.214","0.101271","","","0.0","0.0","0.0","0.0","96.436","108.591","120.076","1.0","142314765","2776820","79088.3","32099","2026-05-20T08:42:58.5185098+03:00","2026-05-20T09:12:57.9590586+03:00"
"04_aca__D_burst__rep03","04_aca","D_burst","3","2026-05-20T09:15:26.332+03:00","2026-05-20T09:45:26.961+03:00","1799.47","10","17.838","17.836","32099","4","0.000125","100.715","110.859","115.22","130.841","240.556","102.424","76.892","483.934","11.908","0.116264","","","0.0","0.0","0.0","0.0","98.651","111.477","127.437","1.0","142302725","2771324","79080.4","32099","2026-05-20T09:15:26.9455103+03:00","2026-05-20T09:45:26.4142868+03:00"
"04_aca__D_burst__rep04","04_aca","D_burst","4","2026-05-20T09:47:55.317+03:00","2026-05-20T10:17:55.964+03:00","1799.44","10","17.838","17.834","32099","8","0.000249","100.346","111.113","115.288","128.71","280.582","102.109","73.988","408.5","12.829","0.125636","","","0.0","0.0","0.0","0.0","97.399","111.835","125.47","1.0","142354401","2788052","79110.2","32099","2026-05-20T09:47:55.9620229+03:00","2026-05-20T10:17:55.4061493+03:00"
"04_aca__D_burst__rep05","04_aca","D_burst","5","2026-05-20T10:20:23.858+03:00","2026-05-20T10:50:24.579+03:00","1799.55","10","17.838","17.836","32100","3","9.3e-05","100.958","110.881","114.769","124.648","254.524","102.745","75.116","2685.79","24.913","0.24247","","","0.0","0.0","0.0","0.0","98.951","110.272","121.89","0.9999","142330360","2775216","79092.2","32100","2026-05-20T10:20:24.5007166+03:00","2026-05-20T10:50:24.0498079+03:00"
"04_aca__D_burst__rep06","04_aca","D_burst","6","2026-05-20T10:52:51.937+03:00","2026-05-20T11:22:52.970+03:00","1799.66","10","17.837","17.834","32100","5","0.000156","113.676","127.735","134.169","163.469","254.292","115.93","84.527","2695.068","28.307","0.244177","","","0.0","0.0","0.0","0.0","107.927","129.494","159.763","0.9999","142312467","2773240","79077.3","32100","2026-05-20T10:52:52.5880758+03:00","2026-05-20T11:22:52.2511663+03:00"
"04_aca__D_burst__rep07","04_aca","D_burst","7","2026-05-20T11:25:21.518+03:00","2026-05-20T11:55:22.170+03:00","1799.42","10","17.839","17.835","32099","6","0.000187","105.326","120.609","127.175","159.415","351.626","107.969","82.819","1061.806","19.798","0.183368","","","0.0","0.0","0.0","0.0","103.839","125.878","158.805","0.9998","142322820","2776868","79093.6","32099","2026-05-20T11:25:22.20618+03:00","2026-05-20T11:55:21.628129+03:00"
"04_aca__D_burst__rep08","04_aca","D_burst","8","2026-05-20T11:57:51.156+03:00","2026-05-20T12:27:51.841+03:00","1799.27","10","17.84","17.834","32099","11","0.000343","110.843","141.563","184.288","314.016","790.077","127.826","72.53","60000.544","495.163","3.873741","","","0.0","0.0","0.0","0.0","109.322","183.112","312.501","0.9972","142337082","2786132","79108.1","32099","2026-05-20T11:57:51.9986606+03:00","2026-05-20T12:27:51.2715306+03:00"
"04_aca__D_burst__rep09","04_aca","D_burst","9","2026-05-20T12:30:20.806+03:00","2026-05-20T13:00:21.455+03:00","1799.43","10","17.838","17.832","32099","11","0.000343","112.132","140.463","148.786","239.355","1154.885","124.206","84.267","60000.425","368.029","2.963055","","","0.0","0.0","0.0","0.0","111.585","148.361","236.282","0.9981","142367590","2795480","79118.3","32099","2026-05-20T12:30:21.4714908+03:00","2026-05-20T13:00:20.8978758+03:00"
"04_aca__D_burst__rep10","04_aca","D_burst","10","2026-05-20T13:02:51.447+03:00","2026-05-20T13:32:52.175+03:00","1799.46","10","17.839","17.833","32100","10","0.000312","108.8","137.41","144.04","270.54","664.043","119.189","78.695","60000.889","344.906","2.893785","","","0.0","0.0","0.0","0.0","104.654","140.621","265.37","0.9983","142376557","2791852","79121.8","32100","2026-05-20T13:02:52.1895388+03:00","2026-05-20T13:32:51.6502749+03:00"
"05_koyeb__A_browse__rep01","05_koyeb","A_browse","1","2026-05-20T13:35:24.748+03:00","2026-05-20T14:05:32.292+03:00","1806.38","20","19.438","19.427","35113","21","0.000598","122.978","149.64","242.113","8133.152","34904.141","372.784","0","60001.118","2149.739","5.766715","","","0.0","0.0","0.0","0.0","115.162","215.821","5999.906","0.9678","139198785","2826965","77059.4","35113","2026-05-20T13:35:25.2744331+03:00","2026-05-20T14:05:31.656996+03:00"
"05_koyeb__A_browse__rep02","05_koyeb","A_browse","2","2026-05-20T14:07:59.572+03:00","2026-05-20T14:38:00.451+03:00","1799.82","20","19.424","19.361","34960","114","0.003261","130.468","157.455","193.405","5580.879","35090.411","335.125","0","60003.987","2187.377","6.52704","","","0.0","0.0","0.0","0.0","121.284","178.021","4925.652","0.9817","136890455","2948344","76057.8","34960","2026-05-20T14:08:00.1034609+03:00","2026-05-20T14:37:59.9258583+03:00"
"05_koyeb__A_browse__rep03","05_koyeb","A_browse","3","2026-05-20T14:40:27.604+03:00","2026-05-20T15:10:28.484+03:00","1799.83","20","19.958","19.898","35921","108","0.003007","126.519","148.713","168.169","1440.106","60000.934","341.872","89.474","60002.255","3231.433","9.452184","","","0.0","0.0","0.0","0.0","120.271","156.053","554.685","0.9875","140847724","2870117","78256.1","35921","2026-05-20T14:40:27.9927756+03:00","2026-05-20T15:10:27.8230581+03:00"
"05_koyeb__A_browse__rep04","05_koyeb","A_browse","4","2026-05-20T15:12:56.331+03:00","2026-05-20T15:43:27.118+03:00","1829.74","20","19.632","19.624","35921","15","0.000418","137.906","164.733","195.358","948.904","4842.099","179.289","0","60001.805","721.973","4.026867","","","0.0","0.0","0.0","0.0","132.637","179.65","813.771","0.9886","141520447","2879922","77344.8","35921","2026-05-20T15:12:56.7910987+03:00","2026-05-20T15:43:26.5263087+03:00"
"05_koyeb__A_browse__rep05","05_koyeb","A_browse","5","2026-05-20T15:45:58.066+03:00","2026-05-20T16:15:58.790+03:00","1799.75","20","20.003","19.991","36000","21","0.000583","129.723","148.222","157.592","226.277","17342.682","179.652","101.817","60001.081","1500.178","8.350464","","","0.0","0.0","0.0","0.0","126.61","153.036","216.346","0.9979","141754284","2776407","78763.3","36000","2026-05-20T15:45:58.5153017+03:00","2026-05-20T16:15:58.2646115+03:00"
"05_koyeb__A_browse__rep06","05_koyeb","A_browse","6","2026-05-20T16:18:26.499+03:00","2026-05-20T16:48:47.390+03:00","1819.87","20","19.571","19.524","35617","86","0.002415","134.255","157.417","178.229","1135.603","14190.536","221.901","0","60001.513","1239.639","5.586461","","","0.0","0.0","0.0","0.0","130.164","170.256","1002.271","0.9867","140162051","2961760","77017.8","35617","2026-05-20T16:18:26.8837748+03:00","2026-05-20T16:48:46.749828+03:00"
"05_koyeb__A_browse__rep07","05_koyeb","A_browse","7","2026-05-20T16:51:16.211+03:00","2026-05-20T17:21:17.373+03:00","1799.8","20","19.827","19.823","35684","7","0.000196","131.32","161.08","221.823","4513.708","12856.23","252.051","98.642","60002.005","1063.903","4.220986","","","0.0","0.0","0.0","0.0","125.864","196.959","4232.006","0.9773","141137222","2856227","78418.2","35684","2026-05-20T16:51:16.701995+03:00","2026-05-20T17:21:16.5029669+03:00"
"05_koyeb__A_browse__rep08","05_koyeb","A_browse","8","2026-05-20T17:23:45.903+03:00","2026-05-20T17:53:51.747+03:00","1804.95","20","19.784","19.767","35709","31","0.000868","135.948","323.909","1211.21","5645.328","14370.229","370.051","0","60001.337","1463.23","3.954131","","","0.0","0.0","0.0","0.0","133.068","1071.33","4816.557","0.9407","140852510","2882852","78036.6","35709","2026-05-20T17:23:46.2523837+03:00","2026-05-20T17:53:51.2069169+03:00"
"05_koyeb__A_browse__rep09","05_koyeb","A_browse","9","2026-05-20T17:56:22.169+03:00","2026-05-20T18:26:22.921+03:00","1799.78","20","19.497","19.476","35091","38","0.001083","131.915","327.58","2962.93","9048.206","15754.075","536.883","0","60001.284","1804.29","3.360675","","","0.0","0.0","0.0","0.0","129.053","2728.183","7763.188","0.9234","138924507","2856624","77189.9","35091","2026-05-20T17:56:22.6143388+03:00","2026-05-20T18:26:22.3911578+03:00"
"05_koyeb__A_browse__rep10","05_koyeb","A_browse","10","2026-05-20T18:28:51.899+03:00","2026-05-20T18:58:52.706+03:00","1799.83","20","19.411","19.406","34936","8","0.000229","144.432","1143.097","2921.798","11206.0","28219.205","670.349","100.879","60001.152","2370.549","3.536293","","","0.0","0.0","0.0","0.0","138.972","2593.34","9116.452","0.891","137293146","2786674","76281.4","34936","2026-05-20T18:28:52.3222873+03:00","2026-05-20T18:58:52.1473684+03:00"
"05_koyeb__B_mixed__rep01","05_koyeb","B_mixed","1","2026-05-20T19:01:21.851+03:00","2026-05-20T19:31:52.859+03:00","1829.67","15","14.757","14.751","27000","10","0.00037","135.059","154.919","162.263","283.34","1523.493","153.643","96.058","60001.214","761.703","4.957601","","","0.0","0.0","0.0","0.0","133.463","159.682","276.775","0.9966","85253796","1947344","46595.3","27000","2026-05-20T19:01:22.6204883+03:00","2026-05-20T19:31:52.2857505+03:00"
"05_koyeb__B_mixed__rep02","05_koyeb","B_mixed","2","2026-05-20T19:34:19.418+03:00","2026-05-20T20:04:20.211+03:00","1799.87","15","15.002","14.994","27001","14","0.000518","135.501","156.492","164.548","218.838","832.165","156.462","100.314","60001.037","929.307","5.939524","","","0.0","0.0","0.0","0.0","133.697","161.745","214.332","0.9983","85154791","1949868","47311.7","27001","2026-05-20T19:34:19.7747411+03:00","2026-05-20T20:04:19.6403506+03:00"
"05_koyeb__B_mixed__rep03","05_koyeb","B_mixed","3","2026-05-20T20:06:47.043+03:00","2026-05-20T20:36:47.839+03:00","1799.9","15","15.001","14.993","27001","15","0.000556","138.691","158.064","164.671","193.561","750.432","157.741","101.428","60001.512","930.102","5.896406","","","0.0","0.0","0.0","0.0","136.55","162.105","188.572","0.9989","85080376","1947367","47269.4","27001","2026-05-20T20:06:47.3909642+03:00","2026-05-20T20:36:47.2932138+03:00"
"05_koyeb__B_mixed__rep04","05_koyeb","B_mixed","4","2026-05-20T20:39:14.700+03:00","2026-05-20T21:09:15.566+03:00","1799.84","15","15.002","14.995","27001","13","0.000481","141.23","168.82","189.915","345.351","3262.389","168.462","101.654","60001.307","935.709","5.554423","","","0.0","0.0","0.0","0.0","138.3","186.672","337.972","0.9963","85062368","1945284","47261.2","27001","2026-05-20T20:39:15.0931891+03:00","2026-05-20T21:09:14.9288896+03:00"
"05_koyeb__B_mixed__rep05","05_koyeb","B_mixed","5","2026-05-20T21:11:44.492+03:00","2026-05-20T21:41:45.417+03:00","1799.79","15","14.987","14.982","26974","10","0.000371","134.993","155.272","164.1","352.854","4679.908","158.908","102.203","60000.891","782.127","4.92189","","","0.0","0.0","0.0","0.0","133.355","161.286","345.448","0.9959","85751464","1998856","47645.2","26974","2026-05-20T21:11:45.0231522+03:00","2026-05-20T21:41:44.8145548+03:00"
"05_koyeb__B_mixed__rep06","05_koyeb","B_mixed","6","2026-05-20T21:44:13.405+03:00","2026-05-20T22:14:14.257+03:00","1799.87","15","14.771","14.739","26585","57","0.002144","134.002","154.379","163.557","298.844","60000.747","395.437","98.425","60001.337","3514.735","8.888222","","","0.0","0.0","0.0","0.0","132.241","159.073","206.301","0.9929","83548409","2044195","46419.3","26585","2026-05-20T21:44:13.8500505+03:00","2026-05-20T22:14:13.7155079+03:00"
"05_koyeb__B_mixed__rep07","05_koyeb","B_mixed","7","2026-05-20T22:16:41.295+03:00","2026-05-20T22:46:42.014+03:00","1799.87","15","15.001","14.994","27000","12","0.000444","129.069","148.759","156.599","210.098","866.892","147.482","97.145","60000.856","848.763","5.755035","","","0.0","0.0","0.0","0.0","127.543","154.352","205.775","0.998","85646319","1951676","47584.7","27000","2026-05-20T22:16:41.6082931+03:00","2026-05-20T22:46:41.4801737+03:00"
"05_koyeb__B_mixed__rep08","05_koyeb","B_mixed","8","2026-05-20T22:49:09.751+03:00","2026-05-20T23:19:10.542+03:00","1799.88","15","14.573","14.542","26229","56","0.002135","134.773","156.223","166.148","345.647","60000.577","318.693","95.682","60000.939","3225.633","10.121451","","","0.0","0.0","0.0","0.0","133.216","161.915","252.302","0.9951","82558571","1966786","45868.9","26229","2026-05-20T22:49:10.0934642+03:00","2026-05-20T23:19:09.9731343+03:00"
"05_koyeb__B_mixed__rep09","05_koyeb","B_mixed","9","2026-05-20T23:21:36.869+03:00","2026-05-20T23:52:07.536+03:00","1829.73","15","14.756","14.751","27000","9","0.000333","135.07","156.643","169.784","471.453","932.534","154.32","94.279","60001.003","659.874","4.276024","","","0.0","0.0","0.0","0.0","133.648","166.679","470.477","0.996","85413102","1950928","46680.8","27000","2026-05-20T23:21:37.2503763+03:00","2026-05-20T23:52:06.976415+03:00"
"05_koyeb__B_mixed__rep10","05_koyeb","B_mixed","10","2026-05-20T23:54:36.515+03:00","2026-05-21T00:25:07.184+03:00","1829.7","15","14.756","14.75","26999","11","0.000407","137.051","159.734","173.92","354.804","839.585","158.067","91.569","60001.888","848.992","5.371098","","","0.0","0.0","0.0","0.0","134.055","167.643","343.586","0.9975","85075579","1947162","46497.0","26999","2026-05-20T23:54:36.9384664+03:00","2026-05-21T00:25:06.6372174+03:00"
"05_koyeb__C_checkout__rep01","05_koyeb","C_checkout","1","2026-05-21T00:27:36.185+03:00","2026-05-21T00:57:38.282+03:00","1800.93","10","29.968","29.959","53970","15","0.000278","132.892","162.077","196.958","414.274","999.49","153.557","94.163","60001.343","663.107","4.318306","","","0.0","0.0","0.0","0.0","128.931","185.783","387.483","0.996","167060037","3749945","92763.0","17990","2026-05-21T00:27:36.7347072+03:00","2026-05-21T00:57:37.6680384+03:00"
"05_koyeb__C_checkout__rep02","05_koyeb","C_checkout","2","2026-05-21T01:00:06.166+03:00","2026-05-21T01:30:12.520+03:00","1805.38","10","29.746","29.737","53703","16","0.000298","128.192","147.124","172.868","3236.876","5827.289","204.116","88.243","60001.554","864.909","4.237352","","","0.0","0.0","0.0","0.0","122.897","164.924","3235.359","0.9807","166638119","3891915","92301.0","17901","2026-05-21T01:00:06.5423043+03:00","2026-05-21T01:30:11.9190622+03:00"
"05_koyeb__C_checkout__rep03","05_koyeb","C_checkout","3","2026-05-21T01:32:40.154+03:00","2026-05-21T02:02:42.126+03:00","1801.1","10","29.942","29.93","53928","21","0.000389","119.786","136.139","149.026","680.026","1840.974","148.839","36.881","60004.153","820.311","5.511398","","","0.0","0.0","0.0","0.0","114.233","143.408","666.283","0.9922","166977111","3782341","92708.4","17976","2026-05-21T01:32:40.4989108+03:00","2026-05-21T02:02:41.59921+03:00"
"05_koyeb__C_checkout__rep04","05_koyeb","C_checkout","4","2026-05-21T02:05:09.785+03:00","2026-05-21T02:35:11.619+03:00","1801.03","10","29.974","29.965","53985","17","0.000315","115.674","129.164","137.02","229.724","880.018","132.439","84.496","60001.256","765.029","5.776455","","","0.0","0.0","0.0","0.0","110.659","131.334","212.498","0.9983","167082407","3734280","92770.3","17995","2026-05-21T02:05:10.0908843+03:00","2026-05-21T02:35:11.1248827+03:00"
"05_koyeb__C_checkout__rep05","05_koyeb","C_checkout","5","2026-05-21T02:37:39.734+03:00","2026-05-21T03:07:41.973+03:00","1801.18","10","29.97","29.96","53982","19","0.000352","114.923","128.255","136.277","220.394","902.026","133.435","83.863","60003.257","810.666","6.075343","","","0.0","0.0","0.0","0.0","110.798","131.685","210.172","0.9977","167062267","3741506","92751.4","17994","2026-05-21T02:37:40.2818082+03:00","2026-05-21T03:07:41.46481+03:00"
"06_flyio__B_mixed__rep08","06_flyio","B_mixed","8","2026-05-21T14:00:04.447+03:00","2026-05-21T14:30:05.707+03:00","1799.87","15","15.001","14.992","27000","16","0.000593","165.142","228.708","372.024","784.575","5717.891","205.882","85.189","60001.465","689.811","3.350521","","","0.0","0.0","0.0","0.0","151.167","195.109","341.695","0.9865","448385077","3957091","249120.6","27000","2026-05-21T14:00:05.1000336+03:00","2026-05-21T14:30:04.9713131+03:00"
"06_flyio__B_mixed__rep09","06_flyio","B_mixed","9","2026-05-21T14:32:36.894+03:00","2026-05-21T15:02:43.392+03:00","1805.36","15","13.467","13.328","24313","252","0.010365","712.817","6369.9","8710.509","16476.36","60001.066","2430.849","83.656","60005.123","4925.194","2.026121","","","0.0","0.0","0.0","0.0","667.521","8632.742","16426.028","0.556","405096953","4023855","224386.1","24313","2026-05-21T14:32:37.494316+03:00","2026-05-21T15:02:42.8510083+03:00"
"06_flyio__B_mixed__rep10","06_flyio","B_mixed","10","2026-05-21T15:05:10.645+03:00","2026-05-21T15:35:12.407+03:00","1800.7","15","13.335","13.234","24012","181","0.007538","966.647","7352.207","10344.595","16390.752","60000.899","2730.906","83.269","60012.289","4377.788","1.603053","","","0.0","0.0","0.0","0.0","915.002","10313.596","16357.63","0.4867","397061519","3932991","220503.6","24012","2026-05-21T15:05:11.1938184+03:00","2026-05-21T15:35:11.8972546+03:00"
"07_iis_waitress__A_browse__rep01","07_iis_waitress","A_browse","1","2026-05-22T02:33:53.791+03:00","2026-05-22T03:03:54.604+03:00","1799.82","20","20.003","20.003","36001","0","0.0","108.465","122.754","126.991","142.744","286.311","111.905","79.657","19503.108","204.76","1.829766","","","0.0","0.0","0.0","0.0","102.59","123.226","138.493","0.9999","147110650","4383347","81736.4","36001","2026-05-22T02:33:54.2159127+03:00","2026-05-22T03:03:54.0350162+03:00"
"07_iis_waitress__A_browse__rep02","07_iis_waitress","A_browse","2","2026-05-22T03:06:20.958+03:00","2026-05-22T03:36:21.930+03:00","1799.9","20","20.002","20.002","36001","0","0.0","98.835","111.782","115.167","125.462","286.482","104.637","67.928","19580.209","270.446","2.584606","","","0.0","0.0","0.0","0.0","96.572","110.542","120.251","0.9998","147889133","4385718","82165.1","36001","2026-05-22T03:06:21.448799+03:00","2026-05-22T03:36:21.3510765+03:00"
"07_iis_waitress__A_browse__rep03","07_iis_waitress","A_browse","3","2026-05-22T03:38:48.321+03:00","2026-05-22T04:08:49.082+03:00","1799.89","20","20.002","20.002","36001","0","0.0","100.944","113.412","117.003","128.054","263.169","106.502","69.257","19486.659","288.765","2.711372","","","0.0","0.0","0.0","0.0","100.005","112.011","122.3","0.9998","148035391","4386015","82246.7","36001","2026-05-22T03:38:48.6279134+03:00","2026-05-22T04:08:48.5218322+03:00"
"07_iis_waitress__A_browse__rep04","07_iis_waitress","A_browse","4","2026-05-22T04:11:15.483+03:00","2026-05-22T04:41:16.250+03:00","1799.92","20","20.001","20.001","36001","0","0.0","101.058","113.692","116.888","125.234","247.866","103.766","66.231","19478.77","177.208","1.707765","","","0.0","0.0","0.0","0.0","100.106","111.972","120.3","0.9999","148067118","4386345","82263.4","36001","2026-05-22T04:11:15.7809937+03:00","2026-05-22T04:41:15.6960981+03:00"
"07_iis_waitress__A_browse__rep05","07_iis_waitress","A_browse","5","2026-05-22T04:43:42.458+03:00","2026-05-22T05:13:43.217+03:00","1799.9","20","20.002","20.002","36001","0","0.0","105.593","120.832","125.505","136.686","231.982","109.93","79.812","19500.891","250.329","2.277165","","","0.0","0.0","0.0","0.0","101.242","119.66","133.635","0.9998","147804299","4385126","82118.2","36001","2026-05-22T04:43:42.7904679+03:00","2026-05-22T05:13:42.6864076+03:00"
"07_iis_waitress__A_browse__rep06","07_iis_waitress","A_browse","6","2026-05-22T05:16:09.585+03:00","2026-05-22T05:46:16.712+03:00","1806.25","20","19.931","19.931","36000","0","0.0","100.488","112.72","115.828","124.189","275.996","104.992","68.986","19555.5","250.66","2.387423","","","0.0","0.0","0.0","0.0","99.752","111.184","119.029","0.9997","147851757","4385333","81855.4","36000","2026-05-22T05:16:09.9023412+03:00","2026-05-22T05:46:16.1570275+03:00"
"07_iis_waitress__A_browse__rep07","07_iis_waitress","A_browse","7","2026-05-22T05:48:43.429+03:00","2026-05-22T06:18:44.207+03:00","1799.91","20","20.002","20.002","36001","0","0.0","100.608","112.915","116.047","125.126","312.135","104.886","70.102","19478.409","207.735","1.980588","","","0.0","0.0","0.0","0.0","99.788","111.464","120.186","0.9995","147325372","4384177","81851.4","36001","2026-05-22T05:48:43.7458663+03:00","2026-05-22T06:18:43.6578705+03:00"
"07_iis_waitress__A_browse__rep08","07_iis_waitress","A_browse","8","2026-05-22T06:21:10.512+03:00","2026-05-22T06:51:11.297+03:00","1799.93","20","20.001","20.001","36001","0","0.0","101.561","113.678","116.813","124.881","245.823","103.639","71.218","19463.959","144.709","1.39627","","","0.0","0.0","0.0","0.0","100.364","111.916","120.551","0.9999","148287313","4385065","82385.3","36001","2026-05-22T06:21:10.7993729+03:00","2026-05-22T06:51:10.7245856+03:00"
"07_iis_waitress__A_browse__rep09","07_iis_waitress","A_browse","9","2026-05-22T06:53:37.784+03:00","2026-05-22T07:23:38.489+03:00","1799.89","20","20.001","20.001","36000","0","0.0","99.973","112.414","115.49","124.568","254.605","103.416","70.853","19478.567","204.351","1.976005","","","0.0","0.0","0.0","0.0","99.089","111.051","120.002","0.9999","147680266","4384530","82049.7","36000","2026-05-22T06:53:38.0720062+03:00","2026-05-22T07:23:37.9608108+03:00"
"07_iis_waitress__A_browse__rep10","07_iis_waitress","A_browse","10","2026-05-22T07:26:04.833+03:00","2026-05-22T07:56:05.542+03:00","1799.87","20","20.001","20.001","36000","0","0.0","101.641","114.186","117.407","125.729","264.942","104.415","68.213","19485.782","177.226","1.697323","","","0.0","0.0","0.0","0.0","100.404","112.379","121.308","0.9999","148290920","4385177","82390.0","36000","2026-05-22T07:26:05.1249113+03:00","2026-05-22T07:56:04.9904653+03:00"
"07_iis_waitress__B_mixed__rep01","07_iis_waitress","B_mixed","1","2026-05-22T07:58:31.798+03:00","2026-05-22T08:28:32.651+03:00","1799.93","15","15.001","15.001","27001","0","0.0","103.346","114.27","117.823","127.046","251.035","105.321","72.853","19490.852","167.241","1.587919","","","0.0","0.0","0.0","0.0","96.686","112.737","124.119","0.9999","91302873","3276587","50725.7","27001","2026-05-22T07:58:32.1122919+03:00","2026-05-22T08:28:32.0458219+03:00"
"07_iis_waitress__B_mixed__rep02","07_iis_waitress","B_mixed","2","2026-05-22T08:30:58.201+03:00","2026-05-22T09:00:58.868+03:00","1799.82","15","15.001","15.001","27000","0","0.0","102.887","115.278","119.35","129.418","233.39","104.47","71.558","19456.154","118.363","1.132985","","","0.0","0.0","0.0","0.0","96.376","114.136","125.294","0.9999","91200884","3275444","50672.2","27000","2026-05-22T08:30:58.5110464+03:00","2026-05-22T09:00:58.3320658+03:00"
"07_iis_waitress__B_mixed__rep03","07_iis_waitress","B_mixed","3","2026-05-22T09:03:24.674+03:00","2026-05-22T09:33:25.444+03:00","1799.82","15","15.002","15.002","27000","0","0.0","106.24","119.468","123.096","134.183","245.889","108.478","71.531","19458.786","166.948","1.538993","","","0.0","0.0","0.0","0.0","99.983","118.469","133.457","0.9999","90695678","3274967","50391.7","27000","2026-05-22T09:03:25.0000941+03:00","2026-05-22T09:33:24.8156269+03:00"
"07_iis_waitress__B_mixed__rep04","07_iis_waitress","B_mixed","4","2026-05-22T09:35:51.151+03:00","2026-05-22T10:05:51.977+03:00","1799.96","15","15.001","15.001","27001","0","0.0","106.939","122.04","127.404","145.772","283.216","109.922","74.902","19498.27","167.343","1.522385","","","0.0","0.0","0.0","0.0","106.146","126.674","144.279","0.9999","91023298","3274851","50569.6","27001","2026-05-22T09:35:51.4290729+03:00","2026-05-22T10:05:51.3915008+03:00"
"07_iis_waitress__B_mixed__rep05","07_iis_waitress","B_mixed","5","2026-05-22T10:08:17.879+03:00","2026-05-22T10:38:18.678+03:00","1799.9","15","15.001","15.001","27001","0","0.0","108.25","123.27","128.994","156.256","315.438","113.515","81.378","19484.158","264.048","2.326098","","","0.0","0.0","0.0","0.0","107.673","128.326","155.273","0.9998","90896520","3275924","50500.8","27001","2026-05-22T10:08:18.182131+03:00","2026-05-22T10:38:18.0847766+03:00"
"07_iis_waitress__B_mixed__rep06","07_iis_waitress","B_mixed","6","2026-05-22T10:40:45.036+03:00","2026-05-22T11:10:45.931+03:00","1799.82","15","15.001","15.001","26999","0","0.0","106.523","122.104","128.579","174.308","982.001","114.466","81.214","19585.051","292.635","2.556521","","","0.0","0.0","0.0","0.0","105.523","127.48","168.045","0.9991","90947883","3274890","50531.7","26999","2026-05-22T10:40:45.3581184+03:00","2026-05-22T11:10:45.1768171+03:00"
"07_iis_waitress__B_mixed__rep07","07_iis_waitress","B_mixed","7","2026-05-22T11:13:16.481+03:00","2026-05-22T11:43:17.370+03:00","1799.91","15","14.851","14.847","26731","7","0.000262","107.628","129.826","178.623","3382.832","16456.442","224.586","81.76","60004.175","1330.883","5.925941","","","0.0","0.0","0.0","0.0","104.993","168.632","3238.865","0.9808","89677442","3242137","49823.2","26731","2026-05-22T11:13:16.7987918+03:00","2026-05-22T11:43:16.7133761+03:00"
"07_iis_waitress__B_mixed__rep08","07_iis_waitress","B_mixed","8","2026-05-22T11:45:45.344+03:00","2026-05-22T12:15:46.333+03:00","1799.89","15","14.805","14.804","26648","3","0.000113","114.644","142.451","178.332","5050.638","17083.113","252.502","78.52","60001.429","1217.422","4.821441","","","0.0","0.0","0.0","0.0","112.427","172.468","4750.249","0.9771","89827524","3233647","49907.2","26648","2026-05-22T11:45:45.703835+03:00","2026-05-22T12:15:45.5931893+03:00"
"07_iis_waitress__B_mixed__rep09","07_iis_waitress","B_mixed","9","2026-05-22T12:18:13.649+03:00","2026-05-22T12:48:14.499+03:00","1799.88","15","14.94","14.94","26891","0","0.0","113.925","137.697","155.454","956.908","9123.409","162.03","76.74","19509.213","522.101","3.222242","","","0.0","0.0","0.0","0.0","112.855","154.037","872.402","0.9894","90482339","3262256","50271.4","26891","2026-05-22T12:18:13.9721414+03:00","2026-05-22T12:48:13.8503326+03:00"
"07_iis_waitress__B_mixed__rep10","07_iis_waitress","B_mixed","10","2026-05-22T12:50:42.464+03:00","2026-05-22T13:20:43.286+03:00","1799.91","15","15.001","15.001","27001","0","0.0","113.053","140.204","148.73","188.221","924.828","122.702","82.625","19489.017","268.046","2.184534","","","0.0","0.0","0.0","0.0","112.251","147.751","174.962","0.9979","91155482","3276179","50644.4","27001","2026-05-22T12:50:42.8034146+03:00","2026-05-22T13:20:42.7148468+03:00"
"07_iis_waitress__C_checkout__rep01","07_iis_waitress","C_checkout","1","2026-05-22T13:23:09.474+03:00","2026-05-22T13:53:11.599+03:00","1801.16","10","29.976","29.975","53991","2","3.7e-05","111.401","143.853","153.824","870.768","1447.924","137.071","82.578","60001.361","426.848","3.11406","","","0.0","0.0","0.0","0.0","110.851","151.898","649.785","0.9896","176795964","6659507","98157.0","17997","2026-05-22T13:23:09.8569096+03:00","2026-05-22T13:53:11.0120294+03:00"
"07_iis_waitress__C_checkout__rep02","07_iis_waitress","C_checkout","2","2026-05-22T13:55:40.786+03:00","2026-05-22T14:25:42.856+03:00","1801.07","10","29.919","29.917","53886","3","5.6e-05","107.677","139.452","152.925","871.907","5089.629","142.321","76.311","60000.856","554.768","3.898011","","","0.0","0.0","0.0","0.0","106.513","149.265","651.974","0.989","176452056","6646802","97970.5","17962","2026-05-22T13:55:41.0907915+03:00","2026-05-22T14:25:42.164909+03:00"
"07_iis_waitress__C_checkout__rep03","07_iis_waitress","C_checkout","3","2026-05-22T14:28:14.092+03:00","2026-05-22T14:58:16.233+03:00","1801.08","10","29.982","29.982","54000","0","0.0","107.794","138.184","147.191","728.196","1101.506","126.165","77.062","20353.968","210.254","1.666501","","","0.0","0.0","0.0","0.0","106.128","144.665","632.578","0.993","176832000","6660618","98181.0","18000","2026-05-22T14:28:14.4586553+03:00","2026-05-22T14:58:15.540772+03:00"
"07_iis_waitress__C_checkout__rep04","07_iis_waitress","C_checkout","4","2026-05-22T15:00:48.809+03:00","2026-05-22T15:30:51.116+03:00","1801.08","10","29.982","29.982","54000","0","0.0","107.987","134.159","144.105","308.193","976.085","121.009","81.725","26561.308","275.252","2.274644","","","0.0","0.0","0.0","0.0","106.555","142.486","256.851","0.9963","176832000","6661110","98180.9","18000","2026-05-22T15:00:49.3403679+03:00","2026-05-22T15:30:50.4239247+03:00"
"07_iis_waitress__C_checkout__rep05","07_iis_waitress","C_checkout","5","2026-05-22T15:33:18.866+03:00","2026-05-22T16:03:20.729+03:00","1800.94","10","29.983","29.983","53997","0","0.0","105.666","134.013","141.295","295.302","946.598","118.591","70.199","19519.24","230.402","1.942821","","","0.0","0.0","0.0","0.0","104.231","139.898","252.346","0.9963","176822176","6660493","98183.0","17999","2026-05-22T15:33:19.2293372+03:00","2026-05-22T16:03:20.1739961+03:00"
"07_iis_waitress__C_checkout__rep06","07_iis_waitress","C_checkout","6","2026-05-22T16:05:49.160+03:00","2026-05-22T16:35:51.199+03:00","1801.14","10","29.954","29.954","53952","1","1.9e-05","108.394","134.932","154.473","297.649","904.327","124.272","70.201","60001.022","378.351","3.044539","","","0.0","0.0","0.0","0.0","107.14","152.308","295.028","0.9985","176671436","6655312","98088.9","17984","2026-05-22T16:05:49.4723375+03:00","2026-05-22T16:35:50.6082831+03:00"
"07_iis_waitress__C_checkout__rep07","07_iis_waitress","C_checkout","7","2026-05-22T16:38:19.320+03:00","2026-05-22T17:08:21.354+03:00","1801.12","10","29.981","29.981","54000","0","0.0","106.278","124.216","131.579","147.726","319.344","112.901","80.641","19494.767","276.927","2.45284","","","0.0","0.0","0.0","0.0","105.752","131.034","146.864","0.9996","176832000","6661357","98179.1","18000","2026-05-22T16:38:19.630898+03:00","2026-05-22T17:08:20.7465433+03:00"
"07_iis_waitress__C_checkout__rep08","07_iis_waitress","C_checkout","8","2026-05-22T17:10:49.453+03:00","2026-05-22T17:40:51.452+03:00","1801.09","10","29.98","29.98","53997","0","0.0","105.33","121.416","127.443","144.719","412.225","111.362","71.225","19487.291","250.95","2.253459","","","0.0","0.0","0.0","0.0","102.609","123.818","141.62","0.9995","176822176","6660739","98174.9","17999","2026-05-22T17:10:49.7822585+03:00","2026-05-22T17:40:50.8759186+03:00"
"07_iis_waitress__C_checkout__rep09","07_iis_waitress","C_checkout","9","2026-05-22T17:43:18.817+03:00","2026-05-22T18:13:20.810+03:00","1801.1","10","29.983","29.983","54003","0","0.0","106.915","126.188","133.933","151.496","323.037","112.574","71.306","19493.315","221.59","1.968401","","","0.0","0.0","0.0","0.0","103.928","130.058","147.734","0.9996","176841824","6661233","98185.5","18001","2026-05-22T17:43:19.1381886+03:00","2026-05-22T18:13:20.2367111+03:00"
"07_iis_waitress__C_checkout__rep10","07_iis_waitress","C_checkout","10","2026-05-22T18:15:47.950+03:00","2026-05-22T18:45:49.825+03:00","1800.98","10","29.984","29.984","54000","0","0.0","106.833","124.413","131.408","146.531","258.79","111.393","72.123","19488.83","205.0","1.840339","","","0.0","0.0","0.0","0.0","103.9","127.633","144.101","0.9996","176832000","6660740","98186.7","18000","2026-05-22T18:15:48.2673521+03:00","2026-05-22T18:45:49.2438952+03:00"
"07_iis_waitress__D_burst__rep01","07_iis_waitress","D_burst","1","2026-05-22T18:48:17.290+03:00","2026-05-22T19:18:18.231+03:00","1799.71","10","17.836","17.836","32100","0","0.0","104.311","130.672","137.309","183.759","851.993","114.146","73.335","19515.972","267.342","2.342107","","","0.0","0.0","0.0","0.0","100.862","133.728","170.198","0.9986","149072400","3852720","82831.3","32100","2026-05-22T18:48:17.9730419+03:00","2026-05-22T19:18:17.683076+03:00"
"07_iis_waitress__D_burst__rep02","07_iis_waitress","D_burst","2","2026-05-22T19:20:44.544+03:00","2026-05-22T19:50:45.411+03:00","1799.56","10","17.837","17.837","32099","1","3.1e-05","108.618","134.65","143.32","207.317","892.071","121.457","74.271","60001.436","441.972","3.638909","","","0.0","0.0","0.0","0.0","103.588","141.082","203.214","0.9981","149066032","3852720","82834.7","32099","2026-05-22T19:20:45.1750066+03:00","2026-05-22T19:50:44.7342183+03:00"
"07_iis_waitress__D_burst__rep03","07_iis_waitress","D_burst","3","2026-05-22T19:53:12.844+03:00","2026-05-22T20:23:13.694+03:00","1799.59","10","17.837","17.837","32099","0","0.0","112.923","179.038","205.326","876.034","1370.246","144.806","86.174","20142.897","306.681","2.117883","","","0.0","0.0","0.0","0.0","111.086","202.325","664.407","0.9883","149067756","3852600","82834.2","32099","2026-05-22T19:53:13.3872626+03:00","2026-05-22T20:23:12.9788287+03:00"
"07_iis_waitress__D_burst__rep04","07_iis_waitress","D_burst","4","2026-05-22T20:25:44.726+03:00","2026-05-22T20:55:45.566+03:00","1799.63","10","17.836","17.836","32099","1","3.1e-05","114.347","158.96","204.039","898.594","1460.903","151.262","85.14","60001.331","505.928","3.34472","","","0.0","0.0","0.0","0.0","111.511","200.396","661.238","0.9855","149067492","3853200","82832.2","32099","2026-05-22T20:25:45.3044778+03:00","2026-05-22T20:55:44.9369258+03:00"
"07_iis_waitress__D_burst__rep05","07_iis_waitress","D_burst","5","2026-05-22T20:58:15.376+03:00","2026-05-22T21:28:16.249+03:00","1799.61","10","17.837","17.836","32099","1","3.1e-05","108.018","165.764","204.662","857.14","1463.036","144.938","77.003","60004.092","502.027","3.463731","","","0.0","0.0","0.0","0.0","105.94","201.052","647.834","0.9869","149063112","3852960","82830.7","32099","2026-05-22T20:58:15.9154585+03:00","2026-05-22T21:28:15.5272833+03:00"
"07_iis_waitress__D_burst__rep06","07_iis_waitress","D_burst","6","2026-05-22T21:30:43.728+03:00","2026-05-22T22:00:44.424+03:00","1799.56","10","17.837","17.836","32099","2","6.2e-05","105.983","145.713","201.193","861.215","1468.387","141.403","74.865","60001.541","583.262","4.124815","","","0.0","0.0","0.0","0.0","102.42","190.469","652.217","0.9873","149065768","3852840","82834.8","32099","2026-05-22T21:30:44.2631748+03:00","2026-05-22T22:00:43.8190621+03:00"
"07_iis_waitress__D_burst__rep07","07_iis_waitress","D_burst","7","2026-05-22T22:03:13.302+03:00","2026-05-22T22:33:14.009+03:00","1799.39","10","17.839","17.838","32099","2","6.2e-05","107.246","148.305","212.905","887.134","1500.33","147.824","80.673","60001.935","572.223","3.870978","","","0.0","0.0","0.0","0.0","105.601","199.949","668.714","0.9833","149064308","3852720","82841.6","32099","2026-05-22T22:03:14.0432897+03:00","2026-05-22T22:33:13.4333367+03:00"
"07_iis_waitress__D_burst__rep08","07_iis_waitress","D_burst","8","2026-05-22T22:35:40.228+03:00","2026-05-22T23:05:40.945+03:00","1799.57","10","17.837","17.835","32099","3","9.3e-05","114.72","165.168","263.99","919.864","1539.635","161.499","75.239","60001.173","599.526","3.712248","","","0.0","0.0","0.0","0.0","112.933","207.046","712.181","0.9798","149061124","3852720","82831.4","32099","2026-05-22T22:35:40.7538122+03:00","2026-05-22T23:05:40.3273305+03:00"
"07_iis_waitress__D_burst__rep09","07_iis_waitress","D_burst","9","2026-05-22T23:08:10.027+03:00","2026-05-22T23:38:11.810+03:00","1800.52","10","17.804","17.8","32056","6","0.000187","114.212","205.636","706.61","1356.052","5157.591","206.896","77.877","60002.249","996.845","4.818096","","","0.0","0.0","0.0","0.0","111.843","630.339","1056.82","0.9643","148857720","3849120","82674.9","32056","2026-05-22T23:08:10.6091296+03:00","2026-05-22T23:38:11.1277378+03:00"
"07_iis_waitress__D_burst__rep10","07_iis_waitress","D_burst","10","2026-05-22T23:40:40.849+03:00","2026-05-23T00:10:41.743+03:00","1799.57","10","17.837","17.834","32099","5","0.000156","111.933","175.186","266.571","984.534","2627.846","168.641","77.753","60002.909","789.385","4.68085","","","0.0","0.0","0.0","0.0","110.192","210.303","736.141","0.9789","149059136","3852480","82830.4","32099","2026-05-22T23:40:41.4348379+03:00","2026-05-23T00:10:41.0041864+03:00"
05_koyeb__C_checkout__rep06,05_koyeb,C_checkout,6,2026-06-01T19:01:21.252+03:00,2026-06-01T19:31:24.030+03:00,1800.93,10,29.98,29.968,53991,21,0.000389,117.402,135.433,146.58,203.745,743.171,133.885,82.028,60000.51,763.441,5.702234,,,0.0,0.0,0.0,0.0,112.332,141.737,198.089,0.9985,167072781,3741948,92770.3,17997,2026-06-01T19:01:22.504222+03:00,2026-06-01T19:31:23.4342021+03:00
05_koyeb__C_checkout__rep07,05_koyeb,C_checkout,7,2026-06-01T19:35:25.131+03:00,2026-06-01T20:05:56.273+03:00,1829.68,10,29.49,29.477,53957,24,0.000445,124.223,190.226,245.478,491.974,1310.634,158.371,84.218,60001.027,849.397,5.363346,,,0.0,0.0,0.0,0.0,119.377,240.066,487.194,0.995,167056159,3766114,91303.4,17985,2026-06-01T19:35:25.6928448+03:00,2026-06-01T20:05:55.3745385+03:00
05_koyeb__C_checkout__rep08,05_koyeb,C_checkout,8,2026-06-01T20:10:02.066+03:00,2026-06-01T20:46:53.901+03:00,2208.95,10,11.3,11.263,24961,82,0.003285,142.317,207.709,249.283,427.195,889.001,405.074,0,1381089.227,17428.433,43.025292,,,0.0,0.0,0.0,0.0,136.631,243.195,420.871,0.9968,77054397,1753012,34882.8,8311,2026-06-01T20:10:03.2243148+03:00,2026-06-01T20:46:52.1773121+03:00
05_koyeb__C_checkout__rep09,05_koyeb,C_checkout,9,2026-06-01T20:51:07.522+03:00,2026-06-01T21:21:09.663+03:00,1800.96,10,29.757,29.626,53592,236,0.004404,129.655,162.55,189.168,529.459,59916.765,305.65,85.499,60006.483,2834.737,9.274447,,,0.0,0.0,0.0,0.0,125.154,183.642,430.446,0.9922,166065100,4171235,92209.1,17864,2026-06-01T20:51:08.0688067+03:00,2026-06-01T21:21:09.0308221+03:00
05_koyeb__C_checkout__rep10,05_koyeb,C_checkout,10,2026-06-01T21:25:11.439+03:00,2026-06-01T21:55:42.269+03:00,1829.73,10,29.283,29.223,53579,109,0.002034,124.25,160.432,224.297,5659.749,60000.229,372.672,85.442,60000.828,2764.342,7.417624,,,0.0,0.0,0.0,0.0,119.6,204.953,5031.825,0.9696,166125631,3986585,90792.6,17859,2026-06-01T21:25:11.9616656+03:00,2026-06-01T21:55:41.6880274+03:00
05_koyeb__D_burst__rep01,05_koyeb,D_burst,1,2026-06-01T21:59:43.764+03:00,2026-06-01T22:29:45.026+03:00,1799.42,10,17.834,17.825,32090,16,0.000499,125.349,151.924,178.135,338.627,952.494,151.751,94.57,60000.713,927.261,6.110419,,,0.0,0.0,0.0,0.0,122.946,174.599,335.283,0.9975,144534598,2785757,80323.0,32090,2026-06-01T21:59:45.0399698+03:00,2026-06-01T22:29:44.4576718+03:00
05_koyeb__D_burst__rep02,05_koyeb,D_burst,2,2026-06-01T22:33:46.406+03:00,2026-06-01T23:03:47.137+03:00,1799.49,10,17.836,17.83,32095,10,0.000312,125.541,149.884,171.065,265.955,810.218,144.932,102.018,60000.619,782.563,5.399504,,,0.0,0.0,0.0,0.0,122.703,166.884,257.618,0.9981,144461905,2769720,80279.3,32095,2026-06-01T22:33:47.0671919+03:00,2026-06-01T23:03:46.5577012+03:00
05_koyeb__D_burst__rep03,05_koyeb,D_burst,3,2026-06-01T23:07:48.061+03:00,2026-06-01T23:37:48.804+03:00,1799.47,10,17.831,17.821,32087,19,0.000592,126.008,151.625,176.082,297.154,1008.703,156.362,100.182,60000.721,1046.095,6.690204,,,0.0,0.0,0.0,0.0,122.185,170.466,286.127,0.9973,144512961,2794710,80308.4,32087,2026-06-01T23:07:48.7296204+03:00,2026-06-01T23:37:48.2043518+03:00
05_koyeb__D_burst__rep04,05_koyeb,D_burst,4,2026-06-01T23:41:47.726+03:00,2026-06-02T00:11:48.430+03:00,1799.53,10,17.831,17.821,32088,18,0.000561,126.687,148.456,167.903,290.227,955.854,153.642,94.355,60006.044,989.594,6.440924,,,0.0,0.0,0.0,0.0,121.522,160.734,279.454,0.9974,144490504,2789243,80293.3,32088,2026-06-01T23:41:48.2763311+03:00,2026-06-02T00:11:47.810584+03:00
05_koyeb__D_burst__rep05,05_koyeb,D_burst,5,2026-06-02T00:15:46.191+03:00,2026-06-02T00:45:46.809+03:00,1799.54,10,17.831,17.824,32087,12,0.000374,127.065,250.438,439.593,733.227,1089.712,174.182,102.37,60000.96,708.18,4.065747,,,0.0,0.0,0.0,0.0,122.052,432.143,715.279,0.9895,144574087,2791110,80339.4,32087,2026-06-02T00:15:46.7294312+03:00,2026-06-02T00:45:46.2701659+03:00
05_koyeb__D_burst__rep06,05_koyeb,D_burst,6,2026-06-02T00:49:44.957+03:00,2026-06-02T01:19:45.589+03:00,1799.52,10,17.808,17.79,32046,32,0.000999,126.599,153.525,200.875,992.065,23184.059,251.028,96.949,60000.624,1604.781,6.392832,,,0.0,0.0,0.0,0.0,121.185,192.029,983.709,0.9869,144764637,2864281,80446.3,32046,2026-06-02T00:49:45.5164012+03:00,2026-06-02T01:19:45.0353422+03:00
05_koyeb__D_burst__rep07,05_koyeb,D_burst,7,2026-06-02T01:23:44.607+03:00,2026-06-02T01:53:45.599+03:00,1799.66,10,17.831,17.823,32089,14,0.000436,120.479,140.991,163.768,325.675,970.849,144.095,97.591,60000.947,853.88,5.925794,,,0.0,0.0,0.0,0.0,113.546,156.596,319.065,0.9967,144554459,2789415,80323.4,32089,2026-06-02T01:23:45.4253203+03:00,2026-06-02T01:53:45.0806961+03:00
05_koyeb__D_burst__rep08,05_koyeb,D_burst,8,2026-06-02T01:57:43.717+03:00,2026-06-02T02:27:44.374+03:00,1799.51,10,17.838,17.834,32099,6,0.000187,120.808,137.917,151.423,226.737,479.235,132.01,98.007,60001.165,597.745,4.528014,,,0.0,0.0,0.0,0.0,114.767,144.345,216.649,0.9995,144427930,2757201,80259.6,32099,2026-06-02T01:57:44.296455+03:00,2026-06-02T02:27:43.806156+03:00
05_koyeb__D_burst__rep09,05_koyeb,D_burst,9,2026-06-02T02:31:42.256+03:00,2026-06-02T03:01:42.911+03:00,1799.55,10,17.833,17.827,32091,10,0.000312,120.757,138.291,156.756,261.251,817.873,136.642,95.89,60001.486,699.733,5.120929,,,0.0,0.0,0.0,0.0,113.861,150.165,250.013,0.9985,144530197,2780426,80314.8,32091,2026-06-02T02:31:42.7850076+03:00,2026-06-02T03:01:42.3318669+03:00
05_koyeb__D_burst__rep10,05_koyeb,D_burst,10,2026-06-02T03:05:40.927+03:00,2026-06-02T03:35:41.580+03:00,1799.56,10,17.835,17.828,32095,13,0.000405,119.332,135.987,151.715,235.108,752.39,138.853,90.822,60001.189,853.868,6.149456,,,0.0,0.0,0.0,0.0,112.767,146.687,224.964,0.9987,144450508,2773348,80270.1,32095,2026-06-02T03:05:41.4527665+03:00,2026-06-02T03:35:41.0083645+03:00
06_flyio__A_browse__rep01,06_flyio,A_browse,1,2026-06-02T03:39:45.039+03:00,2026-06-02T04:09:45.802+03:00,1799.7,20,20.004,19.994,36001,17,0.000472,121.504,146.669,154.646,222.098,801.636,143.084,76.688,60001.131,748.169,5.228881,,,0.0,0.0,0.0,0.0,108.835,140.205,200.474,0.9987,142154132,2776264,78987.8,36001,2026-06-02T03:39:45.6021852+03:00,2026-06-02T04:09:45.2996636+03:00
06_flyio__A_browse__rep02,06_flyio,A_browse,2,2026-06-02T04:13:46.765+03:00,2026-06-02T04:43:47.477+03:00,1799.74,20,20.003,19.992,36000,20,0.000556,119.914,143.647,151.144,220.221,686.156,137.559,74.887,60001.079,604.302,4.393041,,,0.0,0.0,0.0,0.0,106.201,137.755,196.158,0.9988,142730939,2790324,79306.5,36000,2026-06-02T04:13:47.2100986+03:00,2026-06-02T04:43:46.949236+03:00
06_flyio__A_browse__rep03,06_flyio,A_browse,3,2026-06-02T04:47:47.172+03:00,2026-06-02T05:17:48.171+03:00,1799.96,20,19.991,19.975,35983,28,0.000778,127.597,372.068,580.207,1598.164,4447.307,220.204,76.036,60004.501,638.958,2.901657,,,0.0,0.0,0.0,0.0,112.704,560.129,1582.045,0.9639,142192621,2825712,78997.6,35983,2026-06-02T04:47:47.628216+03:00,2026-06-02T05:17:47.5902129+03:00
06_flyio__A_browse__rep04,06_flyio,A_browse,4,2026-06-02T05:21:48.307+03:00,2026-06-02T05:51:59.462+03:00,1810.18,20,19.831,19.817,35898,25,0.000696,159.34,614.476,858.188,4739.006,14583.55,386.544,81.595,60000.486,1199.777,3.103855,,,0.0,0.0,0.0,0.0,150.625,839.725,4721.703,0.9164,142170651,2889054,78539.5,35898,2026-06-02T05:21:48.7445978+03:00,2026-06-02T05:51:58.925937+03:00
06_flyio__A_browse__rep05,06_flyio,A_browse,5,2026-06-02T05:56:03.277+03:00,2026-06-02T06:26:04.366+03:00,1800.07,20,19.995,19.971,35992,42,0.001167,184.064,631.735,808.047,1268.044,17174.7,335.238,78.123,59999.854,1337.45,3.989551,,,0.0,0.0,0.0,0.0,173.185,793.265,1256.365,0.9151,142431972,2822176,79126.0,35992,2026-06-02T05:56:03.762033+03:00,2026-06-02T06:26:03.8271847+03:00
06_flyio__A_browse__rep06,06_flyio,A_browse,6,2026-06-02T06:30:05.466+03:00,2026-06-02T07:00:06.205+03:00,1799.76,20,19.97,19.913,35941,103,0.002866,178.279,664.723,950.899,4785.145,19267.067,447.656,75.22,60000.583,1705.173,3.809117,,,0.0,0.0,0.0,0.0,167.317,934.008,4772.975,0.9005,142497490,3014433,79176.0,35941,2026-06-02T06:30:05.9056184+03:00,2026-06-02T07:00:05.6611911+03:00
06_flyio__A_browse__rep07,06_flyio,A_browse,7,2026-06-02T07:04:25.573+03:00,2026-06-02T07:34:26.589+03:00,1800.06,20,19.862,19.84,35752,38,0.001063,144.558,526.463,685.678,1164.871,16055.844,319.181,73.741,60000.588,1181.032,3.700194,,,0.0,0.0,0.0,0.0,131.494,668.455,1150.47,0.9408,141264636,2894565,78477.7,35752,2026-06-02T07:04:25.9849608+03:00,2026-06-02T07:34:26.0457625+03:00
06_flyio__A_browse__rep08,06_flyio,A_browse,8,2026-06-02T07:38:28.024+03:00,2026-06-02T08:08:55.316+03:00,1826.19,20,19.685,19.665,35949,37,0.001029,143.179,526.493,711.007,3052.485,7009.352,318.575,75.139,60000.563,1306.518,4.101132,,,0.0,0.0,0.0,0.0,130.283,693.657,3039.384,0.9378,142572780,2890106,78071.0,35949,2026-06-02T07:38:28.6028863+03:00,2026-06-02T08:08:54.7970072+03:00
06_flyio__A_browse__rep09,06_flyio,A_browse,9,2026-06-02T08:12:56.793+03:00,2026-06-02T08:43:12.995+03:00,1815.12,20,19.808,19.76,35954,87,0.00242,197.592,588.497,771.482,2990.107,19263.287,377.332,76.007,60001.529,1437.017,3.808365,,,0.0,0.0,0.0,0.0,189.819,751.041,2974.758,0.9187,142049769,2965988,78259.3,35954,2026-06-02T08:12:57.3629017+03:00,2026-06-02T08:43:12.4806809+03:00
06_flyio__A_browse__rep10,06_flyio,A_browse,10,2026-06-02T08:47:16.133+03:00,2026-06-02T09:17:16.832+03:00,1799.62,20,19.96,19.905,35920,99,0.002756,136.728,514.098,741.884,4423.897,19264.806,366.621,75.795,60000.543,1427.249,3.892979,,,0.0,0.0,0.0,0.0,122.733,723.13,4409.773,0.9341,141635159,3015257,78702.9,35920,2026-06-02T08:47:16.6762963+03:00,2026-06-02T09:17:16.293851+03:00
06_flyio__B_mixed__rep01,06_flyio,B_mixed,1,2026-06-02T09:21:16.667+03:00,2026-06-02T09:51:17.479+03:00,1799.68,15,15.003,14.995,27001,15,0.000556,119.209,139.536,154.272,571.452,2074.329,142.599,77.215,60000.479,529.355,3.7122,,,0.0,0.0,0.0,0.0,105.84,141.919,558.821,0.9917,86292395,1959012,47948.8,27001,2026-06-02T09:21:17.225804+03:00,2026-06-02T09:51:16.9046728+03:00
06_flyio__B_mixed__rep02,06_flyio,B_mixed,2,2026-06-02T09:55:17.549+03:00,2026-06-02T10:25:18.338+03:00,1799.64,15,15.003,15.001,27000,3,0.000111,117.533,136.4,143.697,224.722,561.653,121.451,83.504,19263.48,159.953,1.317015,,,0.0,0.0,0.0,0.0,103.825,133.45,210.486,0.9993,85743391,1937216,47644.7,27000,2026-06-02T09:55:18.1314482+03:00,2026-06-02T10:25:17.771407+03:00
06_flyio__B_mixed__rep03,06_flyio,B_mixed,3,2026-06-02T10:29:18.780+03:00,2026-06-02T10:59:19.631+03:00,1799.75,15,15.003,14.999,27001,7,0.000259,121.178,142.384,151.458,244.195,4960.833,137.597,84.951,60000.362,529.456,3.847877,,,0.0,0.0,0.0,0.0,107.184,137.66,227.686,0.9982,86242579,1949752,47919.2,27001,2026-06-02T10:29:19.2820536+03:00,2026-06-02T10:59:19.0333222+03:00
06_flyio__B_mixed__rep04,06_flyio,B_mixed,4,2026-06-02T11:03:24.848+03:00,2026-06-02T11:33:25.671+03:00,1799.41,15,15.005,15.003,27001,4,0.000148,126.071,148.65,157.296,264.923,607.804,136.627,79.974,19230.676,312.115,2.284423,,,0.0,0.0,0.0,0.0,113.442,144.908,251.81,0.9988,86310196,1946956,47965.8,27001,2026-06-02T11:03:25.7081733+03:00,2026-06-02T11:33:25.1202178+03:00
06_flyio__B_mixed__rep05,06_flyio,B_mixed,5,2026-06-02T11:37:25.321+03:00,2026-06-02T12:07:26.057+03:00,1799.73,15,15.003,14.998,27001,8,0.000296,127.219,150.613,159.258,233.417,687.657,138.476,81.412,60000.606,471.365,3.403941,,,0.0,0.0,0.0,0.0,113.751,145.809,218.476,0.9985,85551215,1942199,47535.5,27001,2026-06-02T11:37:25.7612181+03:00,2026-06-02T12:07:25.4962182+03:00
06_flyio__B_mixed__rep06,06_flyio,B_mixed,6,2026-06-02T12:11:25.889+03:00,2026-06-02T12:41:26.637+03:00,1799.67,15,15.003,14.997,27001,11,0.000407,127.127,154.849,167.748,294.582,655.776,136.54,77.073,19267.232,312.099,2.285763,,,0.0,0.0,0.0,0.0,112.512,150.248,221.018,0.9987,85135495,1941116,47306.2,27001,2026-06-02T12:11:26.3877175+03:00,2026-06-02T12:41:26.0576146+03:00
06_flyio__B_mixed__rep07,06_flyio,B_mixed,7,2026-06-02T12:45:27.897+03:00,2026-06-02T13:15:28.909+03:00,1799.81,15,15.002,14.996,27001,11,0.000407,123.842,160.302,289.603,442.039,9749.971,157.745,81.022,60000.912,745.361,4.725087,,,0.0,0.0,0.0,0.0,113.035,156.804,304.499,0.9958,85851242,1945920,47700.1,27001,2026-06-02T12:45:28.479831+03:00,2026-06-02T13:15:28.2910031+03:00
06_flyio__C_checkout__rep01,06_flyio,C_checkout,1,2026-06-02T13:19:33.866+03:00,2026-06-02T13:49:36.393+03:00,1800.79,10,29.985,29.975,53997,18,0.000333,116.343,151.489,291.464,405.867,838.69,138.491,83.036,19268.962,330.865,2.389063,,,0.0,0.0,0.0,0.0,107.81,147.061,240.596,0.9972,167969884,3738079,93275.8,17999,2026-06-02T13:19:35.0299085+03:00,2026-06-02T13:49:35.8175946+03:00
06_flyio__C_checkout__rep02,06_flyio,C_checkout,2,2026-06-02T13:53:37.843+03:00,2026-06-02T14:24:07.048+03:00,1828.06,10,29.413,29.347,53769,121,0.00225,146.928,523.572,727.716,2287.601,19257.513,332.168,0,60001.132,1185.856,3.570053,,,0.0,0.0,0.0,0.0,139.346,637.25,2239.125,0.9401,167503927,4025246,91629.4,17923,2026-06-02T13:53:38.4365319+03:00,2026-06-02T14:24:06.4948384+03:00
06_flyio__C_checkout__rep03,06_flyio,C_checkout,3,2026-06-02T14:28:12.331+03:00,2026-06-02T14:58:16.353+03:00,1802.73,10,29.931,29.916,53958,28,0.000519,159.426,480.004,592.58,870.241,1830.103,257.882,84.6,60003.003,784.787,3.043202,,,0.0,0.0,0.0,0.0,143.358,518.141,724.464,0.9554,168065428,3764171,93228.3,17986,2026-06-02T14:28:13.0458408+03:00,2026-06-02T14:58:15.7752824+03:00
06_flyio__C_checkout__rep04,06_flyio,C_checkout,4,2026-06-02T15:02:19.275+03:00,2026-06-02T15:32:49.991+03:00,1829.65,10,29.314,29.256,53634,106,0.001976,205.38,644.976,853.295,1984.585,19260.226,396.465,86.267,60002.291,1467.33,3.70103,,,0.0,0.0,0.0,0.0,187.706,808.374,1960.896,0.9084,167184734,4055359,91375.2,17877,2026-06-02T15:02:19.7676118+03:00,2026-06-02T15:32:49.4180508+03:00
06_flyio__C_checkout__rep05,06_flyio,C_checkout,5,2026-06-02T15:36:52.746+03:00,2026-06-02T16:07:18.548+03:00,1824.67,10,29.43,29.371,53700,107,0.001993,196.652,578.692,803.551,3347.868,19262.166,382.033,87.366,60002.031,1364.185,3.570855,,,0.0,0.0,0.0,0.0,168.554,701.855,3303.654,0.9221,167369554,4025482,91725.7,17900,2026-06-02T15:36:53.2984557+03:00,2026-06-02T16:07:17.9728631+03:00
06_flyio__C_checkout__rep06,06_flyio,C_checkout,6,2026-06-02T16:11:21.543+03:00,2026-06-02T16:41:23.909+03:00,1801.04,10,29.896,29.866,53844,54,0.001003,181.93,528.449,685.63,1576.803,11012.493,303.416,86.805,60002.148,892.826,2.942582,,,0.0,0.0,0.0,0.0,153.106,615.209,1544.221,0.9412,167815516,3874529,93177.1,17948,2026-06-02T16:11:22.2682518+03:00,2026-06-02T16:41:23.3065881+03:00
06_flyio__C_checkout__rep07,06_flyio,C_checkout,7,2026-06-02T16:45:25.362+03:00,2026-06-02T17:15:27.463+03:00,1800.88,10,29.722,29.665,53526,102,0.001906,157.103,468.51,585.305,2488.488,19259.364,346.408,86.542,60001.267,1382.588,3.99121,,,0.0,0.0,0.0,0.0,144.28,544.787,2440.227,0.9552,166982131,4122078,92722.4,17842,2026-06-02T16:45:25.951602+03:00,2026-06-02T17:15:26.8344083+03:00
06_flyio__C_checkout__rep08,06_flyio,C_checkout,8,2026-06-02T17:19:30.551+03:00,2026-06-02T17:50:01.330+03:00,1829.59,10,29.39,29.314,53771,138,0.002566,179.293,535.703,717.897,2385.379,19263.298,350.659,89.012,60001.369,1354.818,3.863639,,,0.0,0.0,0.0,0.0,162.433,695.616,2374.458,0.9377,167478225,4046831,91538.7,17923,2026-06-02T17:19:31.0900657+03:00,2026-06-02T17:50:00.6790639+03:00
06_flyio__C_checkout__rep09,06_flyio,C_checkout,9,2026-06-02T17:54:03.533+03:00,2026-06-02T18:24:25.750+03:00,1821.16,10,29.518,29.481,53757,68,0.001265,153.94,546.476,750.343,2685.846,18770.869,332.53,92.803,60001.279,1067.298,3.209627,,,0.0,0.0,0.0,0.0,142.288,720.474,2669.156,0.9327,167603251,3933260,92031.1,17919,2026-06-02T17:54:04.0466683+03:00,2026-06-02T18:24:25.2059461+03:00
06_flyio__C_checkout__rep10,06_flyio,C_checkout,10,2026-06-02T18:28:27.349+03:00,2026-06-02T18:58:29.560+03:00,1801.11,10,29.865,29.819,53790,83,0.001543,174.664,518.157,691.036,2345.773,19244.02,328.667,91.012,60001.096,1125.87,3.425569,,,0.0,0.0,0.0,0.0,164.14,660.534,2321.629,0.9404,167668680,3947518,93092.1,17930,2026-06-02T18:28:27.8252392+03:00,2026-06-02T18:58:28.9304254+03:00
06_flyio__D_burst__rep01,06_flyio,D_burst,1,2026-06-02T19:02:32.726+03:00,2026-06-02T19:32:49.434+03:00,1815.2,10,16.383,16.123,29739,472,0.015871,144.126,8667.717,12961.895,19251.676,24619.932,2012.088,102.987,60000.664,4539.197,2.255964,,,0.0,0.0,0.0,0.0,129.45,12945.648,19251.075,0.7863,134131317,3813934,73893.6,29739,2026-06-02T19:02:33.5315873+03:00,2026-06-02T19:32:48.72718+03:00
06_flyio__D_burst__rep02,06_flyio,D_burst,2,2026-06-02T19:36:56.891+03:00,2026-06-02T20:06:57.650+03:00,1799.18,10,17.841,17.829,32099,22,0.000685,126.615,155.749,207.925,355.19,823.277,151.142,101.761,20128.975,480.836,3.181349,,,0.0,0.0,0.0,0.0,115.227,151.342,230.775,0.9981,144963605,2786703,80572.2,32099,2026-06-02T19:36:57.880837+03:00,2026-06-02T20:06:57.0581927+03:00
06_flyio__D_burst__rep03,06_flyio,D_burst,3,2026-06-02T20:10:59.865+03:00,2026-06-02T20:41:01.190+03:00,1799.2,10,17.841,17.835,32099,11,0.000343,132.226,308.01,353.167,509.989,1456.769,171.307,101.02,19276.262,330.908,1.931669,,,0.0,0.0,0.0,0.0,118.498,160.314,262.95,0.9945,144994939,2765715,80588.4,32099,2026-06-02T20:11:01.3719174+03:00,2026-06-02T20:41:00.5765073+03:00
06_flyio__D_burst__rep04,06_flyio,D_burst,4,2026-06-02T20:45:05.484+03:00,2026-06-02T21:15:06.432+03:00,1799.55,10,17.837,17.818,32099,35,0.00109,136.175,334.802,365.38,644.27,16576.304,206.641,104.14,60000.883,766.305,3.708394,,,0.0,0.0,0.0,0.0,119.807,158.244,297.681,0.9912,144912311,2805906,80527.1,32099,2026-06-02T20:45:06.208235+03:00,2026-06-02T21:15:05.755658+03:00
06_flyio__D_burst__rep05,06_flyio,D_burst,5,2026-06-02T21:19:09.277+03:00,2026-06-02T21:49:10.281+03:00,1799.46,10,17.838,17.823,32099,27,0.000841,129.472,343.823,399.901,833.288,3082.005,193.987,102.19,60000.968,707.987,3.649661,,,0.0,0.0,0.0,0.0,117.713,170.727,359.067,0.9876,144924019,2784757,80537.4,32099,2026-06-02T21:19:10.2134865+03:00,2026-06-02T21:49:09.6764255+03:00
06_flyio__D_burst__rep06,06_flyio,D_burst,6,2026-06-02T21:53:16.874+03:00,2026-06-02T22:23:17.723+03:00,1799.23,10,17.84,17.829,32099,21,0.000654,131.712,319.529,377.767,770.607,1772.667,187.164,100.601,60001.749,723.921,3.867841,,,0.0,0.0,0.0,0.0,117.133,161.748,317.259,0.9897,144941191,2779701,80557.5,32099,2026-06-02T21:53:17.8897655+03:00,2026-06-02T22:23:17.1171527+03:00
06_flyio__D_burst__rep07,06_flyio,D_burst,7,2026-06-02T22:27:17.817+03:00,2026-06-02T22:57:18.616+03:00,1799.45,10,17.838,17.822,32099,30,0.000935,125.991,170.934,341.387,536.033,1762.809,167.27,100.657,19360.276,570.905,3.413067,,,0.0,0.0,0.0,0.0,113.185,153.092,215.604,0.9936,144958978,2800663,80557.2,32099,2026-06-02T22:27:18.5961034+03:00,2026-06-02T22:57:18.0505436+03:00
06_flyio__D_burst__rep08,06_flyio,D_burst,8,2026-06-02T23:01:19.115+03:00,2026-06-02T23:31:19.817+03:00,1799.38,10,17.767,17.646,31969,217,0.006788,124.64,276.018,356.363,999.598,19280.289,298.956,0,60001.258,1705.971,5.706425,,,0.0,0.0,0.0,0.0,112.455,161.368,650.671,0.9834,144362947,3342119,80229.4,31969,2026-06-02T23:01:19.8630563+03:00,2026-06-02T23:31:19.240678+03:00
06_flyio__D_burst__rep09,06_flyio,D_burst,9,2026-06-02T23:35:19.765+03:00,2026-06-03T00:05:20.579+03:00,1799.33,10,17.839,17.818,32099,38,0.001184,123.471,164.667,320.192,606.071,18641.582,169.063,90.42,60005.397,766.013,4.530939,,,0.0,0.0,0.0,0.0,110.351,149.239,295.625,0.9928,144915834,2805745,80539.0,32099,2026-06-02T23:35:20.6781243+03:00,2026-06-03T00:05:20.0032474+03:00
06_flyio__D_burst__rep10,06_flyio,D_burst,10,2026-06-03T00:09:21.203+03:00,2026-06-03T00:39:22.401+03:00,1799.45,10,17.838,17.829,32099,16,0.000498,123.247,152.456,298.718,546.488,8579.226,158.981,100.587,60002.685,571.922,3.59743,,,0.0,0.0,0.0,0.0,109.866,149.461,284.144,0.9938,145002679,2776268,80581.7,32099,2026-06-03T00:09:22.10529+03:00,2026-06-03T00:39:21.5548307+03:00
