platform,second,p95_ms,rps
Apache,0,129.9,3.5
Apache,1,123.6,5.0
Apache,2,125.3,4.5
Apache,3,581.5,6.5
Apache,4,124.8,5.0
Apache,5,130.3,2.0
Apache,6,128.9,3.5
Apache,7,129.0,5.0
Apache,8,139.1,5.0
Apache,9,137.8,5.0
Apache,10,149.1,5.0
Apache,11,139.6,5.0
Apache,12,134.2,5.0
Apache,13,136.2,5.0
Apache,14,138.6,5.0
Apache,15,143.2,5.0
Apache,16,163.9,5.0
Apache,17,142.5,5.0
Apache,18,134.3,5.0
Apache,19,131.9,5.0
Apache,20,139.3,5.0
Apache,21,134.0,5.0
Apache,22,128.7,5.0
Apache,23,128.4,5.0
Apache,24,136.2,5.0
Apache,25,146.8,5.0
Apache,26,134.6,5.0
Apache,27,148.6,5.0
Apache,28,134.6,5.0
Apache,29,138.0,5.0
Apache,30,131.6,5.0
Apache,31,128.7,5.0
Apache,32,137.8,5.0
Apache,33,134.4,5.0
Apache,34,137.4,5.0
Apache,35,123.0,5.0
Apache,36,125.7,5.0
Apache,37,132.4,5.0
Apache,38,145.1,5.0
Apache,39,132.4,5.0
Apache,40,128.5,5.0
Apache,41,132.3,5.0
Apache,42,134.5,5.0
Apache,43,132.8,5.0
Apache,44,145.3,5.0
Apache,45,137.7,5.0
Apache,46,121.5,5.0
Apache,47,144.9,5.0
Apache,48,129.6,5.0
Apache,49,145.1,5.0
Apache,50,150.0,5.0
Apache,51,128.2,5.0
Apache,52,150.3,5.0
Apache,53,125.9,5.0
Apache,54,147.6,5.0
Apache,55,176.7,5.0
Apache,56,139.2,5.0
Apache,57,121.6,5.0
Apache,58,120.4,5.0
Apache,59,150.8,5.0
Apache,60,162.5,5.0
Apache,61,138.7,5.0
Apache,62,125.1,5.0
Apache,63,140.0,5.0
Apache,64,22548.5,6.0
Apache,65,59911.8,9.0
Apache,66,22563.8,5.5
Apache,67,121.4,5.0
Apache,68,129.4,5.0
Apache,69,133.1,4.5
Apache,70,113.0,2.0
Apache,71,118.9,3.0
Apache,72,116.2,4.5
Apache,73,120.2,5.0
Apache,74,146.4,5.0
Apache,75,139.8,5.0
Apache,76,137.0,5.0
Apache,77,124.2,5.0
Apache,78,124.4,5.0
Apache,79,128.3,5.0
Apache,80,125.2,5.0
Apache,81,134.0,5.0
Apache,82,116.0,5.0
Apache,83,125.5,5.0
Apache,84,133.1,5.0
Apache,85,136.9,5.0
Apache,86,126.8,5.0
Apache,87,123.4,5.0
Apache,88,136.9,5.0
Apache,89,137.2,5.0
Apache,90,121.9,5.0
Apache,91,123.1,5.0
Apache,92,121.9,5.0
Apache,93,130.8,5.0
Apache,94,125.9,5.0
Apache,95,125.3,5.0
Apache,96,128.9,5.0
Apache,97,128.5,5.0
Apache,98,127.1,5.0
Apache,99,124.9,5.0
Apache,100,130.8,5.0
Apache,101,125.0,5.0
Apache,102,123.9,5.0
Apache,103,132.9,5.0
Apache,104,128.7,5.0
Apache,105,137.9,5.0
Apache,106,137.0,5.0
Apache,107,125.3,5.0
Apache,108,135.7,5.0
Apache,109,129.2,5.0
Apache,110,132.0,5.0
Apache,111,122.5,5.0
Apache,112,125.9,5.0
Apache,113,140.4,5.0
Apache,114,139.0,5.0
Apache,115,119.4,5.0
Apache,116,130.3,5.0
Apache,117,114.3,5.0
Apache,118,126.8,5.0
Apache,119,151.3,5.0
Apache,120,136.7,5.0
Apache,121,125.7,5.0
Apache,122,130.2,5.0
Apache,123,149.9,5.0
Apache,124,152.2,5.0
Apache,125,121.9,5.0
Apache,126,126.2,5.0
Apache,127,136.1,5.0
Apache,128,129.7,5.0
Apache,129,44983.2,6.0
Apache,130,59908.4,7.0
Apache,131,59906.8,7.0
Apache,132,131.6,5.0
Apache,133,130.3,5.0
Apache,134,124.0,4.0
Apache,135,124.9,3.5
Apache,136,102.9,3.0
Apache,137,121.1,3.5
Apache,138,134.2,5.0
Apache,139,130.4,5.0
Apache,140,131.2,5.0
Apache,141,123.5,5.0
Apache,142,130.5,5.0
Apache,143,127.9,5.0
Apache,144,148.1,5.0
Apache,145,147.9,5.0
Apache,146,128.9,5.0
Apache,147,134.4,5.0
Apache,148,148.4,5.0
Apache,149,177.2,5.0
Apache,150,135.1,5.0
Apache,151,125.2,5.0
Apache,152,131.4,5.0
Apache,153,154.2,5.0
Apache,154,130.5,5.0
Apache,155,132.0,5.0
Apache,156,125.4,5.0
Apache,157,130.8,5.0
Apache,158,149.9,5.0
Apache,159,127.8,5.0
Apache,160,124.7,5.0
Apache,161,136.0,5.0
Apache,162,125.7,5.0
Apache,163,130.4,5.0
Apache,164,133.3,5.0
Apache,165,122.9,5.0
Apache,166,133.7,5.0
Apache,167,129.1,5.0
Apache,168,134.6,5.0
Apache,169,128.5,5.0
Apache,170,120.2,5.0
Apache,171,142.2,5.0
Apache,172,154.3,5.0
Apache,173,137.0,5.0
Apache,174,142.0,5.0
Apache,175,131.1,5.0
Apache,176,137.4,5.0
Apache,177,135.8,5.0
Apache,178,134.2,5.0
Apache,179,149.5,5.0
Apache,180,146.5,5.0
Apache,181,140.8,5.0
Apache,182,133.0,5.0
Apache,183,150.5,5.0
Apache,184,128.7,5.0
Apache,185,125.3,5.0
Apache,186,130.0,5.0
Apache,187,128.0,5.0
Apache,188,118.0,5.0
Apache,189,131.2,5.0
Apache,190,120.2,5.0
Apache,191,144.6,5.0
Apache,192,137.4,5.0
Apache,193,133.7,5.0
Apache,194,44957.3,6.0
Apache,195,59903.8,7.0
Apache,196,59906.8,7.0
Apache,197,44982.3,6.0
Apache,198,159.5,5.0
Apache,199,129.0,4.0
Apache,200,119.0,4.0
Apache,201,132.6,4.0
Apache,202,111.7,4.0
Apache,203,136.4,4.0
Apache,204,137.1,5.0
Apache,205,130.3,5.0
Apache,206,134.6,5.0
Apache,207,123.1,5.0
Apache,208,139.5,5.0
Apache,209,130.6,5.0
Apache,210,128.0,5.0
Apache,211,123.7,5.0
Apache,212,139.5,5.0
Apache,213,157.4,5.0
Apache,214,138.0,5.0
Apache,215,130.4,5.0
Apache,216,137.4,5.0
Apache,217,142.3,5.0
Apache,218,172.9,5.0
Apache,219,125.7,5.0
Apache,220,129.9,5.0
Apache,221,141.5,5.0
Apache,222,157.3,5.0
Apache,223,132.6,5.0
Apache,224,124.6,5.0
Apache,225,129.1,5.0
Apache,226,141.7,5.0
Apache,227,132.0,5.0
Apache,228,135.9,5.0
Apache,229,120.2,5.0
Apache,230,124.1,5.0
Apache,231,144.3,5.0
Apache,232,120.7,5.0
Apache,233,117.9,5.0
Apache,234,148.7,5.0
Apache,235,136.8,5.0
Apache,236,146.4,5.0
Apache,237,130.1,5.0
Apache,238,140.8,5.0
Apache,239,129.2,5.0
Apache,240,127.1,5.0
Apache,241,132.7,5.0
Apache,242,138.4,5.0
Apache,243,142.8,5.0
Apache,244,121.3,5.0
Apache,245,141.5,5.0
Apache,246,136.7,5.0
Apache,247,141.0,5.0
Apache,248,132.2,5.0
Apache,249,130.3,5.0
Apache,250,137.2,5.0
Apache,251,134.3,5.0
Apache,252,128.1,5.0
Apache,253,120.4,5.0
Apache,254,135.7,5.0
Apache,255,142.7,5.0
Apache,256,157.3,5.0
Apache,257,127.2,5.0
Apache,258,126.2,5.0
Apache,259,44961.9,6.0
Apache,260,44971.1,6.0
Apache,261,44952.6,6.0
Apache,262,44986.7,6.0
Apache,263,44961.8,6.0
Apache,264,125.7,4.0
Apache,265,131.2,4.0
Apache,266,128.5,4.0
Apache,267,118.5,4.0
Apache,268,106.3,4.0
Apache,269,135.9,4.0
Apache,270,129.5,5.0
Apache,271,138.6,5.0
Apache,272,151.8,5.0
Apache,273,182.1,5.0
Apache,274,136.1,5.0
Apache,275,125.2,5.0
Apache,276,141.4,5.0
Apache,277,159.6,5.0
Apache,278,140.9,5.0
Apache,279,129.5,5.0
Apache,280,124.0,5.0
Apache,281,168.4,5.0
Apache,282,179.5,5.0
Apache,283,141.6,5.0
Apache,284,138.9,5.0
Apache,285,152.3,5.0
Apache,286,130.3,5.0
Apache,287,120.5,5.0
Apache,288,129.8,5.0
Apache,289,143.3,5.0
Apache,290,123.1,5.0
Apache,291,169.1,5.0
Apache,292,145.8,5.0
Apache,293,129.9,5.0
Apache,294,167.2,5.0
Apache,295,131.7,5.0
Apache,296,140.9,5.0
Apache,297,141.8,5.0
Apache,298,167.0,5.0
Apache,299,157.5,5.0
Apache,300,169.6,5.0
Apache,301,144.8,6.0
Apache,302,147.2,6.0
Apache,303,142.0,7.0
Apache,304,131.3,7.5
Apache,305,126.7,8.0
Apache,306,121.0,9.0
Apache,307,118.5,9.0
Apache,308,120.2,10.0
Apache,309,120.5,11.0
Apache,310,120.5,11.0
Apache,311,120.8,12.0
Apache,312,126.4,12.0
Apache,313,121.9,13.0
Apache,314,122.0,13.5
Apache,315,125.3,14.0
Apache,316,125.0,14.0
Apache,317,118.2,15.0
Apache,318,119.6,16.0
Apache,319,116.8,16.0
Apache,320,119.2,17.0
Apache,321,117.0,17.0
Apache,322,126.2,18.5
Apache,323,123.4,18.5
Apache,324,3111.4,20.0
Apache,325,3115.0,20.0
Apache,326,3104.0,20.5
Apache,327,129.3,21.0
Apache,328,131.0,21.5
Apache,329,120.2,21.5
Apache,330,121.7,22.0
Apache,331,118.8,23.5
Apache,332,120.2,24.0
Apache,333,126.9,24.0
Apache,334,118.7,25.0
Apache,335,122.7,25.5
Apache,336,120.8,26.0
Apache,337,123.6,27.0
Apache,338,119.7,28.0
Apache,339,118.1,28.0
Apache,340,124.2,28.5
Apache,341,119.4,29.0
Apache,342,117.7,30.0
Apache,343,116.4,30.0
Apache,344,121.0,31.0
Apache,345,120.3,31.0
Apache,346,124.7,32.0
Apache,347,117.6,33.0
Apache,348,119.0,33.0
Apache,349,121.3,34.0
Apache,350,117.7,34.0
Apache,351,119.2,35.0
Apache,352,118.8,35.0
Apache,353,121.8,36.0
Apache,354,127.1,36.0
Apache,355,127.4,38.0
Apache,356,122.1,38.0
Apache,357,120.6,38.5
Apache,358,117.3,39.0
Apache,359,118.7,39.0
Apache,360,118.9,40.0
Apache,361,121.2,40.0
Apache,362,120.2,40.0
Apache,363,123.3,40.0
Apache,364,124.3,40.0
Apache,365,122.5,40.0
Apache,366,132.1,40.0
Apache,367,127.9,40.0
Apache,368,124.8,40.0
Apache,369,122.4,40.0
Apache,370,125.5,40.0
Apache,371,127.5,40.0
Apache,372,120.9,40.0
Apache,373,124.1,40.0
Apache,374,123.1,40.0
Apache,375,124.6,40.0
Apache,376,121.7,40.0
Apache,377,123.9,40.0
Apache,378,133.1,40.0
Apache,379,129.2,40.0
Apache,380,134.9,40.0
Apache,381,124.1,40.0
Apache,382,126.1,40.0
Apache,383,125.0,40.0
Apache,384,121.3,40.0
Apache,385,119.4,40.0
Apache,386,123.6,41.0
Apache,387,124.4,40.0
Apache,388,126.4,40.0
Apache,389,128.6,40.0
Apache,390,127.4,39.5
Apache,391,123.3,40.0
Apache,392,121.5,40.0
Apache,393,121.3,40.0
Apache,394,118.2,40.0
Apache,395,119.7,40.0
Apache,396,121.6,40.0
Apache,397,127.0,40.0
Apache,398,123.6,40.0
Apache,399,120.6,40.0
Apache,400,115.8,40.5
Apache,401,117.7,40.0
Apache,402,119.7,40.0
Apache,403,121.5,40.0
Apache,404,122.5,40.0
Apache,405,124.8,40.0
Apache,406,124.0,40.0
Apache,407,117.0,40.0
Apache,408,120.1,40.0
Apache,409,119.9,40.0
Apache,410,114.4,40.0
Apache,411,114.9,40.0
Apache,412,115.4,40.0
Apache,413,116.7,40.0
Apache,414,120.0,40.0
Apache,415,121.2,40.0
Apache,416,116.1,40.0
Apache,417,121.8,40.0
Apache,418,117.0,40.0
Apache,419,125.0,40.0
Apache,420,117.6,39.5
Apache,421,120.8,40.0
Apache,422,120.7,40.0
Apache,423,126.0,40.0
Apache,424,114.6,40.5
Apache,425,120.2,40.0
Apache,426,120.0,40.0
Apache,427,117.9,40.0
Apache,428,119.8,40.0
Apache,429,124.7,40.0
Apache,430,119.5,40.0
Apache,431,126.3,40.0
Apache,432,122.7,40.0
Apache,433,118.5,40.0
Apache,434,117.7,40.0
Apache,435,117.5,40.0
Apache,436,122.4,40.0
Apache,437,120.1,40.0
Apache,438,117.9,40.5
Apache,439,122.7,40.0
Apache,440,123.6,40.0
Apache,441,123.6,39.5
Apache,442,126.3,40.0
Apache,443,118.4,40.0
Apache,444,116.5,40.0
Apache,445,124.4,40.0
Apache,446,124.2,40.0
Apache,447,123.4,40.0
Apache,448,123.5,41.0
Apache,449,126.2,39.0
Apache,450,116.3,40.0
Apache,451,123.0,39.5
Apache,452,122.7,40.0
Apache,453,124.8,40.0
Apache,454,123.7,40.0
Apache,455,117.1,40.0
Apache,456,119.8,40.0
Apache,457,122.1,40.0
Apache,458,122.7,40.0
Apache,459,123.4,40.0
Apache,460,115.9,40.0
Apache,461,120.3,40.0
Apache,462,121.6,40.0
Apache,463,117.6,40.0
Apache,464,121.5,40.0
Apache,465,120.8,40.0
Apache,466,117.6,40.0
Apache,467,122.1,40.0
Apache,468,119.8,40.0
Apache,469,119.0,40.0
Apache,470,122.6,40.0
Apache,471,120.7,40.0
Apache,472,117.3,40.0
Apache,473,117.7,40.0
Apache,474,120.3,40.0
Apache,475,125.1,40.0
Apache,476,121.1,40.0
Apache,477,121.8,40.0
Apache,478,123.2,40.0
Apache,479,117.6,40.0
Apache,480,118.0,40.0
Apache,481,117.4,40.0
Apache,482,119.7,40.0
Apache,483,120.7,40.0
Apache,484,121.1,40.0
Apache,485,125.0,40.0
Apache,486,121.6,40.0
Apache,487,116.2,40.0
Apache,488,121.6,40.0
Apache,489,118.0,40.0
Apache,490,115.8,40.0
Apache,491,118.9,40.0
Apache,492,116.1,40.0
Apache,493,124.9,40.0
Apache,494,121.1,40.0
Apache,495,120.3,40.0
Apache,496,129.0,41.0
Apache,497,123.9,40.0
Apache,498,119.2,40.0
Apache,499,123.6,40.0
Apache,500,120.0,40.0
Apache,501,119.5,40.0
Apache,502,117.1,40.0
Apache,503,123.5,40.0
Apache,504,116.9,40.0
Apache,505,125.8,40.0
Apache,506,122.0,40.5
Apache,507,124.3,40.0
Apache,508,121.1,40.0
Apache,509,122.7,40.0
Apache,510,125.4,41.0
Apache,511,123.3,39.5
Apache,512,117.6,40.0
Apache,513,121.4,40.0
Apache,514,124.0,40.0
Apache,515,121.6,40.0
Apache,516,121.7,40.0
Apache,517,117.0,40.0
Apache,518,121.6,40.0
Apache,519,122.9,40.0
Apache,520,117.0,40.0
Apache,521,117.4,40.0
Apache,522,122.7,40.0
Apache,523,118.8,40.0
Apache,524,124.1,40.0
Apache,525,119.0,40.0
Apache,526,121.6,40.0
Apache,527,127.0,40.0
Apache,528,126.9,40.0
Apache,529,120.1,40.0
Apache,530,115.4,40.0
Apache,531,122.4,40.0
Apache,532,122.1,40.0
Apache,533,119.8,40.0
Apache,534,122.5,40.0
Apache,535,123.4,40.0
Apache,536,124.6,40.5
Apache,537,119.2,40.0
Apache,538,121.9,40.0
Apache,539,123.1,39.5
Apache,540,121.8,40.0
Apache,541,117.4,40.0
Apache,542,117.9,40.0
Apache,543,120.6,40.0
Apache,544,118.1,40.0
Apache,545,122.5,40.0
Apache,546,120.4,40.0
Apache,547,121.7,40.0
Apache,548,122.6,40.0
Apache,549,120.9,40.0
Apache,550,118.7,40.0
Apache,551,123.9,40.0
Apache,552,118.1,40.0
Apache,553,117.8,40.0
Apache,554,117.4,40.0
Apache,555,126.5,40.0
Apache,556,125.7,40.0
Apache,557,126.7,40.0
Apache,558,122.3,40.0
Apache,559,122.9,40.0
Apache,560,114.9,40.0
Apache,561,122.7,40.0
Apache,562,118.5,40.0
Apache,563,122.1,40.0
Apache,564,126.5,40.0
Apache,565,119.6,40.0
Apache,566,119.5,40.5
Apache,567,123.9,40.0
Apache,568,126.2,40.0
Apache,569,128.5,40.5
Apache,570,129.1,40.0
Apache,571,121.6,40.0
Apache,572,125.2,40.0
Apache,573,121.9,40.0
Apache,574,122.1,40.0
Apache,575,123.2,40.0
Apache,576,116.5,39.5
Apache,577,121.9,40.5
Apache,578,123.0,40.0
Apache,579,126.0,40.0
Apache,580,122.9,40.0
Apache,581,122.4,40.0
Apache,582,118.9,40.0
Apache,583,122.5,40.0
Apache,584,117.4,40.0
Apache,585,120.7,40.0
Apache,586,119.7,40.0
Apache,587,118.9,40.0
Apache,588,118.1,40.0
Apache,589,122.2,40.0
Apache,590,118.2,40.0
Apache,591,118.1,40.0
Apache,592,123.6,40.0
Apache,593,117.5,40.0
Apache,594,117.7,40.0
Apache,595,118.0,40.0
Apache,596,119.9,40.0
Apache,597,121.7,40.0
Apache,598,118.1,40.0
Apache,599,120.4,40.0
Apache,600,117.7,40.0
Apache,601,114.6,40.0
Apache,602,121.3,40.0
Apache,603,120.4,40.0
Apache,604,117.4,40.0
Apache,605,121.2,39.5
Apache,606,118.5,40.0
Apache,607,120.5,40.0
Apache,608,124.8,40.0
Apache,609,117.3,40.0
Apache,610,118.2,40.0
Apache,611,117.8,40.0
Apache,612,123.3,40.0
Apache,613,120.2,40.0
Apache,614,123.1,40.0
Apache,615,121.0,40.0
Apache,616,117.7,40.0
Apache,617,124.1,40.0
Apache,618,121.4,40.0
Apache,619,130.1,40.0
Apache,620,122.2,40.0
Apache,621,115.2,40.0
Apache,622,120.0,40.0
Apache,623,118.9,40.0
Apache,624,124.6,40.0
Apache,625,121.7,40.0
Apache,626,118.8,40.0
Apache,627,117.7,40.0
Apache,628,119.1,40.0
Apache,629,122.4,40.0
Apache,630,123.9,40.0
Apache,631,120.3,40.0
Apache,632,124.7,39.5
Apache,633,117.7,40.0
Apache,634,117.9,40.0
Apache,635,122.9,40.0
Apache,636,114.7,40.0
Apache,637,121.1,40.0
Apache,638,120.5,40.0
Apache,639,121.0,40.0
Apache,640,119.2,40.0
Apache,641,123.3,40.0
Apache,642,123.0,40.0
Apache,643,121.3,40.0
Apache,644,122.0,40.0
Apache,645,116.0,40.0
Apache,646,119.3,40.0
Apache,647,117.8,40.0
Apache,648,120.1,40.0
Apache,649,121.7,40.0
Apache,650,117.8,40.0
Apache,651,116.4,40.0
Apache,652,120.5,40.0
Apache,653,117.5,40.0
Apache,654,123.9,40.0
Apache,655,122.8,40.0
Apache,656,116.4,40.0
Apache,657,115.6,40.0
Apache,658,119.7,40.0
Apache,659,131.1,40.0
Apache,660,121.7,40.0
Apache,661,125.5,40.0
Apache,662,123.0,40.0
Apache,663,118.8,40.0
Apache,664,121.9,40.0
Apache,665,119.1,40.0
Apache,666,118.6,40.0
Apache,667,121.4,40.0
Apache,668,124.0,40.0
Apache,669,123.5,40.0
Apache,670,118.8,40.0
Apache,671,121.1,40.0
Apache,672,120.3,40.0
Apache,673,114.3,40.0
Apache,674,122.4,40.0
Apache,675,117.3,40.0
Apache,676,119.1,40.0
Apache,677,123.5,41.0
Apache,678,120.2,40.0
Apache,679,119.1,40.0
Apache,680,120.9,40.0
Apache,681,123.8,39.5
Apache,682,120.4,40.5
Apache,683,123.9,40.0
Apache,684,126.4,40.0
Apache,685,120.2,40.0
Apache,686,122.7,40.0
Apache,687,119.6,40.5
Apache,688,118.2,40.0
Apache,689,123.3,40.0
Apache,690,122.4,40.0
Apache,691,122.8,40.0
Apache,692,127.1,40.0
Apache,693,126.8,39.5
Apache,694,122.6,40.0
Apache,695,125.2,40.0
Apache,696,119.4,40.0
Apache,697,117.0,40.0
Apache,698,122.2,40.0
Apache,699,123.4,40.0
Apache,700,116.5,40.0
Apache,701,120.4,40.0
Apache,702,120.5,40.0
Apache,703,126.4,40.0
Apache,704,119.3,40.0
Apache,705,120.9,40.0
Apache,706,116.2,40.0
Apache,707,122.5,40.0
Apache,708,126.1,40.0
Apache,709,120.4,40.0
Apache,710,124.7,40.0
Apache,711,119.3,40.0
Apache,712,121.4,40.0
Apache,713,118.7,40.0
Apache,714,118.6,40.0
Apache,715,119.0,40.0
Apache,716,119.0,40.0
Apache,717,117.6,40.0
Apache,718,118.3,40.0
Apache,719,126.1,40.0
Apache,720,122.8,40.0
Apache,721,115.2,40.0
Apache,722,117.2,40.0
Apache,723,116.4,40.0
Apache,724,127.1,40.0
Apache,725,118.6,40.0
Apache,726,111.2,40.0
Apache,727,118.5,40.0
Apache,728,120.4,40.0
Apache,729,120.0,40.0
Apache,730,128.9,40.0
Apache,731,116.2,40.0
Apache,732,116.2,40.0
Apache,733,123.5,40.0
Apache,734,117.9,40.0
Apache,735,117.7,40.0
Apache,736,117.8,40.0
Apache,737,116.5,40.0
Apache,738,128.5,40.0
Apache,739,122.5,40.0
Apache,740,121.2,40.0
Apache,741,118.0,40.0
Apache,742,119.7,40.0
Apache,743,119.2,40.0
Apache,744,127.5,40.0
Apache,745,129.0,40.0
Apache,746,119.3,40.0
Apache,747,116.5,40.0
Apache,748,125.7,39.5
Apache,749,117.0,40.0
Apache,750,119.6,40.0
Apache,751,123.3,40.0
Apache,752,123.0,40.0
Apache,753,125.1,40.5
Apache,754,123.7,40.0
Apache,755,115.4,40.0
Apache,756,116.3,40.0
Apache,757,115.6,40.0
Apache,758,118.0,40.0
Apache,759,117.6,40.0
Apache,760,116.1,40.0
Apache,761,114.5,40.0
Apache,762,117.3,40.0
Apache,763,126.3,40.0
Apache,764,123.3,40.0
Apache,765,130.1,40.0
Apache,766,125.2,40.0
Apache,767,120.5,40.0
Apache,768,124.8,40.0
Apache,769,115.4,40.0
Apache,770,115.0,40.0
Apache,771,122.4,40.0
Apache,772,119.7,40.0
Apache,773,118.2,40.0
Apache,774,121.1,40.0
Apache,775,120.6,40.0
Apache,776,116.0,40.0
Apache,777,117.0,40.0
Apache,778,126.3,40.0
Apache,779,126.9,40.0
Apache,780,124.2,40.0
Apache,781,121.1,40.0
Apache,782,119.6,40.0
Apache,783,120.4,40.0
Apache,784,116.0,40.0
Apache,785,117.5,40.0
Apache,786,117.6,40.0
Apache,787,114.8,40.0
Apache,788,116.7,40.0
Apache,789,115.0,40.0
Apache,790,119.0,40.0
Apache,791,119.5,40.0
Apache,792,122.3,40.0
Apache,793,122.8,40.0
Apache,794,118.3,40.0
Apache,795,117.8,40.0
Apache,796,125.3,40.0
Apache,797,119.6,40.0
Apache,798,123.8,40.0
Apache,799,133.2,40.0
Apache,800,118.7,40.0
Apache,801,121.5,40.0
Apache,802,118.8,40.0
Apache,803,118.7,40.0
Apache,804,120.8,40.0
Apache,805,122.5,40.0
Apache,806,125.3,40.0
Apache,807,120.3,40.0
Apache,808,133.0,40.0
Apache,809,121.2,40.0
Apache,810,124.2,40.0
Apache,811,127.1,40.0
Apache,812,129.5,40.0
Apache,813,121.5,40.0
Apache,814,125.7,40.0
Apache,815,120.5,40.0
Apache,816,120.0,40.0
Apache,817,118.8,40.0
Apache,818,122.8,40.0
Apache,819,120.6,40.0
Apache,820,119.4,40.0
Apache,821,120.0,40.0
Apache,822,115.4,40.0
Apache,823,126.8,40.0
Apache,824,125.0,40.0
Apache,825,128.6,40.0
Apache,826,124.2,40.0
Apache,827,116.7,40.0
Apache,828,120.7,40.0
Apache,829,119.1,40.0
Apache,830,116.2,40.0
Apache,831,113.7,40.0
Apache,832,116.4,40.0
Apache,833,117.9,40.0
Apache,834,121.5,40.0
Apache,835,120.0,40.0
Apache,836,111.6,40.0
Apache,837,115.5,40.0
Apache,838,118.0,40.0
Apache,839,117.5,40.0
Apache,840,120.4,40.0
Apache,841,116.1,39.5
Apache,842,114.6,40.0
Apache,843,120.6,40.0
Apache,844,119.6,40.0
Apache,845,115.9,40.0
Apache,846,123.1,40.0
Apache,847,112.0,40.0
Apache,848,118.2,40.0
Apache,849,116.7,40.0
Apache,850,119.5,40.0
Apache,851,120.7,40.0
Apache,852,120.1,40.0
Apache,853,123.1,40.0
Apache,854,114.1,40.0
Apache,855,115.7,40.0
Apache,856,118.3,40.0
Apache,857,116.2,40.0
Apache,858,124.4,40.0
Apache,859,125.8,39.5
Apache,860,116.9,40.0
Apache,861,113.1,40.0
Apache,862,119.4,40.0
Apache,863,118.6,40.0
Apache,864,118.7,39.5
Apache,865,123.5,40.0
Apache,866,123.4,40.0
Apache,867,115.8,40.0
Apache,868,116.7,40.0
Apache,869,120.8,40.0
Apache,870,116.5,40.0
Apache,871,123.2,40.0
Apache,872,121.7,40.0
Apache,873,126.9,40.0
Apache,874,122.6,39.5
Apache,875,115.2,41.0
Apache,876,114.3,40.0
Apache,877,118.2,39.5
Apache,878,114.7,40.0
Apache,879,115.4,40.0
Apache,880,123.0,40.0
Apache,881,120.0,40.0
Apache,882,120.2,40.0
Apache,883,122.6,40.0
Apache,884,121.2,40.0
Apache,885,122.1,40.0
Apache,886,118.1,40.0
Apache,887,124.7,40.0
Apache,888,112.3,40.0
Apache,889,115.5,39.0
Apache,890,114.2,40.0
Apache,891,116.5,40.0
Apache,892,113.4,40.0
Apache,893,113.5,40.0
Apache,894,116.0,40.0
Apache,895,115.8,40.0
Apache,896,117.5,40.0
Apache,897,120.6,40.0
Apache,898,117.1,40.0
Apache,899,125.9,40.0
Apache,900,120.9,40.0
Apache,901,121.2,40.0
Apache,902,117.8,40.0
Apache,903,114.3,40.0
Apache,904,117.8,40.0
Apache,905,116.6,40.0
Apache,906,112.7,40.0
Apache,907,113.4,40.0
Apache,908,123.6,40.0
Apache,909,114.3,40.0
Apache,910,119.0,40.0
Apache,911,122.7,40.0
Apache,912,119.0,40.0
Apache,913,114.6,40.0
Apache,914,120.6,40.0
Apache,915,116.0,40.0
Apache,916,122.3,40.0
Apache,917,119.5,40.0
Apache,918,119.5,40.0
Apache,919,121.7,40.0
Apache,920,120.2,40.0
Apache,921,120.6,39.5
Apache,922,119.5,40.0
Apache,923,120.6,40.0
Apache,924,119.6,40.0
Apache,925,115.7,40.0
Apache,926,114.6,40.0
Apache,927,119.1,40.0
Apache,928,117.5,40.0
Apache,929,119.9,40.0
Apache,930,114.2,40.0
Apache,931,114.3,40.0
Apache,932,117.9,40.0
Apache,933,118.3,40.0
Apache,934,126.0,40.5
Apache,935,120.4,40.0
Apache,936,118.8,40.0
Apache,937,117.8,40.0
Apache,938,115.3,40.0
Apache,939,119.3,40.0
Apache,940,115.2,40.0
Apache,941,122.9,40.0
Apache,942,123.4,40.0
Apache,943,120.9,40.0
Apache,944,117.5,40.0
Apache,945,121.3,40.0
Apache,946,118.8,40.0
Apache,947,121.6,39.5
Apache,948,119.3,40.0
Apache,949,118.1,40.0
Apache,950,116.6,40.0
Apache,951,114.6,40.0
Apache,952,116.3,40.0
Apache,953,116.3,40.0
Apache,954,120.0,40.0
Apache,955,128.8,40.0
Apache,956,120.9,40.0
Apache,957,126.9,40.0
Apache,958,119.7,40.0
Apache,959,119.3,40.0
Apache,960,122.0,40.0
Apache,961,122.9,39.5
Apache,962,121.0,38.0
Apache,963,115.2,38.0
Apache,964,122.4,38.0
Apache,965,120.2,37.0
Apache,966,118.3,36.0
Apache,967,119.8,36.0
Apache,968,123.5,35.5
Apache,969,122.8,34.0
Apache,970,124.0,34.0
Apache,971,113.1,33.0
Apache,972,118.5,33.0
Apache,973,114.4,32.5
Apache,974,118.0,32.0
Apache,975,120.3,31.0
Apache,976,121.1,30.5
Apache,977,116.2,30.0
Apache,978,116.6,29.0
Apache,979,125.9,29.0
Apache,980,130.0,28.0
Apache,981,118.3,27.5
Apache,982,115.1,27.0
Apache,983,117.2,26.0
Apache,984,123.5,26.0
Apache,985,118.3,25.0
Apache,986,119.2,25.0
Apache,987,121.9,24.0
Apache,988,122.0,23.0
Apache,989,120.8,23.0
Apache,990,118.1,22.0
Apache,991,116.6,22.0
Apache,992,119.4,21.0
Apache,993,117.5,21.0
Apache,994,140.6,20.0
Apache,995,122.4,20.0
Apache,996,114.7,18.5
Apache,997,118.9,18.0
Apache,998,116.8,18.0
Apache,999,121.3,17.0
Apache,1000,122.2,17.0
Apache,1001,115.7,16.0
Apache,1002,118.7,15.5
Apache,1003,125.9,15.0
Apache,1004,117.9,14.0
Apache,1005,119.8,14.0
Apache,1006,121.2,13.0
Apache,1007,115.9,13.0
Apache,1008,121.2,12.0
Apache,1009,121.5,11.0
Apache,1010,114.4,10.5
Apache,1011,122.0,10.0
Apache,1012,118.0,9.0
Apache,1013,119.9,9.0
Apache,1014,123.5,8.0
Apache,1015,135.8,8.0
Apache,1016,141.2,7.0
Apache,1017,130.2,7.0
Apache,1018,125.7,6.0
Apache,1019,127.0,5.0
Apache,1020,131.8,5.0
Apache,1021,124.2,5.0
Apache,1022,143.6,5.0
Apache,1023,117.9,5.0
Apache,1024,129.3,5.0
Apache,1025,112.0,5.0
Apache,1026,117.7,5.0
Apache,1027,112.3,5.0
Apache,1028,119.2,5.0
Apache,1029,124.7,5.0
Apache,1030,118.3,5.0
Apache,1031,143.5,5.0
Apache,1032,155.3,5.0
Apache,1033,125.4,5.0
Apache,1034,129.1,5.0
Apache,1035,127.3,5.0
Apache,1036,112.9,5.0
Apache,1037,122.2,5.0
Apache,1038,124.7,5.0
Apache,1039,119.8,5.0
Apache,1040,121.7,5.0
Apache,1041,132.7,5.0
Apache,1042,136.6,5.0
Apache,1043,137.8,5.0
Apache,1044,107.1,5.0
Apache,1045,138.2,5.0
Apache,1046,126.4,5.0
Apache,1047,117.0,5.0
Apache,1048,126.4,5.0
Apache,1049,125.4,5.0
Apache,1050,126.5,5.0
Apache,1051,118.1,5.0
Apache,1052,133.1,5.0
Apache,1053,114.2,5.0
Apache,1054,158.3,5.0
Apache,1055,170.7,5.0
Apache,1056,157.2,5.0
Apache,1057,141.4,5.0
Apache,1058,148.1,5.0
Apache,1059,119.5,5.0
Apache,1060,133.1,5.0
Apache,1061,107.8,5.0
Apache,1062,123.4,5.0
Apache,1063,123.2,5.0
Apache,1064,127.4,5.0
Apache,1065,124.2,5.0
Apache,1066,113.6,5.0
Apache,1067,122.2,5.0
Apache,1068,161.4,5.0
Apache,1069,142.1,5.0
Apache,1070,131.7,5.0
Apache,1071,126.4,5.0
Apache,1072,114.8,5.0
Apache,1073,122.1,5.0
Apache,1074,123.9,5.0
Apache,1075,140.6,5.0
Apache,1076,117.7,5.0
Apache,1077,116.0,5.0
Apache,1078,123.3,5.0
Apache,1079,124.2,5.0
Apache,1080,127.3,5.0
Apache,1081,115.2,5.0
Apache,1082,125.4,5.0
Apache,1083,118.1,5.0
Apache,1084,141.4,5.0
Apache,1085,132.8,5.0
Apache,1086,119.8,5.0
Apache,1087,120.5,5.0
Apache,1088,128.7,5.0
Apache,1089,122.9,5.0
Apache,1090,113.7,5.0
Apache,1091,132.9,5.0
Apache,1092,108.0,5.0
Apache,1093,124.7,5.0
Apache,1094,124.7,5.0
Apache,1095,137.6,5.0
Apache,1096,142.4,5.0
Apache,1097,119.3,5.0
Apache,1098,111.2,5.0
Apache,1099,123.0,5.0
Apache,1100,121.8,5.0
Apache,1101,154.2,5.0
Apache,1102,113.2,5.0
Apache,1103,135.4,5.0
Apache,1104,151.3,5.0
Apache,1105,179.7,5.0
Apache,1106,179.3,5.0
Apache,1107,121.3,5.0
Apache,1108,143.0,5.0
Apache,1109,139.2,5.0
Apache,1110,124.3,5.0
Apache,1111,120.5,5.0
Apache,1112,130.1,5.0
Apache,1113,125.1,5.0
Apache,1114,116.9,5.0
Apache,1115,140.9,5.0
Apache,1116,128.6,5.0
Apache,1117,131.6,5.0
Apache,1118,124.6,5.0
Apache,1119,141.1,5.0
Apache,1120,151.3,5.0
Apache,1121,140.7,5.0
Apache,1122,120.6,5.0
Apache,1123,151.4,5.0
Apache,1124,142.9,5.0
Apache,1125,114.1,5.0
Apache,1126,138.1,5.0
Apache,1127,112.9,5.0
Apache,1128,117.7,5.0
Apache,1129,120.5,5.0
Apache,1130,122.4,5.0
Apache,1131,126.9,5.0
Apache,1132,180.3,5.0
Apache,1133,120.5,5.0
Apache,1134,159.3,5.0
Apache,1135,169.3,5.0
Apache,1136,159.5,5.0
Apache,1137,153.5,5.0
Apache,1138,128.0,5.0
Apache,1139,120.6,5.0
Apache,1140,106.4,5.0
Apache,1141,113.1,5.0
Apache,1142,133.9,5.0
Apache,1143,115.2,5.0
Apache,1144,172.9,5.0
Apache,1145,142.0,5.0
Apache,1146,110.0,5.0
Apache,1147,127.8,5.0
Apache,1148,117.5,5.0
Apache,1149,137.5,5.0
Apache,1150,148.9,5.0
Apache,1151,146.9,5.0
Apache,1152,159.6,5.0
Apache,1153,142.1,5.0
Apache,1154,118.4,5.0
Apache,1155,111.3,5.0
Apache,1156,128.4,5.0
Apache,1157,120.0,5.0
Apache,1158,158.1,5.0
Apache,1159,130.4,5.0
Apache,1160,144.0,5.0
Apache,1161,158.3,5.0
Apache,1162,161.8,5.0
Apache,1163,137.5,5.0
Apache,1164,117.1,5.0
Apache,1165,114.1,5.0
Apache,1166,123.1,5.0
Apache,1167,127.3,5.0
Apache,1168,136.1,5.0
Apache,1169,146.1,5.0
Apache,1170,133.3,5.0
Apache,1171,147.8,5.0
Apache,1172,142.9,5.0
Apache,1173,114.8,5.0
Apache,1174,157.3,5.0
Apache,1175,123.0,5.0
Apache,1176,124.7,5.0
Apache,1177,121.3,5.0
Apache,1178,110.9,5.0
Apache,1179,115.8,5.0
Apache,1180,121.9,5.0
Apache,1181,149.1,5.0
Apache,1182,122.3,5.0
Apache,1183,130.4,5.0
Apache,1184,161.0,5.0
Apache,1185,122.8,5.0
Apache,1186,191.7,5.0
Apache,1187,160.8,5.0
Apache,1188,118.8,5.0
Apache,1189,138.0,5.0
Apache,1190,157.0,5.0
Apache,1191,131.2,4.5
Apache,1192,119.0,5.0
Apache,1193,116.9,5.0
Apache,1194,115.4,5.0
Apache,1195,147.6,5.0
Apache,1196,124.3,5.0
Apache,1197,128.0,5.0
Apache,1198,153.9,5.0
Apache,1199,181.9,5.0
Apache,1200,156.4,5.0
Apache,1201,132.2,5.0
Apache,1202,137.2,5.0
Apache,1203,139.6,5.0
Apache,1204,127.8,5.0
Apache,1205,114.9,5.0
Apache,1206,121.2,5.0
Apache,1207,128.2,5.0
Apache,1208,138.5,5.0
Apache,1209,169.0,5.0
Apache,1210,123.1,5.0
Apache,1211,113.9,5.0
Apache,1212,151.3,5.0
Apache,1213,125.6,5.0
Apache,1214,149.7,5.0
Apache,1215,126.9,5.0
Apache,1216,124.1,5.0
Apache,1217,130.4,5.0
Apache,1218,163.9,5.0
Apache,1219,130.8,5.0
Apache,1220,121.2,5.0
Apache,1221,182.8,5.0
Apache,1222,139.4,5.0
Apache,1223,123.5,5.0
Apache,1224,130.4,5.0
Apache,1225,124.8,5.0
Apache,1226,131.0,5.0
Apache,1227,144.1,5.0
Apache,1228,146.4,5.0
Apache,1229,118.7,5.0
Apache,1230,128.7,5.0
Apache,1231,142.3,5.0
Apache,1232,132.6,5.0
Apache,1233,149.5,5.0
Apache,1234,151.2,5.0
Apache,1235,131.0,5.0
Apache,1236,123.1,5.0
Apache,1237,171.5,5.0
Apache,1238,153.9,5.0
Apache,1239,126.4,5.0
Apache,1240,127.9,5.0
Apache,1241,138.9,5.0
Apache,1242,143.0,5.0
Apache,1243,156.0,5.0
Apache,1244,136.4,5.0
Apache,1245,147.1,5.0
Apache,1246,159.2,5.0
Apache,1247,132.0,5.0
Apache,1248,136.2,5.0
Apache,1249,137.0,5.0
Apache,1250,146.1,5.0
Apache,1251,121.0,5.0
Apache,1252,142.1,5.0
Apache,1253,125.9,5.0
Apache,1254,150.9,5.0
Apache,1255,122.8,5.0
Apache,1256,132.8,5.0
Apache,1257,120.9,5.0
Apache,1258,146.3,5.0
Apache,1259,167.6,5.0
Apache,1260,137.3,5.0
Apache,1261,123.2,5.0
Apache,1262,153.1,5.0
Apache,1263,173.5,5.5
Apache,1264,155.0,5.0
Apache,1265,195.5,5.0
Apache,1266,156.7,5.0
Apache,1267,142.7,5.0
Apache,1268,124.9,5.0
Apache,1269,143.1,5.0
Apache,1270,118.3,5.0
Apache,1271,125.7,5.0
Apache,1272,160.6,5.0
Apache,1273,123.0,5.0
Apache,1274,137.4,5.0
Apache,1275,125.5,5.0
Apache,1276,149.8,5.0
Apache,1277,130.1,5.0
Apache,1278,144.4,5.0
Apache,1279,148.9,5.0
Apache,1280,168.5,5.0
Apache,1281,143.5,5.0
Apache,1282,163.1,5.0
Apache,1283,137.2,5.0
Apache,1284,134.3,5.0
Apache,1285,172.9,5.0
Apache,1286,117.9,5.0
Apache,1287,145.8,5.0
Apache,1288,149.2,5.0
Apache,1289,157.3,5.0
Apache,1290,162.2,5.0
Apache,1291,129.6,5.0
Apache,1292,152.0,5.0
Apache,1293,155.3,5.0
Apache,1294,137.3,5.0
Apache,1295,128.4,5.0
Apache,1296,131.8,5.0
Apache,1297,146.9,5.0
Apache,1298,182.6,5.0
Apache,1299,115.7,5.0
Apache,1300,154.6,5.0
Apache,1301,154.5,5.0
Apache,1302,156.3,5.0
Apache,1303,120.2,5.0
Apache,1304,137.3,5.0
Apache,1305,115.9,5.0
Apache,1306,144.6,5.0
Apache,1307,148.9,5.0
Apache,1308,132.9,5.0
Apache,1309,140.9,5.0
Apache,1310,173.6,5.0
Apache,1311,155.0,5.0
Apache,1312,190.4,5.0
Apache,1313,152.6,5.0
Apache,1314,173.1,5.0
Apache,1315,168.7,5.0
Apache,1316,154.2,5.0
Apache,1317,139.4,5.0
Apache,1318,147.4,5.0
Apache,1319,126.6,5.0
Apache,1320,136.0,5.0
Apache,1321,150.4,5.0
Apache,1322,159.5,5.0
Apache,1323,160.4,5.0
Apache,1324,137.3,5.0
Apache,1325,166.9,5.0
Apache,1326,141.3,5.0
Apache,1327,180.7,5.0
Apache,1328,190.0,5.0
Apache,1329,181.7,5.0
Apache,1330,153.4,5.0
Apache,1331,185.1,5.0
Apache,1332,169.8,5.0
Apache,1333,159.3,5.0
Apache,1334,145.2,5.0
Apache,1335,153.7,5.0
Apache,1336,125.2,5.0
Apache,1337,138.1,5.0
Apache,1338,118.9,5.0
Apache,1339,152.6,5.0
Apache,1340,167.1,5.0
Apache,1341,135.8,5.0
Apache,1342,171.3,5.0
Apache,1343,142.3,5.0
Apache,1344,146.1,5.0
Apache,1345,138.6,5.0
Apache,1346,145.3,5.0
Apache,1347,150.1,5.0
Apache,1348,153.6,5.0
Apache,1349,176.6,5.0
Apache,1350,155.2,5.0
Apache,1351,123.4,5.0
Apache,1352,150.6,5.0
Apache,1353,153.5,5.0
Apache,1354,162.6,5.0
Apache,1355,144.7,5.0
Apache,1356,149.3,5.0
Apache,1357,138.3,5.0
Apache,1358,194.3,5.0
Apache,1359,136.3,5.0
Apache,1360,151.3,5.0
Apache,1361,159.9,5.0
Apache,1362,137.8,5.0
Apache,1363,131.7,5.0
Apache,1364,136.8,5.0
Apache,1365,153.5,5.0
Apache,1366,158.4,5.0
Apache,1367,205.5,5.0
Apache,1368,118.8,5.0
Apache,1369,134.9,5.0
Apache,1370,144.6,5.0
Apache,1371,180.2,5.0
Apache,1372,117.2,5.0
Apache,1373,140.6,5.0
Apache,1374,152.9,5.0
Apache,1375,174.7,5.0
Apache,1376,160.1,5.0
Apache,1377,145.2,5.0
Apache,1378,152.5,5.0
Apache,1379,180.0,5.0
Apache,1380,165.6,5.0
Apache,1381,141.5,5.0
Apache,1382,151.3,5.0
Apache,1383,138.1,5.0
Apache,1384,131.7,5.0
Apache,1385,122.4,5.0
Apache,1386,142.7,5.0
Apache,1387,134.7,5.0
Apache,1388,150.4,5.0
Apache,1389,144.8,5.0
Apache,1390,139.4,5.0
Apache,1391,144.0,5.0
Apache,1392,155.4,5.0
Apache,1393,157.8,5.0
Apache,1394,148.1,5.0
Apache,1395,165.4,5.0
Apache,1396,186.2,5.0
Apache,1397,159.3,5.0
Apache,1398,130.4,5.0
Apache,1399,135.9,5.0
Apache,1400,181.6,5.0
Apache,1401,157.7,5.0
Apache,1402,121.1,5.0
Apache,1403,131.2,5.0
Apache,1404,153.2,5.0
Apache,1405,137.1,5.0
Apache,1406,179.2,5.0
Apache,1407,134.0,5.0
Apache,1408,130.6,5.0
Apache,1409,156.0,5.0
Apache,1410,142.9,5.0
Apache,1411,138.4,5.0
Apache,1412,161.4,5.0
Apache,1413,132.3,5.0
Apache,1414,144.5,5.0
Apache,1415,129.5,5.0
Apache,1416,157.6,5.0
Apache,1417,125.7,5.0
Apache,1418,154.7,5.0
Apache,1419,144.5,5.0
Apache,1420,164.5,5.0
Apache,1421,160.2,5.0
Apache,1422,131.1,5.0
Apache,1423,142.2,5.0
Apache,1424,142.4,5.0
Apache,1425,164.8,5.0
Apache,1426,129.2,5.0
Apache,1427,171.3,5.0
Apache,1428,145.4,5.0
Apache,1429,174.2,5.0
Apache,1430,141.2,5.0
Apache,1431,134.7,5.0
Apache,1432,152.2,5.0
Apache,1433,130.7,5.0
Apache,1434,178.5,5.0
Apache,1435,152.8,5.0
Apache,1436,127.2,5.0
Apache,1437,135.1,5.0
Apache,1438,162.9,5.0
Apache,1439,130.0,5.0
Apache,1440,144.9,5.0
Apache,1441,140.0,5.0
Apache,1442,148.0,5.0
Apache,1443,146.1,5.0
Apache,1444,177.5,5.5
Apache,1445,147.3,5.0
Apache,1446,147.0,5.0
Apache,1447,161.3,5.0
Apache,1448,119.0,5.0
Apache,1449,136.1,5.0
Apache,1450,136.9,5.0
Apache,1451,163.0,5.0
Apache,1452,185.2,5.0
Apache,1453,146.2,5.0
Apache,1454,148.4,5.0
Apache,1455,190.9,5.0
Apache,1456,138.9,5.0
Apache,1457,197.9,5.0
Apache,1458,156.4,5.0
Apache,1459,151.6,5.0
Apache,1460,196.9,5.0
Apache,1461,139.0,5.0
Apache,1462,135.5,5.0
Apache,1463,160.2,5.0
Apache,1464,171.6,5.0
Apache,1465,184.0,5.0
Apache,1466,125.2,5.0
Apache,1467,142.5,4.5
Apache,1468,161.3,5.0
Apache,1469,119.0,5.0
Apache,1470,141.8,5.0
Apache,1471,142.2,5.0
Apache,1472,122.7,5.0
Apache,1473,129.0,5.0
Apache,1474,148.4,5.0
Apache,1475,143.2,5.0
Apache,1476,144.3,5.0
Apache,1477,128.4,5.0
Apache,1478,122.8,5.0
Apache,1479,131.9,5.0
Apache,1480,148.3,5.0
Apache,1481,151.3,5.0
Apache,1482,164.6,5.0
Apache,1483,137.6,5.0
Apache,1484,146.8,5.0
Apache,1485,170.4,5.0
Apache,1486,167.6,5.0
Apache,1487,138.8,5.0
Apache,1488,138.9,5.0
Apache,1489,144.8,5.0
Apache,1490,158.2,5.0
Apache,1491,142.2,5.0
Apache,1492,141.7,5.0
Apache,1493,138.7,5.0
Apache,1494,185.4,5.0
Apache,1495,130.9,5.0
Apache,1496,134.1,5.0
Apache,1497,153.0,5.0
Apache,1498,178.4,5.0
Apache,1499,159.0,5.0
Apache,1500,145.0,5.0
Apache,1501,128.6,5.0
Apache,1502,152.0,5.0
Apache,1503,179.1,5.0
Apache,1504,136.3,5.0
Apache,1505,131.5,5.0
Apache,1506,143.2,5.0
Apache,1507,120.6,5.0
Apache,1508,161.1,5.0
Apache,1509,139.5,5.0
Apache,1510,146.1,5.0
Apache,1511,134.6,5.0
Apache,1512,153.5,5.0
Apache,1513,143.0,5.0
Apache,1514,133.2,5.0
Apache,1515,149.2,5.0
Apache,1516,179.2,5.0
Apache,1517,139.7,5.0
Apache,1518,141.7,5.0
Apache,1519,154.5,5.0
Apache,1520,156.7,5.0
Apache,1521,188.8,5.0
Apache,1522,133.5,5.0
Apache,1523,157.8,5.0
Apache,1524,183.8,5.0
Apache,1525,165.6,5.0
Apache,1526,143.0,5.0
Apache,1527,165.2,5.5
Apache,1528,178.8,5.0
Apache,1529,117.5,5.0
Apache,1530,137.4,5.0
Apache,1531,140.9,5.0
Apache,1532,179.4,5.0
Apache,1533,122.0,5.0
Apache,1534,147.7,5.0
Apache,1535,140.4,5.0
Apache,1536,148.7,5.0
Apache,1537,157.7,5.0
Apache,1538,145.1,5.0
Apache,1539,144.7,5.0
Apache,1540,147.4,5.0
Apache,1541,152.6,5.0
Apache,1542,148.0,5.0
Apache,1543,142.2,5.0
Apache,1544,148.3,5.0
Apache,1545,170.9,5.0
Apache,1546,130.7,5.0
Apache,1547,134.9,5.0
Apache,1548,143.6,5.0
Apache,1549,167.3,5.0
Apache,1550,124.6,5.0
Apache,1551,169.6,5.0
Apache,1552,131.9,5.0
Apache,1553,169.4,5.0
Apache,1554,179.8,5.0
Apache,1555,155.7,5.0
Apache,1556,146.2,5.0
Apache,1557,165.2,5.0
Apache,1558,123.2,5.0
Apache,1559,159.6,5.0
Apache,1560,137.3,5.0
Apache,1561,159.5,5.0
Apache,1562,169.8,5.0
Apache,1563,121.6,5.0
Apache,1564,142.2,5.0
Apache,1565,147.0,5.0
Apache,1566,149.6,5.0
Apache,1567,178.1,5.0
Apache,1568,144.7,5.0
Apache,1569,154.1,5.0
Apache,1570,163.7,5.0
Apache,1571,128.6,5.0
Apache,1572,192.7,5.0
Apache,1573,153.9,5.0
Apache,1574,158.9,5.0
Apache,1575,151.6,5.0
Apache,1576,138.3,5.0
Apache,1577,147.8,5.0
Apache,1578,149.6,5.0
Apache,1579,152.6,5.0
Apache,1580,201.9,5.0
Apache,1581,142.8,5.0
Apache,1582,181.7,5.0
Apache,1583,143.3,5.0
Apache,1584,190.5,5.0
Apache,1585,127.1,5.0
Apache,1586,109.9,4.5
Apache,1587,173.6,5.0
Apache,1588,121.9,5.0
Apache,1589,184.9,5.0
Apache,1590,172.5,5.0
Apache,1591,172.8,5.0
Apache,1592,171.6,5.0
Apache,1593,155.0,5.0
Apache,1594,121.7,5.0
Apache,1595,132.8,5.0
Apache,1596,123.5,4.5
Apache,1597,133.9,5.0
Apache,1598,170.4,5.0
Apache,1599,125.3,5.0
Apache,1600,157.5,5.0
Apache,1601,127.0,5.0
Apache,1602,133.8,5.0
Apache,1603,135.1,5.0
Apache,1604,156.6,5.0
Apache,1605,172.5,5.0
Apache,1606,120.2,5.0
Apache,1607,138.7,5.0
Apache,1608,130.9,5.0
Apache,1609,174.9,5.0
Apache,1610,135.1,5.0
Apache,1611,142.2,5.0
Apache,1612,125.8,5.0
Apache,1613,161.2,5.0
Apache,1614,124.2,5.0
Apache,1615,118.9,5.0
Apache,1616,134.5,5.0
Apache,1617,134.5,5.0
Apache,1618,191.0,5.0
Apache,1619,126.9,5.0
Apache,1620,152.8,5.0
Apache,1621,148.7,5.0
Apache,1622,176.7,5.0
Apache,1623,128.7,5.0
Apache,1624,126.8,5.0
Apache,1625,168.3,5.0
Apache,1626,155.2,5.0
Apache,1627,156.2,5.0
Apache,1628,135.8,5.0
Apache,1629,156.6,5.0
Apache,1630,150.2,5.0
Apache,1631,148.8,5.0
Apache,1632,134.4,5.0
Apache,1633,138.9,5.0
Apache,1634,159.4,5.0
Apache,1635,164.7,5.0
Apache,1636,135.5,5.0
Apache,1637,136.7,5.0
Apache,1638,143.1,5.0
Apache,1639,136.6,5.0
Apache,1640,123.2,5.0
Apache,1641,126.1,5.0
Apache,1642,130.4,5.0
Apache,1643,165.0,5.0
Apache,1644,150.6,5.0
Apache,1645,142.7,5.0
Apache,1646,151.4,5.0
Apache,1647,142.6,5.0
Apache,1648,177.4,5.0
Apache,1649,123.2,5.0
Apache,1650,133.2,5.0
Apache,1651,145.8,5.0
Apache,1652,187.4,5.0
Apache,1653,133.9,5.0
Apache,1654,143.7,5.0
Apache,1655,157.0,5.0
Apache,1656,187.0,5.0
Apache,1657,130.6,5.0
Apache,1658,135.9,5.0
Apache,1659,141.4,5.0
Apache,1660,140.0,5.0
Apache,1661,163.1,5.0
Apache,1662,133.6,5.0
Apache,1663,139.1,5.0
Apache,1664,149.1,5.0
Apache,1665,137.2,5.0
Apache,1666,141.5,5.0
Apache,1667,130.0,5.0
Apache,1668,152.5,5.0
Apache,1669,137.1,5.0
Apache,1670,128.8,5.0
Apache,1671,134.8,5.0
Apache,1672,142.2,5.0
Apache,1673,138.8,5.0
Apache,1674,121.6,5.0
Apache,1675,127.0,5.0
Apache,1676,129.7,5.0
Apache,1677,157.8,5.0
Apache,1678,156.7,5.0
Apache,1679,136.8,5.0
Apache,1680,130.9,5.0
Apache,1681,151.7,5.0
Apache,1682,173.0,5.0
Apache,1683,183.9,5.0
Apache,1684,150.1,5.0
Apache,1685,150.1,5.0
Apache,1686,170.9,5.0
Apache,1687,142.4,5.0
Apache,1688,143.6,5.0
Apache,1689,149.1,5.0
Apache,1690,159.7,5.0
Apache,1691,191.8,5.0
Apache,1692,131.4,5.0
Apache,1693,141.8,5.0
Apache,1694,154.6,5.0
Apache,1695,130.8,5.0
Apache,1696,197.8,5.0
Apache,1697,130.6,5.0
Apache,1698,149.9,5.0
Apache,1699,187.0,5.0
Apache,1700,140.8,5.0
Apache,1701,162.0,5.0
Apache,1702,114.5,5.0
Apache,1703,146.2,5.0
Apache,1704,158.6,5.0
Apache,1705,134.4,5.0
Apache,1706,140.8,5.0
Apache,1707,157.4,5.0
Apache,1708,155.4,5.5
Apache,1709,124.0,5.0
Apache,1710,131.3,5.0
Apache,1711,140.3,5.0
Apache,1712,181.9,5.0
Apache,1713,165.1,5.0
Apache,1714,125.9,5.0
Apache,1715,153.1,5.0
Apache,1716,146.3,5.0
Apache,1717,194.8,5.0
Apache,1718,169.6,5.0
Apache,1719,153.2,5.0
Apache,1720,183.4,5.0
Apache,1721,145.0,5.0
Apache,1722,130.0,5.0
Apache,1723,121.2,5.0
Apache,1724,139.1,4.0
Apache,1725,142.9,5.0
Apache,1726,146.5,5.0
Apache,1727,133.0,5.0
Apache,1728,118.4,5.0
Apache,1729,155.1,5.0
Apache,1730,134.1,5.0
Apache,1731,141.2,5.0
Apache,1732,148.7,5.0
Apache,1733,142.7,5.0
Apache,1734,140.1,5.0
Apache,1735,133.5,5.0
Apache,1736,149.0,5.0
Apache,1737,160.1,5.0
Apache,1738,133.9,5.0
Apache,1739,130.9,5.0
Apache,1740,142.1,5.0
Apache,1741,127.3,5.0
Apache,1742,138.4,5.0
Apache,1743,196.4,5.0
Apache,1744,134.9,5.0
Apache,1745,149.8,5.0
Apache,1746,169.4,5.0
Apache,1747,158.2,5.0
Apache,1748,202.1,5.0
Apache,1749,144.0,5.0
Apache,1750,156.4,5.0
Apache,1751,153.7,5.0
Apache,1752,134.3,5.0
Apache,1753,132.7,5.0
Apache,1754,132.8,5.0
Apache,1755,144.7,5.0
Apache,1756,141.2,5.5
Apache,1757,130.8,5.0
Apache,1758,136.0,5.0
Apache,1759,125.8,5.0
Apache,1760,150.8,5.0
Apache,1761,134.8,5.0
Apache,1762,141.3,5.0
Apache,1763,159.6,5.0
Apache,1764,162.2,5.0
Apache,1765,137.3,5.0
Apache,1766,140.4,5.0
Apache,1767,170.1,5.0
Apache,1768,177.6,5.0
Apache,1769,129.5,5.0
Apache,1770,130.5,5.0
Apache,1771,137.8,5.0
Apache,1772,168.0,5.0
Apache,1773,137.6,5.0
Apache,1774,134.4,5.0
Apache,1775,161.1,5.0
Apache,1776,176.6,5.0
Apache,1777,134.3,5.0
Apache,1778,155.9,5.5
Apache,1779,147.4,5.0
Apache,1780,171.6,5.0
Apache,1781,142.5,5.0
Apache,1782,130.0,5.0
Apache,1783,139.1,5.0
Apache,1784,177.0,5.0
Apache,1785,136.7,5.0
Apache,1786,125.5,5.0
Apache,1787,151.5,5.0
Apache,1788,136.1,5.0
Apache,1789,146.1,5.0
Apache,1790,129.2,5.0
Apache,1791,130.7,5.0
Apache,1792,135.6,5.0
Apache,1793,125.4,5.0
Apache,1794,134.0,5.0
Apache,1795,131.7,5.0
Apache,1796,147.0,5.0
Apache,1797,128.7,5.0
Apache,1798,132.4,5.0
Apache,1799,119.7,5.0
Apache,1800,124.5,1.5
Apache,1811,45997.4,5.0
Apache,1812,35973.5,4.0
Apache,1813,31259.0,1.0
Apache,1810,55096.5,1.0
Apache,1806,59878.4,1.0
Apache,1808,59896.0,1.0
Nginx,0,124.3,2.5
Nginx,1,129.8,5.0
Nginx,2,126.4,5.0
Nginx,3,122.2,5.0
Nginx,4,124.7,5.0
Nginx,5,121.8,5.0
Nginx,6,120.7,5.0
Nginx,7,128.7,5.0
Nginx,8,121.2,5.0
Nginx,9,140.1,5.0
Nginx,10,128.8,5.0
Nginx,11,120.9,5.0
Nginx,12,124.5,5.0
Nginx,13,120.8,5.0
Nginx,14,136.0,5.0
Nginx,15,116.5,5.0
Nginx,16,123.8,5.0
Nginx,17,116.9,5.0
Nginx,18,122.0,5.0
Nginx,19,118.8,5.0
Nginx,20,129.4,5.0
Nginx,21,118.2,5.0
Nginx,22,124.8,5.0
Nginx,23,113.5,5.0
Nginx,24,130.6,5.0
Nginx,25,122.2,5.0
Nginx,26,118.1,5.0
Nginx,27,129.1,5.0
Nginx,28,122.3,5.0
Nginx,29,117.1,5.0
Nginx,30,123.9,5.0
Nginx,31,119.3,5.0
Nginx,32,124.5,5.0
Nginx,33,125.8,5.0
Nginx,34,126.2,5.0
Nginx,35,111.5,5.0
Nginx,36,127.3,5.0
Nginx,37,129.4,5.0
Nginx,38,133.2,5.0
Nginx,39,126.5,5.0
Nginx,40,126.8,5.0
Nginx,41,115.0,5.0
Nginx,42,121.9,5.0
Nginx,43,115.6,5.0
Nginx,44,118.0,5.0
Nginx,45,127.7,5.0
Nginx,46,126.1,5.0
Nginx,47,118.4,5.0
Nginx,48,121.5,5.0
Nginx,49,129.9,5.0
Nginx,50,125.3,5.0
Nginx,51,120.4,5.0
Nginx,52,123.4,5.0
Nginx,53,122.5,5.0
Nginx,54,120.7,5.0
Nginx,55,118.0,5.0
Nginx,56,132.3,5.0
Nginx,57,121.6,5.0
Nginx,58,121.3,5.0
Nginx,59,129.4,5.0
Nginx,60,128.1,5.0
Nginx,61,155.3,5.0
Nginx,62,132.2,5.0
Nginx,63,125.7,5.0
Nginx,64,116.8,5.0
Nginx,65,122.8,5.0
Nginx,66,129.6,5.0
Nginx,67,137.2,5.0
Nginx,68,129.2,5.0
Nginx,69,122.9,5.0
Nginx,70,133.4,5.0
Nginx,71,122.6,5.0
Nginx,72,122.2,5.0
Nginx,73,131.1,5.0
Nginx,74,128.7,5.0
Nginx,75,122.1,5.0
Nginx,76,130.6,5.0
Nginx,77,115.9,5.0
Nginx,78,118.7,5.0
Nginx,79,127.1,5.0
Nginx,80,120.1,5.0
Nginx,81,122.4,5.0
Nginx,82,116.6,5.0
Nginx,83,126.3,5.0
Nginx,84,128.8,5.0
Nginx,85,122.9,5.0
Nginx,86,126.7,5.0
Nginx,87,123.5,5.0
Nginx,88,117.9,5.0
Nginx,89,120.0,5.0
Nginx,90,125.3,5.0
Nginx,91,121.6,5.0
Nginx,92,124.7,5.0
Nginx,93,120.8,5.0
Nginx,94,118.9,5.0
Nginx,95,130.5,5.0
Nginx,96,120.7,5.0
Nginx,97,124.2,5.0
Nginx,98,128.7,5.0
Nginx,99,130.8,5.0
Nginx,100,125.5,5.0
Nginx,101,122.9,5.0
Nginx,102,118.0,5.0
Nginx,103,124.4,5.0
Nginx,104,126.3,5.0
Nginx,105,120.6,5.0
Nginx,106,127.9,5.0
Nginx,107,121.4,5.0
Nginx,108,123.6,5.0
Nginx,109,123.0,5.0
Nginx,110,125.7,5.0
Nginx,111,122.0,5.0
Nginx,112,137.1,5.0
Nginx,113,134.0,5.0
Nginx,114,125.3,5.0
Nginx,115,121.4,5.0
Nginx,116,131.2,5.0
Nginx,117,119.2,5.0
Nginx,118,125.6,5.0
Nginx,119,126.4,5.0
Nginx,120,128.4,5.0
Nginx,121,140.9,5.0
Nginx,122,135.5,5.0
Nginx,123,143.1,5.0
Nginx,124,127.2,5.0
Nginx,125,123.2,5.0
Nginx,126,123.5,5.0
Nginx,127,120.9,5.0
Nginx,128,129.2,5.0
Nginx,129,122.7,5.0
Nginx,130,121.7,5.0
Nginx,131,128.6,5.0
Nginx,132,125.0,5.0
Nginx,133,128.9,5.0
Nginx,134,124.9,5.0
Nginx,135,117.7,5.0
Nginx,136,120.5,5.0
Nginx,137,126.2,5.0
Nginx,138,124.2,5.0
Nginx,139,128.8,5.0
Nginx,140,123.7,5.0
Nginx,141,128.8,5.0
Nginx,142,145.0,5.0
Nginx,143,128.1,5.0
Nginx,144,133.6,5.0
Nginx,145,130.8,5.0
Nginx,146,127.8,5.0
Nginx,147,125.1,5.0
Nginx,148,125.6,5.0
Nginx,149,123.6,5.0
Nginx,150,130.0,5.0
Nginx,151,135.2,5.0
Nginx,152,123.5,5.0
Nginx,153,130.7,5.0
Nginx,154,124.2,5.0
Nginx,155,124.0,5.0
Nginx,156,121.4,5.0
Nginx,157,120.4,5.0
Nginx,158,130.1,5.0
Nginx,159,129.7,5.0
Nginx,160,130.0,5.0
Nginx,161,130.0,5.0
Nginx,162,127.5,5.0
Nginx,163,131.0,5.0
Nginx,164,127.7,5.0
Nginx,165,132.7,5.0
Nginx,166,121.0,5.0
Nginx,167,126.1,5.0
Nginx,168,136.5,5.0
Nginx,169,120.4,5.0
Nginx,170,124.7,5.0
Nginx,171,122.5,5.0
Nginx,172,129.0,5.0
Nginx,173,134.1,5.0
Nginx,174,130.7,5.0
Nginx,175,135.9,5.0
Nginx,176,124.3,5.0
Nginx,177,122.7,5.0
Nginx,178,130.7,5.0
Nginx,179,130.8,5.0
Nginx,180,132.0,5.0
Nginx,181,137.5,5.0
Nginx,182,124.5,5.0
Nginx,183,143.3,5.0
Nginx,184,139.0,5.0
Nginx,185,133.5,5.0
Nginx,186,119.4,5.0
Nginx,187,130.0,5.0
Nginx,188,119.4,5.0
Nginx,189,123.2,5.0
Nginx,190,131.2,5.0
Nginx,191,123.7,5.0
Nginx,192,124.5,5.0
Nginx,193,129.5,5.0
Nginx,194,133.2,5.0
Nginx,195,129.9,5.0
Nginx,196,130.2,5.0
Nginx,197,131.1,5.0
Nginx,198,129.4,5.0
Nginx,199,130.0,5.0
Nginx,200,119.3,5.0
Nginx,201,140.9,5.0
Nginx,202,126.4,5.0
Nginx,203,131.7,5.0
Nginx,204,124.1,5.0
Nginx,205,136.0,5.0
Nginx,206,131.8,5.0
Nginx,207,124.1,5.0
Nginx,208,137.5,5.0
Nginx,209,126.7,5.0
Nginx,210,137.6,5.0
Nginx,211,130.2,5.0
Nginx,212,135.6,5.0
Nginx,213,129.8,5.0
Nginx,214,144.8,5.0
Nginx,215,140.4,5.0
Nginx,216,134.4,5.0
Nginx,217,130.2,5.0
Nginx,218,127.3,5.0
Nginx,219,129.0,5.0
Nginx,220,129.7,5.0
Nginx,221,125.1,5.0
Nginx,222,130.7,5.0
Nginx,223,124.7,5.0
Nginx,224,126.4,5.0
Nginx,225,124.5,5.0
Nginx,226,120.8,5.0
Nginx,227,126.7,5.0
Nginx,228,131.1,5.0
Nginx,229,124.4,5.0
Nginx,230,152.6,5.0
Nginx,231,139.1,5.0
Nginx,232,135.2,5.0
Nginx,233,126.8,5.0
Nginx,234,124.5,5.0
Nginx,235,129.1,5.0
Nginx,236,129.1,5.0
Nginx,237,129.0,5.0
Nginx,238,138.9,5.0
Nginx,239,127.6,5.0
Nginx,240,125.5,5.0
Nginx,241,126.5,5.0
Nginx,242,135.1,5.0
Nginx,243,128.5,5.0
Nginx,244,133.6,5.0
Nginx,245,137.0,5.0
Nginx,246,135.5,5.0
Nginx,247,126.9,5.0
Nginx,248,140.6,5.0
Nginx,249,135.4,5.0
Nginx,250,122.6,5.0
Nginx,251,129.1,5.0
Nginx,252,126.6,5.0
Nginx,253,136.6,5.0
Nginx,254,122.9,5.0
Nginx,255,125.6,5.0
Nginx,256,125.7,5.0
Nginx,257,126.8,5.0
Nginx,258,122.0,5.0
Nginx,259,130.8,5.0
Nginx,260,126.2,5.0
Nginx,261,127.5,5.0
Nginx,262,126.9,5.0
Nginx,263,124.9,5.0
Nginx,264,140.0,5.0
Nginx,265,131.6,5.0
Nginx,266,126.2,5.0
Nginx,267,125.0,5.0
Nginx,268,117.7,5.0
Nginx,269,129.4,5.0
Nginx,270,132.1,5.0
Nginx,271,129.5,5.0
Nginx,272,131.1,5.0
Nginx,273,121.2,5.0
Nginx,274,131.0,5.0
Nginx,275,121.4,5.0
Nginx,276,122.7,5.0
Nginx,277,142.5,5.0
Nginx,278,122.8,5.0
Nginx,279,120.5,5.0
Nginx,280,118.0,5.0
Nginx,281,124.2,5.0
Nginx,282,116.8,5.0
Nginx,283,128.6,5.0
Nginx,284,125.2,5.0
Nginx,285,131.6,5.0
Nginx,286,119.5,5.0
Nginx,287,131.3,5.0
Nginx,288,127.9,5.0
Nginx,289,126.2,5.0
Nginx,290,126.8,5.0
Nginx,291,128.4,5.0
Nginx,292,128.6,5.0
Nginx,293,123.3,5.0
Nginx,294,133.3,5.0
Nginx,295,131.0,5.0
Nginx,296,132.6,5.0
Nginx,297,122.7,5.0
Nginx,298,118.4,5.0
Nginx,299,119.9,5.0
Nginx,300,132.5,5.0
Nginx,301,117.2,6.0
Nginx,302,125.7,6.0
Nginx,303,129.5,7.0
Nginx,304,132.2,7.0
Nginx,305,125.7,8.0
Nginx,306,122.1,9.0
Nginx,307,121.8,9.0
Nginx,308,120.1,10.0
Nginx,309,114.9,10.0
Nginx,310,118.5,11.0
Nginx,311,121.4,11.5
Nginx,312,121.5,12.0
Nginx,313,118.4,12.5
Nginx,314,114.9,13.0
Nginx,315,119.0,13.5
Nginx,316,119.4,15.0
Nginx,317,117.6,15.0
Nginx,318,116.4,16.0
Nginx,319,120.4,16.0
Nginx,320,123.0,17.0
Nginx,321,120.7,18.0
Nginx,322,117.0,18.0
Nginx,323,118.9,18.5
Nginx,324,120.1,19.0
Nginx,325,119.1,20.0
Nginx,326,117.3,20.0
Nginx,327,121.0,20.5
Nginx,328,120.2,22.0
Nginx,329,122.1,22.0
Nginx,330,118.8,22.0
Nginx,331,120.9,23.0
Nginx,332,119.7,24.0
Nginx,333,122.3,24.0
Nginx,334,128.2,25.0
Nginx,335,122.6,26.0
Nginx,336,117.4,26.0
Nginx,337,120.4,27.0
Nginx,338,115.4,27.0
Nginx,339,118.6,28.0
Nginx,340,120.5,28.5
Nginx,341,118.7,29.0
Nginx,342,123.6,29.0
Nginx,343,122.4,30.0
Nginx,344,121.7,31.0
Nginx,345,122.5,31.5
Nginx,346,123.4,32.0
Nginx,347,124.3,33.0
Nginx,348,118.1,33.0
Nginx,349,119.6,33.5
Nginx,350,121.9,35.0
Nginx,351,119.2,35.0
Nginx,352,120.6,35.5
Nginx,353,121.9,36.0
Nginx,354,122.6,37.0
Nginx,355,121.2,37.0
Nginx,356,120.2,38.0
Nginx,357,125.4,38.0
Nginx,358,121.8,39.0
Nginx,359,120.0,40.0
Nginx,360,120.8,40.0
Nginx,361,123.2,40.0
Nginx,362,117.6,40.0
Nginx,363,119.5,40.0
Nginx,364,123.9,40.0
Nginx,365,118.6,40.0
Nginx,366,122.7,40.0
Nginx,367,124.2,40.0
Nginx,368,121.7,40.0
Nginx,369,121.1,40.0
Nginx,370,117.2,40.0
Nginx,371,120.8,40.0
Nginx,372,114.4,40.0
Nginx,373,119.7,40.0
Nginx,374,121.1,40.0
Nginx,375,118.7,40.0
Nginx,376,117.0,40.0
Nginx,377,117.6,40.0
Nginx,378,117.5,40.0
Nginx,379,121.8,40.0
Nginx,380,124.8,40.0
Nginx,381,119.0,39.5
Nginx,382,123.5,40.0
Nginx,383,123.6,40.0
Nginx,386,118.7,40.0
Nginx,387,118.2,40.0
Nginx,388,126.5,39.5
Nginx,389,125.7,40.0
Nginx,394,120.9,39.5
Nginx,395,122.0,40.0
Nginx,396,119.3,40.0
Nginx,397,117.3,40.0
Nginx,398,116.9,40.0
Nginx,399,119.8,39.5
Nginx,400,126.5,40.0
Nginx,401,124.3,39.0
Nginx,405,126.0,40.0
Nginx,406,125.2,40.0
Nginx,411,122.1,40.0
Nginx,413,119.6,40.0
Nginx,414,121.2,40.0
Nginx,415,120.2,40.0
Nginx,416,121.4,40.0
Nginx,417,121.3,39.5
Nginx,418,121.5,40.0
Nginx,419,124.7,40.0
Nginx,421,125.9,40.0
Nginx,423,121.5,40.0
Nginx,424,124.1,40.0
Nginx,426,124.9,40.0
Nginx,427,122.1,40.0
Nginx,429,121.4,40.0
Nginx,430,119.7,40.0
Nginx,431,122.4,40.0
Nginx,432,122.0,40.0
Nginx,433,124.0,40.0
Nginx,434,127.7,40.0
Nginx,435,121.3,40.0
Nginx,436,122.8,40.0
Nginx,437,122.1,39.5
Nginx,438,127.9,40.0
Nginx,439,124.6,40.0
Nginx,440,125.9,40.0
Nginx,441,129.3,40.0
Nginx,442,123.0,40.0
Nginx,443,128.2,40.0
Nginx,444,117.4,40.0
Nginx,445,122.7,40.0
Nginx,446,121.6,40.0
Nginx,447,128.5,40.0
Nginx,448,130.8,40.0
Nginx,449,119.1,40.0
Nginx,450,125.4,40.0
Nginx,451,131.8,40.0
Nginx,452,123.0,40.0
Nginx,453,125.3,40.0
Nginx,454,127.8,40.0
Nginx,455,127.8,40.0
Nginx,456,128.3,40.0
Nginx,457,122.0,40.0
Nginx,458,121.3,40.0
Nginx,459,124.6,40.0
Nginx,460,131.4,40.0
Nginx,461,118.8,40.0
Nginx,462,118.2,39.5
Nginx,463,122.6,40.0
Nginx,464,126.8,40.0
Nginx,465,126.1,40.0
Nginx,466,125.9,40.5
Nginx,467,122.5,39.0
Nginx,468,117.9,40.5
Nginx,469,120.6,40.0
Nginx,470,120.9,40.0
Nginx,471,128.6,40.0
Nginx,472,122.8,39.5
Nginx,473,116.6,40.5
Nginx,474,121.7,39.0
Nginx,475,119.5,40.5
Nginx,476,118.1,40.0
Nginx,477,125.6,40.0
Nginx,478,126.0,40.0
Nginx,479,122.5,40.0
Nginx,480,117.2,40.0
Nginx,481,123.6,40.0
Nginx,482,123.8,40.0
Nginx,483,119.2,40.0
Nginx,484,126.6,40.0
Nginx,485,125.1,40.0
Nginx,486,123.9,40.0
Nginx,487,122.6,40.0
Nginx,488,117.3,40.0
Nginx,489,126.8,40.0
Nginx,490,121.2,40.0
Nginx,491,120.2,40.0
Nginx,492,123.4,40.0
Nginx,493,123.7,40.0
Nginx,494,122.2,40.0
Nginx,495,117.4,40.0
Nginx,496,118.2,40.0
Nginx,497,122.8,40.0
Nginx,498,118.3,40.0
Nginx,499,124.4,40.0
Nginx,500,120.9,40.0
Nginx,501,121.2,40.0
Nginx,502,119.0,40.0
Nginx,503,119.7,40.0
Nginx,504,118.0,40.0
Nginx,505,115.4,40.0
Nginx,506,120.8,40.0
Nginx,507,122.8,40.0
Nginx,508,126.0,40.0
Nginx,509,126.1,40.0
Nginx,510,124.0,40.0
Nginx,511,126.4,40.0
Nginx,512,122.5,40.0
Nginx,513,117.6,40.0
Nginx,514,119.2,40.0
Nginx,515,124.9,40.5
Nginx,516,124.6,40.0
Nginx,517,119.6,39.5
Nginx,518,123.7,40.0
Nginx,519,126.3,40.0
Nginx,520,122.2,40.0
Nginx,521,125.8,40.0
Nginx,522,115.5,40.0
Nginx,523,118.2,40.0
Nginx,524,121.0,40.0
Nginx,525,120.7,40.0
Nginx,526,122.4,40.0
Nginx,527,114.6,40.0
Nginx,528,116.2,40.0
Nginx,529,117.5,40.0
Nginx,530,127.2,40.0
Nginx,531,115.3,40.0
Nginx,532,116.9,40.0
Nginx,533,114.0,40.0
Nginx,534,116.7,40.0
Nginx,535,116.5,40.0
Nginx,536,123.2,40.0
Nginx,537,117.4,40.0
Nginx,538,116.4,40.0
Nginx,539,117.3,40.0
Nginx,540,118.8,40.0
Nginx,541,118.4,40.0
Nginx,542,121.9,40.0
Nginx,543,121.2,40.5
Nginx,544,119.8,40.0
Nginx,545,117.2,40.0
Nginx,546,124.2,40.0
Nginx,547,119.3,40.0
Nginx,548,119.9,40.0
Nginx,549,120.5,40.0
Nginx,550,120.1,40.0
Nginx,551,116.7,40.0
Nginx,552,117.2,40.0
Nginx,553,119.9,40.0
Nginx,554,118.5,40.0
Nginx,555,120.5,40.0
Nginx,556,116.5,40.0
Nginx,557,122.8,40.0
Nginx,558,124.1,40.0
Nginx,559,121.5,40.0
Nginx,560,122.8,40.0
Nginx,561,121.2,40.0
Nginx,562,119.2,40.0
Nginx,563,120.1,40.0
Nginx,564,125.6,40.0
Nginx,565,122.1,40.0
Nginx,566,115.6,40.5
Nginx,567,120.3,40.0
Nginx,568,122.7,40.0
Nginx,569,119.8,40.0
Nginx,570,121.8,40.0
Nginx,571,116.8,40.0
Nginx,572,122.0,40.0
Nginx,573,118.6,40.0
Nginx,574,122.0,40.0
Nginx,575,125.2,40.0
Nginx,576,117.0,40.0
Nginx,577,118.8,40.0
Nginx,578,126.4,40.0
Nginx,579,119.4,40.0
Nginx,580,116.0,40.5
Nginx,581,118.0,40.0
Nginx,582,123.3,40.0
Nginx,583,119.9,40.0
Nginx,584,120.3,40.0
Nginx,585,120.5,40.0
Nginx,586,123.4,40.0
Nginx,587,116.5,40.0
Nginx,588,118.7,40.0
Nginx,589,117.3,40.0
Nginx,590,117.2,40.0
Nginx,591,126.6,39.0
Nginx,592,123.6,40.0
Nginx,593,122.7,40.0
Nginx,594,116.7,40.0
Nginx,595,121.8,40.0
Nginx,596,118.8,40.0
Nginx,597,122.6,40.0
Nginx,598,116.3,40.0
Nginx,599,120.0,40.0
Nginx,600,122.1,40.0
Nginx,601,120.1,40.0
Nginx,602,122.6,40.0
Nginx,603,118.6,40.0
Nginx,604,121.3,40.0
Nginx,605,117.8,40.0
Nginx,606,118.4,40.0
Nginx,607,122.1,40.0
Nginx,608,119.6,40.0
Nginx,609,116.3,40.0
Nginx,610,119.6,40.0
Nginx,611,121.0,40.0
Nginx,612,124.3,40.0
Nginx,613,118.6,40.0
Nginx,614,121.3,40.0
Nginx,615,121.4,40.0
Nginx,616,121.0,40.0
Nginx,617,118.7,40.0
Nginx,618,119.5,40.0
Nginx,619,119.7,40.0
Nginx,620,120.0,40.0
Nginx,621,118.8,40.0
Nginx,622,121.4,40.0
Nginx,623,125.7,40.0
Nginx,624,124.6,40.0
Nginx,625,125.4,39.5
Nginx,626,122.2,40.0
Nginx,627,123.6,40.0
Nginx,628,122.2,40.0
Nginx,629,119.0,40.0
Nginx,630,127.1,40.0
Nginx,631,120.9,40.0
Nginx,632,117.7,40.0
Nginx,633,121.1,40.0
Nginx,634,118.6,40.0
Nginx,635,116.9,40.0
Nginx,636,121.3,40.0
Nginx,637,118.6,40.0
Nginx,638,118.4,40.0
Nginx,639,115.0,40.0
Nginx,640,114.7,40.0
Nginx,641,112.7,40.0
Nginx,642,117.6,40.0
Nginx,643,120.5,40.0
Nginx,644,116.3,39.5
Nginx,645,116.7,40.0
Nginx,646,117.1,40.0
Nginx,647,117.2,40.0
Nginx,648,119.9,40.0
Nginx,649,117.1,40.0
Nginx,650,119.6,40.0
Nginx,651,118.6,40.0
Nginx,652,117.8,40.0
Nginx,653,116.1,40.0
Nginx,654,113.3,40.0
Nginx,655,114.7,40.0
Nginx,656,125.1,40.0
Nginx,657,118.1,40.0
Nginx,658,117.2,40.0
Nginx,659,115.4,40.0
Nginx,660,117.8,40.0
Nginx,661,119.7,40.0
Nginx,662,114.6,40.0
Nginx,663,117.4,40.0
Nginx,664,117.5,40.0
Nginx,665,117.3,40.0
Nginx,666,116.0,40.0
Nginx,667,117.5,40.0
Nginx,668,120.2,40.0
Nginx,669,118.5,40.0
Nginx,670,121.6,40.0
Nginx,671,117.4,40.0
Nginx,672,116.3,40.0
Nginx,673,121.7,40.0
Nginx,674,119.3,40.0
Nginx,675,118.3,40.0
Nginx,676,115.2,40.0
Nginx,677,118.0,40.5
Nginx,678,118.5,39.5
Nginx,679,117.8,40.0
Nginx,680,123.0,40.0
Nginx,681,123.1,40.0
Nginx,682,121.6,40.0
Nginx,683,115.3,40.0
Nginx,684,117.2,41.0
Nginx,685,117.2,40.0
Nginx,686,117.6,40.0
Nginx,687,115.4,40.0
Nginx,688,119.5,40.0
Nginx,689,116.7,40.0
Nginx,690,117.7,40.0
Nginx,691,119.5,40.0
Nginx,692,114.6,40.0
Nginx,693,116.1,40.0
Nginx,694,115.3,40.0
Nginx,695,113.9,40.0
Nginx,696,117.2,40.0
Nginx,697,119.2,40.0
Nginx,698,120.3,40.0
Nginx,699,120.1,40.0
Nginx,700,118.8,40.0
Nginx,701,115.7,40.0
Nginx,702,118.2,40.0
Nginx,703,120.1,40.0
Nginx,704,122.3,40.0
Nginx,705,118.0,39.5
Nginx,706,121.9,40.5
Nginx,707,118.0,40.0
Nginx,708,120.5,40.0
Nginx,709,125.6,40.0
Nginx,710,119.7,40.5
Nginx,711,119.6,40.0
Nginx,712,122.6,40.0
Nginx,713,117.7,40.0
Nginx,714,122.9,40.0
Nginx,715,120.1,40.0
Nginx,716,117.6,40.0
Nginx,717,121.0,40.0
Nginx,718,120.4,40.0
Nginx,719,126.2,40.0
Nginx,720,124.5,40.0
Nginx,721,122.9,40.0
Nginx,722,124.4,40.0
Nginx,723,121.6,40.0
Nginx,724,117.5,40.0
Nginx,725,128.5,40.0
Nginx,726,121.9,40.0
Nginx,727,122.8,40.0
Nginx,728,125.0,40.0
Nginx,729,128.3,40.0
Nginx,730,131.0,40.0
Nginx,731,125.2,40.0
Nginx,732,116.0,40.0
Nginx,733,123.5,40.0
Nginx,734,122.1,40.0
Nginx,735,123.7,40.0
Nginx,736,129.0,40.0
Nginx,737,129.2,40.0
Nginx,738,119.8,40.0
Nginx,739,125.5,40.0
Nginx,740,124.3,40.0
Nginx,741,129.4,40.0
Nginx,742,132.2,40.0
Nginx,743,134.6,40.0
Nginx,744,122.2,40.0
Nginx,745,124.9,40.0
Nginx,746,125.7,40.0
Nginx,747,128.1,40.0
Nginx,748,129.5,40.0
Nginx,749,119.3,40.0
Nginx,750,118.8,40.0
Nginx,751,117.2,40.0
Nginx,752,117.5,40.0
Nginx,753,118.8,40.0
Nginx,754,121.7,40.0
Nginx,755,119.5,40.0
Nginx,756,119.9,40.0
Nginx,757,119.8,40.0
Nginx,758,123.4,40.0
Nginx,759,124.2,40.0
Nginx,760,117.6,40.0
Nginx,761,117.7,40.0
Nginx,762,122.0,40.0
Nginx,763,121.2,40.0
Nginx,764,120.3,40.0
Nginx,765,118.0,40.0
Nginx,766,121.3,40.0
Nginx,767,120.0,40.0
Nginx,768,121.2,40.0
Nginx,769,121.2,40.0
Nginx,770,122.1,40.0
Nginx,771,124.7,40.0
Nginx,772,116.4,40.0
Nginx,773,121.5,40.0
Nginx,774,121.9,40.0
Nginx,775,122.2,40.0
Nginx,776,117.7,40.0
Nginx,777,130.5,40.0
Nginx,778,121.5,40.0
Nginx,779,123.3,40.0
Nginx,780,126.7,40.0
Nginx,781,122.6,39.5
Nginx,782,123.7,40.0
Nginx,783,127.5,40.0
Nginx,784,125.8,40.0
Nginx,785,122.0,40.0
Nginx,786,123.0,39.5
Nginx,787,128.0,40.0
Nginx,788,118.7,40.0
Nginx,789,126.1,40.0
Nginx,790,125.8,40.0
Nginx,791,125.0,40.0
Nginx,792,124.7,40.5
Nginx,793,124.3,40.0
Nginx,794,125.1,40.0
Nginx,795,122.2,40.0
Nginx,796,120.1,40.0
Nginx,797,123.9,40.0
Nginx,798,126.6,40.0
Nginx,799,122.7,40.0
Nginx,800,120.6,40.0
Nginx,801,119.7,40.0
Nginx,802,120.5,40.0
Nginx,803,122.5,40.0
Nginx,804,124.0,40.0
Nginx,805,129.6,40.0
Nginx,806,125.2,40.0
Nginx,807,130.1,40.0
Nginx,808,126.1,40.0
Nginx,809,120.7,40.0
Nginx,810,124.2,40.0
Nginx,811,124.1,40.0
Nginx,812,124.0,40.0
Nginx,813,121.3,40.0
Nginx,814,118.4,40.0
Nginx,815,125.8,40.0
Nginx,816,121.0,40.0
Nginx,817,116.1,40.0
Nginx,818,120.5,40.0
Nginx,819,119.8,40.0
Nginx,820,120.2,40.0
Nginx,821,119.8,40.5
Nginx,822,122.4,40.0
Nginx,823,123.6,40.0
Nginx,824,123.8,40.0
Nginx,825,123.6,40.0
Nginx,826,128.1,40.0
Nginx,827,119.0,40.0
Nginx,828,123.6,40.0
Nginx,829,121.4,40.0
Nginx,830,115.9,40.0
Nginx,831,119.8,40.0
Nginx,832,116.2,40.0
Nginx,833,120.3,40.0
Nginx,834,125.3,40.0
Nginx,835,121.5,40.0
Nginx,836,121.1,40.0
Nginx,837,121.6,40.0
Nginx,838,119.4,40.5
Nginx,839,121.3,40.0
Nginx,840,128.0,39.0
Nginx,841,122.4,40.0
Nginx,842,125.6,40.0
Nginx,843,120.5,40.0
Nginx,844,123.0,40.0
Nginx,845,121.5,40.0
Nginx,846,121.2,40.0
Nginx,847,126.4,39.5
Nginx,848,125.4,40.5
Nginx,849,126.5,40.0
Nginx,850,130.6,40.0
Nginx,851,125.2,40.0
Nginx,852,130.1,40.0
Nginx,853,122.7,40.0
Nginx,854,123.4,40.0
Nginx,855,126.5,40.0
Nginx,856,122.1,40.0
Nginx,857,126.3,40.0
Nginx,858,118.5,39.5
Nginx,859,124.6,40.0
Nginx,860,130.0,40.5
Nginx,861,126.1,40.0
Nginx,862,125.9,40.0
Nginx,863,122.3,40.0
Nginx,864,123.2,40.0
Nginx,865,128.6,40.0
Nginx,866,121.8,40.0
Nginx,867,121.4,40.0
Nginx,868,121.8,40.0
Nginx,869,120.4,40.0
Nginx,870,125.3,40.0
Nginx,871,124.3,40.0
Nginx,872,127.7,40.0
Nginx,873,125.4,40.0
Nginx,874,120.2,40.0
Nginx,875,124.5,40.5
Nginx,876,123.0,40.0
Nginx,877,121.4,40.0
Nginx,878,120.2,40.0
Nginx,879,118.1,40.0
Nginx,880,121.8,40.0
Nginx,881,123.1,40.0
Nginx,882,123.3,40.0
Nginx,883,128.6,40.0
Nginx,884,119.8,40.0
Nginx,885,117.0,40.0
Nginx,886,115.2,40.0
Nginx,887,120.4,40.0
Nginx,888,118.0,40.0
Nginx,889,119.4,40.0
Nginx,890,120.8,40.0
Nginx,891,117.4,40.0
Nginx,892,118.8,40.0
Nginx,893,120.5,40.0
Nginx,894,124.9,39.5
Nginx,895,127.5,40.0
Nginx,896,128.2,40.0
Nginx,897,127.3,40.0
Nginx,898,125.0,40.0
Nginx,899,130.0,40.0
Nginx,900,121.4,40.0
Nginx,901,121.7,40.0
Nginx,902,119.8,40.0
Nginx,903,118.3,40.0
Nginx,904,119.7,40.0
Nginx,905,118.6,40.0
Nginx,906,117.8,40.0
Nginx,907,122.2,40.0
Nginx,908,121.1,40.0
Nginx,909,121.3,40.0
Nginx,910,118.0,40.0
Nginx,911,118.7,40.0
Nginx,912,119.5,40.0
Nginx,913,122.1,40.0
Nginx,914,123.9,40.0
Nginx,915,125.9,40.0
Nginx,916,118.1,40.0
Nginx,917,116.1,40.0
Nginx,918,117.2,40.0
Nginx,919,118.3,40.0
Nginx,920,115.8,40.0
Nginx,921,116.5,40.0
Nginx,922,121.1,40.0
Nginx,923,121.5,40.0
Nginx,924,118.5,40.0
Nginx,925,118.8,40.0
Nginx,926,118.9,40.0
Nginx,927,118.9,40.0
Nginx,928,121.2,40.0
Nginx,929,118.4,40.0
Nginx,930,117.4,40.0
Nginx,931,121.0,40.0
Nginx,932,119.2,40.0
Nginx,933,122.8,40.0
Nginx,934,118.6,40.0
Nginx,935,122.7,40.0
Nginx,936,119.7,40.0
Nginx,937,121.7,40.0
Nginx,938,119.4,40.0
Nginx,939,118.4,40.0
Nginx,940,120.6,40.0
Nginx,941,120.0,40.0
Nginx,942,116.9,40.0
Nginx,943,119.6,40.0
Nginx,944,118.2,40.0
Nginx,945,117.9,40.0
Nginx,946,118.2,40.0
Nginx,947,121.3,40.0
Nginx,948,120.1,40.0
Nginx,949,121.1,40.0
Nginx,950,123.0,40.0
Nginx,951,121.6,40.0
Nginx,952,118.1,40.0
Nginx,953,117.0,40.0
Nginx,954,120.5,40.0
Nginx,955,120.8,40.0
Nginx,956,116.0,40.0
Nginx,957,118.1,40.0
Nginx,958,125.2,40.0
Nginx,959,120.6,39.5
Nginx,960,116.9,40.0
Nginx,961,121.6,39.0
Nginx,962,118.9,39.0
Nginx,963,122.5,38.0
Nginx,964,120.1,37.0
Nginx,965,127.3,37.0
Nginx,966,120.2,36.0
Nginx,967,124.0,36.0
Nginx,968,121.8,35.0
Nginx,969,118.5,35.0
Nginx,970,123.8,34.0
Nginx,971,124.5,34.0
Nginx,972,124.5,32.5
Nginx,973,122.3,32.0
Nginx,974,122.2,32.0
Nginx,975,119.8,31.0
Nginx,976,120.2,30.0
Nginx,977,125.8,30.0
Nginx,978,122.2,29.0
Nginx,979,119.6,29.0
Nginx,980,120.7,28.0
Nginx,981,119.3,28.0
Nginx,982,121.8,27.0
Nginx,983,119.3,27.0
Nginx,984,119.5,26.0
Nginx,985,116.5,25.5
Nginx,986,119.7,25.0
Nginx,987,120.1,24.0
Nginx,988,117.5,24.0
Nginx,989,120.9,23.0
Nginx,990,120.3,22.5
Nginx,991,119.0,22.0
Nginx,992,123.9,21.0
Nginx,993,121.3,20.0
Nginx,994,116.7,20.0
Nginx,995,118.9,20.0
Nginx,996,119.7,19.0
Nginx,997,119.7,18.0
Nginx,998,116.7,18.0
Nginx,999,122.3,17.0
Nginx,1000,115.8,16.0
Nginx,1001,122.4,16.0
Nginx,1002,115.4,15.5
Nginx,1003,121.2,15.0
Nginx,1004,122.5,14.0
Nginx,1005,123.9,14.0
Nginx,1006,122.9,13.0
Nginx,1007,119.1,12.5
Nginx,1008,125.7,12.0
Nginx,1009,119.5,11.0
Nginx,1010,114.1,11.0
Nginx,1011,114.2,10.0
Nginx,1012,114.8,9.5
Nginx,1013,116.4,9.0
Nginx,1014,122.0,8.0
Nginx,1015,123.3,8.0
Nginx,1016,122.2,7.0
Nginx,1017,120.4,6.5
Nginx,1018,123.9,6.0
Nginx,1019,115.5,5.0
Nginx,1020,114.6,5.0
Nginx,1021,130.1,5.0
Nginx,1022,116.9,5.0
Nginx,1023,118.7,5.0
Nginx,1024,110.2,5.0
Nginx,1025,117.6,5.0
Nginx,1026,123.8,5.0
Nginx,1027,122.0,5.0
Nginx,1028,128.9,5.0
Nginx,1029,126.5,5.0
Nginx,1030,118.6,5.0
Nginx,1031,119.6,5.0
Nginx,1032,116.6,5.0
Nginx,1033,113.0,5.0
Nginx,1034,110.7,5.0
Nginx,1035,117.1,5.0
Nginx,1036,124.4,5.0
Nginx,1037,120.0,5.0
Nginx,1038,118.5,5.0
Nginx,1039,124.3,5.0
Nginx,1040,124.4,5.0
Nginx,1041,121.8,5.0
Nginx,1042,121.5,5.0
Nginx,1043,113.0,5.0
Nginx,1044,120.6,5.0
Nginx,1045,116.7,5.0
Nginx,1046,121.7,5.0
Nginx,1047,120.4,5.0
Nginx,1048,111.2,5.0
Nginx,1049,123.3,5.0
Nginx,1050,114.8,5.0
Nginx,1051,122.6,5.0
Nginx,1052,126.5,5.0
Nginx,1053,127.1,5.0
Nginx,1054,122.5,5.0
Nginx,1055,115.0,5.0
Nginx,1056,123.0,5.0
Nginx,1057,122.7,5.0
Nginx,1058,133.1,5.0
Nginx,1059,118.6,5.0
Nginx,1060,127.6,5.0
Nginx,1061,120.4,5.0
Nginx,1062,120.2,5.0
Nginx,1063,125.5,5.0
Nginx,1064,121.1,5.0
Nginx,1065,128.2,5.0
Nginx,1066,121.9,5.0
Nginx,1067,123.9,5.0
Nginx,1068,115.2,5.0
Nginx,1069,121.1,5.0
Nginx,1070,119.6,5.0
Nginx,1071,122.1,5.0
Nginx,1072,112.2,5.0
Nginx,1073,115.0,5.0
Nginx,1074,131.3,5.0
Nginx,1075,117.8,5.0
Nginx,1076,117.3,5.0
Nginx,1077,116.1,5.0
Nginx,1078,116.0,5.0
Nginx,1079,119.8,5.0
Nginx,1080,117.2,5.0
Nginx,1081,111.9,5.0
Nginx,1082,121.3,5.0
Nginx,1083,114.8,5.0
Nginx,1084,118.2,5.0
Nginx,1085,124.8,5.0
Nginx,1086,123.0,5.0
Nginx,1087,116.8,5.0
Nginx,1088,123.7,5.0
Nginx,1089,122.9,5.0
Nginx,1090,118.8,5.0
Nginx,1091,115.4,5.0
Nginx,1092,128.6,5.0
Nginx,1093,115.1,5.0
Nginx,1094,126.1,5.0
Nginx,1095,120.1,5.0
Nginx,1096,116.0,5.0
Nginx,1097,116.4,5.0
Nginx,1098,113.7,5.0
Nginx,1099,118.2,5.0
Nginx,1100,119.8,5.0
Nginx,1101,119.7,5.0
Nginx,1102,123.6,5.0
Nginx,1103,117.3,5.0
Nginx,1104,115.9,5.0
Nginx,1105,122.9,5.0
Nginx,1106,121.9,5.0
Nginx,1107,117.1,5.0
Nginx,1108,124.2,5.0
Nginx,1109,114.3,5.0
Nginx,1110,124.8,5.0
Nginx,1111,120.0,5.0
Nginx,1112,125.5,5.0
Nginx,1113,117.6,5.0
Nginx,1114,124.7,5.0
Nginx,1115,116.4,5.0
Nginx,1116,115.7,5.0
Nginx,1117,114.6,5.0
Nginx,1118,116.6,5.0
Nginx,1119,121.1,5.0
Nginx,1120,114.5,5.0
Nginx,1121,123.6,5.0
Nginx,1122,110.9,5.0
Nginx,1123,123.1,5.0
Nginx,1124,129.1,5.0
Nginx,1125,120.1,5.0
Nginx,1126,122.6,5.0
Nginx,1127,120.1,5.0
Nginx,1128,113.2,5.0
Nginx,1129,119.2,5.0
Nginx,1130,121.1,5.0
Nginx,1131,112.7,5.0
Nginx,1132,119.6,5.0
Nginx,1133,117.4,5.0
Nginx,1134,113.7,5.0
Nginx,1135,115.3,5.0
Nginx,1136,123.6,5.0
Nginx,1137,119.1,5.0
Nginx,1138,121.6,5.0
Nginx,1139,126.6,5.0
Nginx,1140,119.1,5.0
Nginx,1141,120.5,5.0
Nginx,1142,120.4,5.0
Nginx,1143,115.5,5.0
Nginx,1144,125.0,5.0
Nginx,1145,121.3,5.0
Nginx,1146,120.8,5.0
Nginx,1147,120.8,5.0
Nginx,1148,127.8,5.0
Nginx,1149,123.4,5.0
Nginx,1150,126.5,5.0
Nginx,1151,123.5,5.0
Nginx,1152,125.0,5.0
Nginx,1153,121.7,5.0
Nginx,1154,120.4,5.0
Nginx,1155,121.5,5.0
Nginx,1156,122.2,5.0
Nginx,1157,119.8,5.0
Nginx,1158,123.5,5.0
Nginx,1159,121.4,5.0
Nginx,1160,136.0,5.0
Nginx,1161,129.9,5.0
Nginx,1162,119.9,5.0
Nginx,1163,117.0,5.0
Nginx,1164,119.7,5.0
Nginx,1165,114.8,5.0
Nginx,1166,116.4,5.0
Nginx,1167,119.6,5.0
Nginx,1168,123.8,5.0
Nginx,1169,134.9,5.0
Nginx,1170,119.0,5.0
Nginx,1171,121.6,5.0
Nginx,1172,129.6,5.0
Nginx,1173,123.5,5.0
Nginx,1174,121.4,5.0
Nginx,1175,122.9,5.0
Nginx,1176,129.4,5.0
Nginx,1177,122.9,5.0
Nginx,1178,124.1,5.0
Nginx,1179,123.1,5.0
Nginx,1180,124.8,5.0
Nginx,1181,120.8,5.0
Nginx,1182,127.1,5.0
Nginx,1183,122.0,5.0
Nginx,1184,120.4,5.0
Nginx,1185,125.0,5.0
Nginx,1186,120.8,5.0
Nginx,1187,117.8,5.0
Nginx,1188,124.3,5.0
Nginx,1189,115.9,5.0
Nginx,1190,127.1,5.0
Nginx,1191,126.5,5.0
Nginx,1192,122.8,5.0
Nginx,1193,120.4,5.0
Nginx,1194,124.3,5.0
Nginx,1195,116.0,5.0
Nginx,1196,116.3,5.0
Nginx,1197,127.1,5.0
Nginx,1198,128.2,5.0
Nginx,1199,134.0,5.0
Nginx,1200,120.4,5.0
Nginx,1201,115.2,5.0
Nginx,1202,123.4,5.0
Nginx,1203,112.9,5.0
Nginx,1204,121.4,5.0
Nginx,1205,117.4,5.0
Nginx,1206,117.2,5.0
Nginx,1207,117.8,5.0
Nginx,1208,124.5,5.0
Nginx,1209,124.8,5.0
Nginx,1210,120.0,5.0
Nginx,1211,123.9,5.0
Nginx,1212,120.9,5.0
Nginx,1213,121.0,5.0
Nginx,1214,123.2,5.0
Nginx,1215,117.2,5.0
Nginx,1216,123.2,5.0
Nginx,1217,118.2,5.0
Nginx,1218,122.9,5.0
Nginx,1219,115.4,5.0
Nginx,1220,122.0,5.0
Nginx,1221,120.9,5.0
Nginx,1222,135.4,5.0
Nginx,1223,129.5,5.0
Nginx,1224,124.2,5.0
Nginx,1225,116.5,5.0
Nginx,1226,117.8,5.0
Nginx,1227,123.5,5.0
Nginx,1228,116.0,5.0
Nginx,1229,120.0,5.0
Nginx,1230,122.7,5.0
Nginx,1231,132.5,5.0
Nginx,1232,129.6,5.0
Nginx,1233,128.1,5.0
Nginx,1234,121.2,5.0
Nginx,1235,120.7,5.0
Nginx,1236,121.4,5.0
Nginx,1237,118.6,5.0
Nginx,1238,119.6,5.0
Nginx,1239,127.9,5.0
Nginx,1240,122.8,5.0
Nginx,1241,122.9,5.0
Nginx,1242,117.6,5.0
Nginx,1243,117.8,5.0
Nginx,1244,121.0,5.0
Nginx,1245,117.7,5.0
Nginx,1246,119.7,5.0
Nginx,1247,112.5,5.0
Nginx,1248,121.9,5.0
Nginx,1249,118.8,5.0
Nginx,1250,115.6,5.0
Nginx,1251,119.5,5.0
Nginx,1252,119.2,5.0
Nginx,1253,117.9,5.0
Nginx,1254,110.3,5.0
Nginx,1255,120.6,5.0
Nginx,1256,123.2,5.0
Nginx,1257,116.3,5.0
Nginx,1258,119.5,5.0
Nginx,1259,117.6,5.0
Nginx,1260,122.9,5.0
Nginx,1261,113.6,5.0
Nginx,1262,122.5,5.0
Nginx,1263,123.9,5.0
Nginx,1264,117.1,5.0
Nginx,1265,116.6,5.0
Nginx,1266,120.0,5.0
Nginx,1267,112.2,5.0
Nginx,1268,120.8,5.0
Nginx,1269,116.1,5.0
Nginx,1270,122.1,5.0
Nginx,1271,123.5,5.0
Nginx,1272,122.0,5.0
Nginx,1273,119.1,5.0
Nginx,1274,115.9,5.0
Nginx,1275,114.5,5.0
Nginx,1276,120.0,5.0
Nginx,1277,114.7,5.0
Nginx,1278,118.6,5.0
Nginx,1279,115.7,5.0
Nginx,1280,118.1,5.0
Nginx,1281,117.5,5.0
Nginx,1282,129.9,5.0
Nginx,1283,122.6,5.0
Nginx,1284,116.2,5.0
Nginx,1285,112.8,5.0
Nginx,1286,118.4,5.0
Nginx,1287,110.6,5.0
Nginx,1288,120.5,5.0
Nginx,1289,122.9,5.0
Nginx,1290,122.0,5.0
Nginx,1291,114.5,5.0
Nginx,1292,119.6,5.0
Nginx,1293,118.8,5.0
Nginx,1294,117.0,5.0
Nginx,1295,121.7,5.0
Nginx,1296,117.3,5.0
Nginx,1297,118.4,5.0
Nginx,1298,131.3,5.0
Nginx,1299,112.7,5.0
Nginx,1300,116.9,5.0
Nginx,1301,121.4,5.0
Nginx,1302,115.2,5.0
Nginx,1303,122.1,5.0
Nginx,1304,119.5,5.0
Nginx,1305,115.8,5.0
Nginx,1306,123.0,5.0
Nginx,1307,116.5,5.0
Nginx,1308,120.7,5.0
Nginx,1309,116.3,5.0
Nginx,1310,118.5,5.0
Nginx,1311,114.9,5.0
Nginx,1312,119.1,5.0
Nginx,1313,123.4,5.0
Nginx,1314,115.7,5.0
Nginx,1315,116.8,5.0
Nginx,1316,126.6,5.0
Nginx,1317,117.6,5.0
Nginx,1318,123.0,5.0
Nginx,1319,114.0,5.0
Nginx,1320,119.9,5.0
Nginx,1321,118.5,5.0
Nginx,1322,128.0,5.0
Nginx,1323,126.1,5.0
Nginx,1324,121.6,5.0
Nginx,1325,119.2,5.0
Nginx,1326,122.9,5.0
Nginx,1327,117.9,5.0
Nginx,1328,120.9,5.0
Nginx,1329,129.6,5.0
Nginx,1330,115.1,5.0
Nginx,1331,131.8,5.0
Nginx,1332,124.2,5.0
Nginx,1333,123.5,5.0
Nginx,1334,124.1,5.0
Nginx,1335,121.0,5.0
Nginx,1336,131.8,5.0
Nginx,1337,117.5,5.0
Nginx,1338,116.0,5.0
Nginx,1339,118.7,5.0
Nginx,1340,125.1,5.0
Nginx,1341,114.8,5.0
Nginx,1342,118.0,5.0
Nginx,1343,116.9,5.0
Nginx,1344,123.2,5.0
Nginx,1345,117.3,5.0
Nginx,1346,115.8,5.0
Nginx,1347,121.2,5.0
Nginx,1348,115.3,5.0
Nginx,1349,114.4,5.0
Nginx,1350,116.0,5.0
Nginx,1351,123.5,5.0
Nginx,1352,120.6,5.0
Nginx,1353,118.7,5.0
Nginx,1354,118.0,5.0
Nginx,1355,116.2,5.0
Nginx,1356,119.0,5.0
Nginx,1357,115.2,5.0
Nginx,1358,117.7,5.0
Nginx,1359,115.5,5.0
Nginx,1360,115.9,5.0
Nginx,1361,115.0,5.0
Nginx,1362,121.4,5.0
Nginx,1363,119.2,5.0
Nginx,1364,123.1,5.0
Nginx,1365,117.2,5.0
Nginx,1366,115.8,5.0
Nginx,1367,113.0,5.0
Nginx,1368,119.1,5.0
Nginx,1369,111.7,5.0
Nginx,1370,118.2,5.0
Nginx,1371,119.2,5.0
Nginx,1372,118.1,5.0
Nginx,1373,121.6,5.0
Nginx,1374,115.3,5.0
Nginx,1375,117.3,5.0
Nginx,1376,114.3,5.0
Nginx,1377,113.1,5.0
Nginx,1378,118.1,5.0
Nginx,1379,118.1,5.0
Nginx,1380,111.9,5.0
Nginx,1381,111.0,5.0
Nginx,1382,114.6,5.0
Nginx,1383,119.5,5.0
Nginx,1384,126.0,5.0
Nginx,1385,124.7,5.0
Nginx,1386,115.1,5.0
Nginx,1387,129.8,5.0
Nginx,1388,119.9,5.0
Nginx,1389,130.7,5.0
Nginx,1390,126.8,5.0
Nginx,1391,122.8,5.0
Nginx,1392,122.0,5.0
Nginx,1393,118.2,5.0
Nginx,1394,121.0,5.0
Nginx,1395,123.7,5.0
Nginx,1396,126.0,5.0
Nginx,1397,118.7,5.0
Nginx,1398,112.7,5.0
Nginx,1399,120.6,5.0
Nginx,1400,121.5,5.0
Nginx,1401,119.6,5.0
Nginx,1402,118.7,5.0
Nginx,1403,115.5,5.0
Nginx,1404,122.9,5.0
Nginx,1405,114.4,5.0
Nginx,1406,119.2,5.0
Nginx,1407,124.2,5.0
Nginx,1408,120.7,5.0
Nginx,1409,110.1,5.0
Nginx,1410,116.1,5.0
Nginx,1411,120.0,5.0
Nginx,1412,123.2,5.0
Nginx,1413,122.9,5.0
Nginx,1414,119.4,5.0
Nginx,1415,110.5,5.0
Nginx,1416,118.6,5.0
Nginx,1417,117.4,5.0
Nginx,1418,116.8,5.0
Nginx,1419,120.0,5.0
Nginx,1420,116.6,5.0
Nginx,1421,119.4,5.0
Nginx,1422,117.7,5.0
Nginx,1423,120.3,5.0
Nginx,1424,117.5,5.0
Nginx,1425,121.5,5.0
Nginx,1426,120.8,5.0
Nginx,1427,118.4,5.0
Nginx,1428,115.9,5.0
Nginx,1429,115.7,5.0
Nginx,1430,112.9,5.0
Nginx,1431,123.0,5.0
Nginx,1432,116.0,5.0
Nginx,1433,118.6,5.0
Nginx,1434,116.9,5.0
Nginx,1435,116.8,5.0
Nginx,1436,117.2,5.0
Nginx,1437,119.4,5.0
Nginx,1438,116.1,5.0
Nginx,1439,120.1,5.0
Nginx,1440,125.3,5.0
Nginx,1441,119.6,5.0
Nginx,1442,113.2,5.0
Nginx,1443,116.9,5.0
Nginx,1444,121.1,5.0
Nginx,1445,115.1,5.0
Nginx,1446,113.6,5.0
Nginx,1447,122.8,5.0
Nginx,1448,121.2,5.0
Nginx,1449,117.7,5.0
Nginx,1450,121.0,5.0
Nginx,1451,121.0,5.0
Nginx,1452,118.4,5.0
Nginx,1453,120.8,5.0
Nginx,1454,120.8,5.0
Nginx,1455,122.2,5.0
Nginx,1456,123.6,5.0
Nginx,1457,121.6,5.0
Nginx,1458,123.7,5.0
Nginx,1459,114.9,5.0
Nginx,1460,118.5,5.0
Nginx,1461,119.4,5.0
Nginx,1462,120.4,5.0
Nginx,1463,122.2,5.0
Nginx,1464,123.4,5.0
Nginx,1465,120.0,5.0
Nginx,1466,120.8,5.0
Nginx,1467,113.9,5.0
Nginx,1468,116.2,5.0
Nginx,1469,121.4,5.0
Nginx,1470,118.9,5.0
Nginx,1471,121.9,5.0
Nginx,1472,121.6,5.0
Nginx,1473,118.8,5.0
Nginx,1474,118.4,5.0
Nginx,1475,116.5,5.0
Nginx,1476,116.6,5.0
Nginx,1477,119.3,5.0
Nginx,1478,122.0,5.0
Nginx,1479,118.3,5.0
Nginx,1480,115.3,5.0
Nginx,1481,119.6,5.0
Nginx,1482,113.4,5.0
Nginx,1483,121.4,5.0
Nginx,1484,130.7,5.0
Nginx,1485,116.5,5.0
Nginx,1486,119.5,5.0
Nginx,1487,126.7,5.0
Nginx,1488,118.7,5.0
Nginx,1489,116.5,5.0
Nginx,1490,125.6,5.0
Nginx,1491,122.2,5.0
Nginx,1492,119.5,5.0
Nginx,1493,119.7,5.0
Nginx,1494,129.4,5.0
Nginx,1495,116.1,5.0
Nginx,1496,121.8,5.0
Nginx,1497,118.4,5.0
Nginx,1498,117.9,5.0
Nginx,1499,131.7,5.0
Nginx,1500,123.3,5.0
Nginx,1501,119.2,5.0
Nginx,1502,117.7,5.0
Nginx,1503,120.2,5.0
Nginx,1504,119.9,5.0
Nginx,1505,125.3,5.0
Nginx,1506,117.7,5.0
Nginx,1507,120.1,5.0
Nginx,1508,117.7,5.0
Nginx,1509,123.5,5.0
Nginx,1510,124.0,5.0
Nginx,1511,124.2,5.0
Nginx,1512,123.6,5.0
Nginx,1513,120.9,5.0
Nginx,1514,118.5,5.0
Nginx,1515,121.7,5.0
Nginx,1516,128.4,5.0
Nginx,1517,123.2,5.0
Nginx,1518,125.1,5.0
Nginx,1519,122.1,5.0
Nginx,1520,124.0,5.0
Nginx,1521,123.1,5.0
Nginx,1522,126.3,5.0
Nginx,1523,123.1,5.0
Nginx,1524,123.7,5.0
Nginx,1525,118.4,5.0
Nginx,1526,121.8,5.0
Nginx,1527,120.4,5.0
Nginx,1528,116.2,5.0
Nginx,1529,122.4,5.0
Nginx,1530,127.1,5.0
Nginx,1531,121.3,5.0
Nginx,1532,120.3,5.0
Nginx,1533,119.3,5.0
Nginx,1534,119.3,5.0
Nginx,1535,116.7,5.0
Nginx,1536,122.1,5.0
Nginx,1537,120.1,5.0
Nginx,1538,123.1,5.0
Nginx,1539,120.7,5.0
Nginx,1540,121.1,5.0
Nginx,1541,117.8,5.0
Nginx,1542,122.3,5.0
Nginx,1543,119.4,5.0
Nginx,1544,130.8,5.0
Nginx,1545,118.2,5.0
Nginx,1546,124.6,5.0
Nginx,1547,119.4,5.0
Nginx,1548,121.6,5.0
Nginx,1549,118.4,5.0
Nginx,1550,127.4,5.0
Nginx,1551,119.1,5.0
Nginx,1552,115.3,5.0
Nginx,1553,121.6,5.0
Nginx,1554,122.9,5.0
Nginx,1555,117.6,5.0
Nginx,1556,128.7,5.0
Nginx,1557,120.4,5.0
Nginx,1558,120.6,5.0
Nginx,1559,117.3,5.0
Nginx,1560,121.1,5.0
Nginx,1561,115.4,5.0
Nginx,1562,120.3,5.0
Nginx,1563,116.9,5.0
Nginx,1564,127.0,5.0
Nginx,1565,122.6,5.0
Nginx,1566,125.5,5.0
Nginx,1567,122.0,5.0
Nginx,1568,114.7,5.0
Nginx,1569,121.2,5.0
Nginx,1570,126.5,5.0
Nginx,1571,119.4,5.0
Nginx,1572,119.1,5.0
Nginx,1573,118.7,5.0
Nginx,1574,122.2,5.0
Nginx,1575,126.6,5.0
Nginx,1576,120.5,5.0
Nginx,1577,125.9,5.0
Nginx,1578,132.6,5.0
Nginx,1579,120.0,5.0
Nginx,1580,124.6,5.0
Nginx,1581,119.3,5.0
Nginx,1582,124.9,5.0
Nginx,1583,122.7,5.0
Nginx,1584,126.4,5.0
Nginx,1585,118.9,5.0
Nginx,1586,114.3,5.0
Nginx,1587,125.5,5.0
Nginx,1588,120.5,5.0
Nginx,1589,122.6,5.0
Nginx,1590,120.5,5.0
Nginx,1591,119.7,5.0
Nginx,1592,114.7,5.0
Nginx,1593,117.7,5.0
Nginx,1594,122.0,5.0
Nginx,1595,111.8,5.0
Nginx,1596,120.4,5.0
Nginx,1597,115.0,5.0
Nginx,1598,118.6,5.0
Nginx,1599,128.7,5.0
Nginx,1600,124.1,5.0
Nginx,1601,119.3,5.0
Nginx,1602,115.8,5.0
Nginx,1603,116.9,5.0
Nginx,1604,125.5,5.0
Nginx,1605,130.6,5.0
Nginx,1606,120.8,5.0
Nginx,1607,122.6,5.0
Nginx,1608,117.3,5.0
Nginx,1609,119.7,5.0
Nginx,1610,118.8,5.0
Nginx,1611,130.8,5.0
Nginx,1612,121.5,5.0
Nginx,1613,119.6,5.0
Nginx,1614,118.4,5.0
Nginx,1615,117.5,5.0
Nginx,1616,120.3,5.0
Nginx,1617,124.3,5.0
Nginx,1618,119.7,5.0
Nginx,1619,119.8,5.0
Nginx,1620,125.2,5.0
Nginx,1621,115.6,5.0
Nginx,1622,118.8,5.0
Nginx,1623,112.0,5.0
Nginx,1624,129.8,5.0
Nginx,1625,122.7,5.0
Nginx,1626,126.2,5.0
Nginx,1627,122.0,5.0
Nginx,1628,118.7,5.0
Nginx,1629,114.1,5.0
Nginx,1630,121.3,5.0
Nginx,1631,117.4,5.0
Nginx,1632,121.6,5.0
Nginx,1633,117.3,5.0
Nginx,1634,122.9,5.0
Nginx,1635,118.7,5.0
Nginx,1636,126.0,5.0
Nginx,1637,122.2,5.0
Nginx,1638,124.4,5.0
Nginx,1639,122.4,5.0
Nginx,1640,132.5,5.0
Nginx,1641,114.3,5.0
Nginx,1642,126.2,5.0
Nginx,1643,120.9,5.0
Nginx,1644,126.2,5.0
Nginx,1645,121.6,5.0
Nginx,1646,116.8,5.0
Nginx,1647,119.1,5.0
Nginx,1648,112.7,5.0
Nginx,1649,124.3,5.0
Nginx,1650,121.7,5.0
Nginx,1651,120.0,5.0
Nginx,1652,116.9,5.0
Nginx,1653,116.9,5.0
Nginx,1654,119.9,5.0
Nginx,1655,115.2,5.0
Nginx,1656,122.2,5.0
Nginx,1657,121.0,5.0
Nginx,1658,120.1,5.0
Nginx,1659,118.8,5.0
Nginx,1660,120.7,5.0
Nginx,1661,115.4,5.0
Nginx,1662,120.2,5.0
Nginx,1663,119.4,5.0
Nginx,1664,125.2,5.0
Nginx,1665,119.1,5.0
Nginx,1666,124.4,5.0
Nginx,1667,122.4,5.0
Nginx,1668,122.6,5.0
Nginx,1669,116.3,5.0
Nginx,1670,122.3,5.0
Nginx,1671,119.8,5.0
Nginx,1672,119.0,5.0
Nginx,1673,122.4,5.0
Nginx,1674,123.4,5.0
Nginx,1675,113.5,5.0
Nginx,1676,125.7,5.0
Nginx,1677,117.8,5.0
Nginx,1678,119.3,5.0
Nginx,1679,118.3,5.0
Nginx,1680,120.0,5.0
Nginx,1681,121.4,5.0
Nginx,1682,113.5,5.0
Nginx,1683,116.9,5.0
Nginx,1684,124.8,5.0
Nginx,1685,123.2,5.0
Nginx,1686,129.2,5.0
Nginx,1687,117.5,5.0
Nginx,1688,119.0,5.0
Nginx,1689,115.0,5.0
Nginx,1690,125.8,5.0
Nginx,1691,115.4,5.0
Nginx,1692,124.3,5.0
Nginx,1693,116.4,5.0
Nginx,1694,126.0,5.0
Nginx,1695,117.5,5.0
Nginx,1696,133.0,5.0
Nginx,1697,120.8,5.0
Nginx,1698,123.5,5.0
Nginx,1699,125.9,5.0
Nginx,1700,133.1,5.0
Nginx,1701,121.4,5.0
Nginx,1702,132.6,5.0
Nginx,1703,121.8,5.0
Nginx,1704,123.3,5.0
Nginx,1705,120.4,5.0
Nginx,1706,121.4,5.0
Nginx,1707,116.5,5.0
Nginx,1708,120.3,5.0
Nginx,1709,123.0,5.0
Nginx,1710,122.2,5.0
Nginx,1711,115.7,5.0
Nginx,1712,119.3,5.0
Nginx,1713,123.9,5.0
Nginx,1714,119.0,5.0
Nginx,1715,116.0,5.0
Nginx,1716,124.1,5.0
Nginx,1717,118.5,5.0
Nginx,1718,118.0,5.0
Nginx,1719,119.2,5.0
Nginx,1720,121.4,5.0
Nginx,1721,117.1,5.0
Nginx,1722,117.9,5.0
Nginx,1723,119.3,5.0
Nginx,1724,121.6,5.0
Nginx,1725,115.6,5.0
Nginx,1726,119.8,5.0
Nginx,1727,115.1,5.0
Nginx,1728,115.3,5.0
Nginx,1729,116.1,5.0
Nginx,1730,117.2,5.0
Nginx,1731,116.8,5.0
Nginx,1732,117.1,5.0
Nginx,1733,123.4,5.0
Nginx,1734,120.9,5.0
Nginx,1735,118.4,5.0
Nginx,1736,127.1,5.0
Nginx,1737,116.7,5.0
Nginx,1738,124.3,5.0
Nginx,1739,123.7,5.0
Nginx,1740,120.5,5.0
Nginx,1741,119.7,5.0
Nginx,1742,119.8,5.0
Nginx,1743,113.1,5.0
Nginx,1744,126.1,5.0
Nginx,1745,123.0,5.0
Nginx,1746,116.2,5.0
Nginx,1747,121.0,5.0
Nginx,1748,114.4,5.0
Nginx,1749,117.1,5.0
Nginx,1750,121.0,5.0
Nginx,1751,118.4,5.0
Nginx,1752,125.9,5.0
Nginx,1753,122.5,5.0
Nginx,1754,128.6,5.0
Nginx,1755,116.1,5.0
Nginx,1756,125.2,5.0
Nginx,1757,117.2,5.0
Nginx,1758,125.3,5.0
Nginx,1759,120.1,5.0
Nginx,1760,131.9,5.0
Nginx,1761,118.1,5.0
Nginx,1762,126.7,5.0
Nginx,1763,122.8,5.0
Nginx,1764,127.3,5.0
Nginx,1765,121.0,5.0
Nginx,1766,123.9,5.0
Nginx,1767,119.7,5.0
Nginx,1768,111.3,5.0
Nginx,1769,115.8,5.0
Nginx,1770,117.6,5.0
Nginx,1771,117.3,5.0
Nginx,1772,116.0,5.0
Nginx,1773,120.0,5.0
Nginx,1774,117.8,5.0
Nginx,1775,117.1,5.0
Nginx,1776,117.6,5.0
Nginx,1777,122.9,5.0
Nginx,1778,117.9,5.0
Nginx,1779,122.6,5.0
Nginx,1780,125.1,5.0
Nginx,1781,118.6,5.0
Nginx,1782,116.3,5.0
Nginx,1783,114.0,5.0
Nginx,1784,122.5,5.0
Nginx,1785,121.1,5.0
Nginx,1786,122.9,5.0
Nginx,1787,121.4,5.0
Nginx,1788,131.8,5.0
Nginx,1789,116.2,5.0
Nginx,1790,119.0,5.0
Nginx,1791,119.0,5.0
Nginx,1792,118.2,5.0
Nginx,1793,115.2,5.0
Nginx,1794,121.6,5.0
Nginx,1795,125.3,5.0
Nginx,1796,128.5,5.0
Nginx,1797,121.1,5.0
Nginx,1798,117.7,5.0
Nginx,1799,114.8,5.0
Nginx,1800,114.7,2.0
Nginx,384,124.8,40.0
Nginx,385,119.8,40.0
Nginx,390,117.6,40.0
Nginx,391,117.1,40.0
Nginx,392,122.8,40.0
Nginx,393,118.2,40.0
Nginx,402,126.4,40.0
Nginx,403,120.1,40.0
Nginx,404,124.5,40.0
Nginx,407,120.9,40.0
Nginx,408,119.6,40.0
Nginx,409,122.6,40.0
Nginx,410,122.4,40.0
Nginx,412,122.0,40.0
Nginx,420,125.6,40.0
Nginx,422,121.7,40.0
Nginx,425,123.9,40.0
Nginx,428,119.2,40.0
Django,0,133.9,3.0
Django,1,136.4,5.0
Django,2,136.4,5.0
Django,3,129.9,5.0
Django,4,124.2,5.0
Django,5,133.3,5.0
Django,6,126.1,5.0
Django,7,132.4,5.0
Django,8,126.4,5.0
Django,9,118.8,5.0
Django,10,123.5,5.0
Django,11,127.0,5.0
Django,12,127.4,5.0
Django,13,123.5,5.0
Django,14,130.7,5.0
Django,15,123.5,5.0
Django,16,129.6,5.0
Django,17,122.3,5.0
Django,18,124.3,5.0
Django,19,136.1,5.0
Django,20,126.4,5.0
Django,21,128.3,5.0
Django,22,125.9,5.0
Django,23,131.6,5.0
Django,24,122.7,5.0
Django,25,121.1,5.0
Django,26,126.7,5.0
Django,27,132.7,5.0
Django,28,129.9,5.0
Django,29,120.5,5.0
Django,30,124.2,5.0
Django,31,124.9,5.0
Django,32,123.0,5.0
Django,33,130.5,5.0
Django,34,119.8,5.0
Django,35,122.8,5.0
Django,36,122.6,5.0
Django,37,133.8,5.0
Django,38,126.6,5.0
Django,39,129.7,5.0
Django,40,131.6,5.0
Django,41,127.6,5.0
Django,42,131.2,5.0
Django,43,125.1,5.0
Django,44,127.6,5.0
Django,45,133.0,5.0
Django,46,137.0,5.0
Django,47,123.1,5.0
Django,48,122.7,5.0
Django,49,120.5,5.0
Django,50,131.5,5.0
Django,51,124.8,5.0
Django,52,127.8,5.0
Django,53,124.9,5.0
Django,54,122.1,5.0
Django,55,120.2,5.0
Django,56,124.2,5.0
Django,57,123.4,5.0
Django,58,120.4,5.0
Django,59,120.4,5.0
Django,60,120.8,5.0
Django,61,121.3,5.0
Django,62,134.9,5.0
Django,63,129.1,5.0
Django,64,125.9,5.0
Django,65,121.9,5.0
Django,66,128.3,5.0
Django,67,117.1,5.0
Django,68,127.3,5.0
Django,69,117.8,5.0
Django,70,125.9,5.0
Django,71,127.3,5.0
Django,72,126.9,5.0
Django,73,123.1,5.0
Django,74,124.0,5.0
Django,75,121.0,5.0
Django,76,124.9,5.0
Django,77,124.8,5.0
Django,78,132.8,5.0
Django,79,124.4,5.0
Django,80,125.9,5.0
Django,81,125.1,5.0
Django,82,123.8,5.0
Django,83,121.4,5.0
Django,84,122.1,5.0
Django,85,128.5,5.0
Django,86,122.2,5.0
Django,87,130.6,5.0
Django,88,128.8,5.0
Django,89,131.5,5.0
Django,90,124.3,5.0
Django,91,134.7,5.0
Django,92,131.2,5.0
Django,93,138.6,5.0
Django,94,131.3,5.0
Django,95,130.9,5.0
Django,96,118.8,5.0
Django,97,131.9,5.0
Django,98,125.7,5.0
Django,99,124.7,5.0
Django,100,118.4,5.0
Django,101,120.6,5.0
Django,102,134.0,5.0
Django,103,129.2,5.0
Django,104,129.4,5.0
Django,105,125.9,5.0
Django,106,125.6,5.0
Django,107,125.7,5.0
Django,108,124.1,5.0
Django,109,119.9,5.0
Django,110,122.8,5.0
Django,111,122.6,5.0
Django,112,115.5,5.0
Django,113,123.6,5.0
Django,114,125.1,5.0
Django,115,122.1,5.0
Django,116,124.9,5.0
Django,117,132.1,5.0
Django,118,130.3,5.0
Django,119,122.6,5.0
Django,120,120.6,5.0
Django,121,125.5,5.0
Django,122,121.0,5.0
Django,123,137.9,5.0
Django,124,129.8,5.0
Django,125,130.6,5.0
Django,126,116.5,5.0
Django,127,119.7,5.0
Django,128,119.3,5.0
Django,129,127.0,5.0
Django,130,120.9,5.0
Django,131,118.0,5.0
Django,132,121.4,5.0
Django,133,124.8,5.0
Django,134,136.9,5.0
Django,135,127.1,5.0
Django,136,128.6,5.0
Django,137,126.0,5.0
Django,138,120.2,5.0
Django,139,127.4,5.0
Django,140,120.9,5.0
Django,141,123.1,5.0
Django,142,125.6,5.0
Django,143,132.0,5.0
Django,144,120.0,5.0
Django,145,125.9,5.0
Django,146,129.5,5.0
Django,147,130.0,5.0
Django,148,127.4,5.0
Django,149,121.2,5.0
Django,150,120.2,5.0
Django,151,119.3,5.0
Django,152,134.6,5.0
Django,153,127.2,5.0
Django,154,122.1,5.0
Django,155,123.2,5.0
Django,156,130.2,5.0
Django,157,129.0,5.0
Django,158,121.0,5.0
Django,159,121.1,5.0
Django,160,132.0,5.0
Django,161,123.5,5.0
Django,162,123.5,5.0
Django,163,127.1,5.0
Django,164,117.8,5.0
Django,165,126.0,5.0
Django,166,132.5,5.0
Django,167,126.7,5.0
Django,168,129.6,5.0
Django,169,116.7,5.0
Django,170,119.7,5.0
Django,171,126.1,5.0
Django,172,123.9,5.0
Django,173,129.4,5.0
Django,174,125.6,5.0
Django,175,127.7,5.0
Django,176,128.8,5.0
Django,177,116.8,5.0
Django,178,129.3,5.0
Django,179,127.0,5.0
Django,180,121.5,5.0
Django,181,132.2,5.0
Django,182,122.7,5.0
Django,183,129.0,5.0
Django,184,134.0,5.0
Django,185,123.3,5.0
Django,186,128.3,5.0
Django,187,126.2,5.0
Django,188,121.5,5.0
Django,189,126.4,5.0
Django,190,127.6,5.0
Django,191,120.4,5.0
Django,192,125.6,5.0
Django,193,123.5,5.0
Django,194,122.6,5.0
Django,195,128.6,5.0
Django,196,126.8,5.0
Django,197,122.9,5.0
Django,198,121.3,5.0
Django,199,128.7,5.0
Django,200,117.4,5.0
Django,201,125.2,5.0
Django,202,133.3,5.0
Django,203,122.8,5.0
Django,204,134.4,5.0
Django,205,136.0,5.0
Django,206,125.5,5.0
Django,207,132.8,5.0
Django,208,132.1,5.0
Django,209,126.9,5.0
Django,210,121.2,5.0
Django,211,130.6,5.0
Django,212,124.9,5.0
Django,213,131.6,5.0
Django,214,123.2,5.0
Django,215,126.7,5.0
Django,216,126.7,5.0
Django,217,121.7,5.0
Django,218,130.0,5.0
Django,219,126.9,5.0
Django,220,123.5,5.0
Django,221,121.5,5.0
Django,222,118.3,5.0
Django,223,131.8,5.0
Django,224,122.1,5.0
Django,225,123.2,5.0
Django,226,126.9,5.0
Django,227,131.1,5.0
Django,228,127.7,5.0
Django,229,120.2,5.0
Django,230,122.2,5.0
Django,231,126.9,5.0
Django,232,129.6,5.0
Django,233,130.4,5.0
Django,234,118.9,5.0
Django,235,123.4,5.0
Django,236,126.2,5.0
Django,237,124.9,5.0
Django,238,120.9,5.0
Django,239,129.9,5.0
Django,240,125.4,5.0
Django,241,130.0,5.0
Django,242,128.5,5.0
Django,243,128.4,5.0
Django,244,128.7,5.0
Django,245,130.0,5.0
Django,246,124.3,5.0
Django,247,118.8,5.0
Django,248,118.2,5.0
Django,249,122.3,5.0
Django,250,121.3,5.0
Django,251,121.4,5.0
Django,252,125.5,5.0
Django,253,125.3,5.0
Django,254,126.9,5.0
Django,255,123.4,5.0
Django,256,120.5,5.0
Django,257,121.8,5.0
Django,258,127.4,5.0
Django,259,119.9,5.0
Django,260,123.5,5.0
Django,261,120.7,5.0
Django,262,121.0,5.0
Django,263,125.2,5.0
Django,264,128.8,5.0
Django,265,117.8,5.0
Django,266,122.1,5.0
Django,267,121.3,5.0
Django,268,120.7,5.0
Django,269,117.9,5.0
Django,270,117.3,5.0
Django,271,122.5,5.0
Django,272,124.1,5.0
Django,273,123.4,5.0
Django,274,114.5,5.0
Django,275,121.8,5.0
Django,276,132.0,5.0
Django,277,120.4,5.0
Django,278,118.3,5.0
Django,279,121.6,5.0
Django,280,121.5,5.0
Django,281,126.2,5.0
Django,282,127.4,5.0
Django,283,122.9,5.0
Django,284,127.5,5.0
Django,285,126.8,5.0
Django,286,130.9,5.0
Django,287,126.0,5.0
Django,288,116.2,5.0
Django,289,130.6,5.0
Django,290,125.6,5.0
Django,291,122.9,5.0
Django,292,135.0,5.0
Django,293,121.3,5.0
Django,294,117.9,5.0
Django,295,130.0,5.0
Django,296,124.4,5.0
Django,297,126.5,5.0
Django,298,121.1,5.0
Django,299,125.6,5.0
Django,300,121.5,5.0
Django,301,128.7,6.0
Django,302,125.8,6.0
Django,303,179.6,7.0
Django,304,251.2,8.0
Django,305,133.7,8.0
Django,306,130.8,8.0
Django,307,123.4,9.0
Django,308,127.9,10.0
Django,309,122.4,10.0
Django,310,133.3,11.0
Django,311,128.0,11.5
Django,312,125.9,12.0
Django,313,130.7,12.5
Django,314,131.9,13.0
Django,315,130.8,14.0
Django,316,124.3,14.0
Django,317,127.1,15.0
Django,318,121.2,15.0
Django,319,128.2,16.0
Django,320,124.5,16.5
Django,321,125.9,18.0
Django,322,124.5,18.0
Django,323,126.9,19.0
Django,324,124.1,19.0
Django,325,129.5,20.0
Django,326,127.1,20.0
Django,327,129.0,21.0
Django,328,131.7,21.0
Django,329,131.3,22.0
Django,330,126.6,23.0
Django,331,125.1,23.0
Django,332,130.8,23.5
Django,333,130.4,24.5
Django,334,130.1,25.0
Django,335,130.8,25.5
Django,336,131.0,26.5
Django,337,131.1,26.5
Django,338,130.2,27.5
Django,339,127.9,28.0
Django,340,134.3,28.0
Django,341,130.1,29.0
Django,342,130.0,30.0
Django,343,126.4,29.5
Django,344,130.4,31.5
Django,345,127.9,31.0
Django,346,133.2,32.0
Django,347,132.3,32.0
Django,348,135.1,33.0
Django,349,128.6,34.0
Django,350,141.2,34.0
Django,351,133.1,35.0
Django,352,142.9,35.0
Django,353,132.7,36.0
Django,354,148.5,36.0
Django,355,133.2,37.5
Django,356,132.7,36.5
Django,357,147.9,38.0
Django,358,130.6,39.0
Django,359,131.9,40.0
Django,360,132.1,40.0
Django,361,134.4,39.0
Django,362,131.2,40.0
Django,363,135.3,40.0
Django,364,133.5,40.0
Django,365,137.9,40.0
Django,366,142.1,40.0
Django,367,139.7,40.0
Django,368,138.9,39.5
Django,369,137.5,40.0
Django,370,137.4,39.5
Django,371,154.7,40.0
Django,372,143.1,39.5
Django,373,137.0,40.5
Django,374,131.9,39.5
Django,375,132.5,40.0
Django,376,129.2,40.0
Django,377,138.1,40.0
Django,378,127.0,40.0
Django,379,131.9,39.0
Django,380,129.7,39.5
Django,381,130.7,41.0
Django,382,129.7,39.0
Django,383,142.6,40.0
Django,384,134.5,40.0
Django,385,135.1,39.5
Django,386,149.2,40.0
Django,387,134.6,40.0
Django,388,133.8,39.5
Django,389,135.6,41.0
Django,390,130.7,40.0
Django,391,132.3,40.0
Django,392,143.5,40.5
Django,393,135.2,40.0
Django,394,141.3,39.5
Django,395,136.8,40.0
Django,396,130.6,40.0
Django,397,130.8,40.0
Django,398,133.8,40.0
Django,399,137.0,40.5
Django,400,131.1,39.0
Django,401,135.5,39.5
Django,402,130.0,40.0
Django,403,125.6,40.0
Django,404,129.2,40.0
Django,405,135.6,40.0
Django,406,134.4,40.0
Django,407,131.5,40.0
Django,408,133.8,40.0
Django,409,133.2,40.0
Django,410,137.6,40.0
Django,411,132.2,40.0
Django,412,125.1,40.0
Django,413,126.7,39.0
Django,414,129.5,40.0
Django,415,137.5,40.0
Django,416,138.1,40.0
Django,417,134.7,40.0
Django,418,136.8,40.0
Django,419,132.4,40.0
Django,420,134.2,40.0
Django,421,128.7,40.0
Django,422,130.3,39.0
Django,423,145.0,41.0
Django,424,128.8,40.0
Django,425,131.6,40.0
Django,426,136.5,40.0
Django,427,131.3,40.0
Django,428,146.6,40.0
Django,429,138.8,40.0
Django,430,131.2,40.0
Django,431,132.5,40.5
Django,432,130.0,40.0
Django,433,135.3,40.0
Django,434,147.4,40.0
Django,435,138.5,40.0
Django,436,129.8,40.0
Django,437,131.2,40.0
Django,438,131.4,39.5
Django,439,141.9,41.0
Django,440,141.9,40.0
Django,441,153.7,40.0
Django,442,133.1,40.0
Django,443,138.1,39.0
Django,444,137.7,40.5
Django,445,129.2,40.0
Django,446,127.7,40.0
Django,447,126.7,40.0
Django,448,139.9,40.0
Django,449,128.1,40.0
Django,450,129.5,40.0
Django,451,131.5,40.0
Django,452,126.7,40.0
Django,453,127.8,40.0
Django,454,141.8,40.0
Django,455,131.7,40.0
Django,456,126.6,40.0
Django,457,132.6,40.0
Django,458,127.9,40.0
Django,459,130.5,40.0
Django,460,133.9,40.0
Django,461,129.4,40.0
Django,462,130.5,40.0
Django,463,131.3,39.5
Django,464,135.7,41.0
Django,465,130.6,40.0
Django,466,125.5,40.0
Django,467,129.7,40.0
Django,468,125.4,40.0
Django,469,132.5,40.0
Django,470,128.8,40.0
Django,471,126.0,40.5
Django,472,134.1,40.0
Django,473,127.3,39.5
Django,474,128.5,40.0
Django,475,138.1,40.0
Django,476,133.1,40.0
Django,477,153.8,40.0
Django,478,135.0,40.0
Django,479,129.2,40.0
Django,480,125.9,39.5
Django,481,129.2,40.0
Django,482,135.3,40.0
Django,483,129.7,39.0
Django,484,127.6,40.0
Django,485,139.3,39.0
Django,486,138.1,40.5
Django,487,132.7,40.0
Django,488,133.4,40.0
Django,489,134.5,40.0
Django,490,133.1,40.0
Django,491,133.5,40.0
Django,493,132.9,40.0
Django,494,134.4,39.5
Django,495,141.4,40.0
Django,496,139.5,40.0
Django,497,128.9,40.0
Django,498,126.6,40.0
Django,499,125.5,40.0
Django,500,129.4,40.0
Django,501,128.7,40.0
Django,502,136.1,40.5
Django,503,127.7,40.0
Django,504,135.2,40.0
Django,505,135.3,40.0
Django,506,141.4,40.0
Django,507,142.5,40.0
Django,508,137.4,40.0
Django,509,130.7,40.0
Django,510,137.7,40.5
Django,511,132.3,40.0
Django,512,132.0,40.5
Django,513,131.4,40.0
Django,514,126.2,40.0
Django,515,130.2,40.0
Django,516,133.5,40.0
Django,517,143.0,39.5
Django,518,139.6,40.0
Django,519,132.5,40.0
Django,524,183.8,36.0
Django,525,214.3,40.0
Django,526,222.4,39.5
Django,527,146.9,40.0
Django,528,149.8,40.0
Django,531,176.0,41.0
Django,532,154.6,40.0
Django,533,162.8,41.0
Django,534,147.2,40.0
Django,535,150.1,39.5
Django,536,140.7,39.0
Django,537,239.2,40.0
Django,538,202.8,40.0
Django,539,188.7,38.5
Django,540,192.3,40.0
Django,546,149.0,39.5
Django,547,150.7,37.5
Django,548,145.3,40.0
Django,549,184.3,40.5
Django,550,141.9,40.0
Django,551,150.5,40.0
Django,552,159.6,39.0
Django,553,245.0,40.0
Django,555,154.5,40.0
Django,556,141.7,40.5
Django,557,136.8,38.5
Django,558,250.6,40.0
Django,559,143.0,40.0
Django,560,169.5,39.0
Django,561,146.4,40.5
Django,562,209.5,39.5
Django,563,283.4,37.0
Django,564,179.3,41.0
Django,565,155.6,39.5
Django,566,139.3,40.0
Django,567,139.4,39.0
Django,568,145.4,39.5
Django,569,140.3,39.0
Django,570,137.5,40.0
Django,571,131.0,39.0
Django,572,203.1,40.0
Django,573,138.9,40.0
Django,574,167.2,40.0
Django,575,127.0,40.0
Django,576,138.1,39.0
Django,577,155.4,40.0
Django,578,148.4,40.0
Django,579,144.6,40.0
Django,580,135.7,40.0
Django,581,229.5,41.5
Django,582,133.3,40.0
Django,583,131.7,39.5
Django,584,158.3,40.0
Django,585,270.8,40.0
Django,586,161.0,41.5
Django,587,150.0,39.0
Django,588,127.4,40.0
Django,589,143.2,40.0
Django,590,198.7,40.5
Django,591,153.0,40.0
Django,592,155.6,40.0
Django,593,209.8,40.0
Django,594,145.4,39.0
Django,595,306.8,40.0
Django,596,135.1,40.5
Django,597,134.5,40.0
Django,598,128.3,40.0
Django,599,166.2,39.0
Django,600,137.7,41.0
Django,601,133.4,40.0
Django,602,211.1,40.0
Django,603,266.4,40.0
Django,604,137.8,40.0
Django,605,154.5,40.0
Django,606,162.4,40.0
Django,607,139.7,40.0
Django,608,228.4,39.0
Django,609,168.8,40.0
Django,610,180.5,40.0
Django,611,174.1,40.0
Django,612,140.5,40.0
Django,613,146.2,40.0
Django,614,134.4,40.0
Django,615,139.1,41.0
Django,616,143.6,40.0
Django,617,155.8,39.5
Django,618,234.8,38.5
Django,619,150.1,40.0
Django,620,155.3,39.5
Django,621,135.6,40.0
Django,622,139.8,39.5
Django,623,154.8,40.0
Django,624,133.0,40.0
Django,625,138.6,40.0
Django,626,156.9,40.5
Django,627,313.1,40.0
Django,628,184.7,40.0
Django,629,140.3,40.5
Django,630,133.4,39.0
Django,631,162.3,39.5
Django,632,147.5,39.5
Django,633,156.4,40.0
Django,634,159.1,40.0
Django,635,139.2,40.0
Django,636,128.8,39.0
Django,637,186.5,40.0
Django,638,139.0,40.0
Django,639,142.7,40.0
Django,640,128.2,40.0
Django,641,133.2,39.5
Django,642,210.3,40.0
Django,643,132.7,40.0
Django,644,135.2,40.0
Django,645,129.0,39.5
Django,646,138.7,41.0
Django,647,170.4,38.0
Django,648,227.2,40.0
Django,649,152.2,40.0
Django,650,140.1,40.0
Django,651,136.5,39.0
Django,652,142.8,40.0
Django,653,144.9,41.0
Django,654,153.6,39.0
Django,655,128.3,40.0
Django,656,136.8,39.0
Django,657,154.7,40.0
Django,658,137.9,40.0
Django,659,124.1,40.0
Django,660,122.6,40.0
Django,661,123.7,40.0
Django,662,155.9,39.5
Django,663,260.7,39.5
Django,664,158.7,40.0
Django,665,137.8,39.0
Django,666,137.0,40.0
Django,667,139.6,40.0
Django,668,141.2,40.5
Django,669,280.3,40.0
Django,670,224.6,39.5
Django,671,139.3,39.0
Django,672,234.0,40.0
Django,673,136.4,40.0
Django,674,143.3,40.0
Django,675,139.4,40.0
Django,676,144.9,38.0
Django,677,304.4,44.5
Django,678,160.7,40.0
Django,679,144.4,40.0
Django,680,140.7,40.0
Django,681,141.3,40.0
Django,682,137.1,40.0
Django,683,193.8,39.0
Django,684,140.9,40.0
Django,685,142.5,40.5
Django,686,144.5,40.0
Django,687,141.6,40.0
Django,688,143.8,40.0
Django,689,147.7,40.0
Django,690,152.1,40.5
Django,691,130.3,40.0
Django,692,141.2,39.0
Django,693,227.3,39.5
Django,694,176.3,40.0
Django,695,173.8,41.0
Django,696,133.2,40.0
Django,697,136.4,39.0
Django,698,229.3,40.0
Django,699,215.5,39.0
Django,700,284.4,41.0
Django,701,125.7,40.0
Django,702,148.7,40.0
Django,703,147.6,40.0
Django,704,142.6,40.0
Django,705,133.4,40.0
Django,706,135.0,40.5
Django,707,137.3,39.5
Django,708,140.3,40.0
Django,709,153.5,39.5
Django,710,138.6,40.0
Django,711,137.6,40.0
Django,712,143.6,40.0
Django,713,134.9,40.0
Django,714,140.1,39.0
Django,715,128.9,40.0
Django,716,138.1,39.5
Django,717,247.4,40.0
Django,718,171.0,39.5
Django,719,146.4,40.0
Django,720,138.6,39.5
Django,721,151.0,40.0
Django,722,154.7,39.0
Django,723,136.6,40.5
Django,724,136.3,41.0
Django,725,153.7,39.0
Django,726,173.3,39.5
Django,727,236.8,39.5
Django,728,188.0,39.0
Django,729,240.9,40.0
Django,734,151.8,38.0
Django,737,157.6,40.0
Django,738,136.2,40.5
Django,739,137.7,39.5
Django,740,153.5,39.0
Django,741,152.8,40.0
Django,742,154.9,40.0
Django,743,184.7,39.0
Django,744,301.0,32.0
Django,745,330.5,39.0
Django,746,338.7,38.0
Django,747,212.7,35.0
Django,749,556.5,39.5
Django,750,244.8,40.0
Django,751,244.6,39.0
Django,753,303.2,39.5
Django,754,872.2,40.0
Django,755,286.3,37.0
Django,757,732.9,39.0
Django,760,433.0,39.0
Django,761,5274.5,40.0
Django,762,207.4,40.0
Django,763,140.2,40.0
Django,764,141.8,40.0
Django,765,157.9,40.5
Django,766,145.3,40.0
Django,767,147.9,40.0
Django,768,144.4,39.0
Django,769,372.1,40.0
Django,770,136.3,40.0
Django,771,139.0,40.0
Django,772,136.2,39.0
Django,773,153.2,40.0
Django,774,147.5,40.0
Django,775,136.5,39.0
Django,776,152.5,40.5
Django,777,181.3,39.5
Django,779,174.0,40.5
Django,782,135.5,39.0
Django,783,155.0,39.0
Django,785,144.2,38.0
Django,786,186.2,40.0
Django,788,146.2,40.0
Django,789,139.1,38.0
Django,790,163.6,38.5
Django,791,132.0,40.0
Django,792,153.9,38.0
Django,793,170.5,38.0
Django,794,140.1,38.0
Django,795,182.9,40.0
Django,797,153.6,37.5
Django,798,146.0,41.0
Django,799,129.1,40.0
Django,800,184.8,40.0
Django,801,136.4,40.0
Django,802,150.2,40.0
Django,803,134.8,40.0
Django,804,215.5,39.0
Django,805,185.8,40.0
Django,806,179.2,40.0
Django,807,192.3,40.0
Django,808,143.5,40.0
Django,809,400.8,40.0
Django,810,368.5,40.0
Django,811,214.2,39.5
Django,812,140.1,40.0
Django,813,141.4,40.0
Django,814,126.8,40.0
Django,815,137.1,40.0
Django,816,131.7,40.0
Django,817,141.9,40.0
Django,818,131.8,39.5
Django,819,145.7,40.0
Django,820,153.6,39.0
Django,821,164.6,41.0
Django,822,149.2,39.0
Django,823,139.7,40.0
Django,824,134.8,39.0
Django,825,209.0,40.0
Django,826,238.8,38.0
Django,828,140.2,39.0
Django,829,147.4,39.5
Django,830,170.1,41.0
Django,831,171.2,40.0
Django,832,137.6,40.0
Django,833,137.7,39.0
Django,834,231.2,37.0
Django,835,143.7,40.0
Django,836,153.0,40.0
Django,837,141.5,38.5
Django,838,240.9,40.0
Django,839,141.6,39.5
Django,840,209.1,40.0
Django,841,175.5,40.0
Django,842,255.6,39.5
Django,843,283.2,38.5
Django,844,339.4,37.5
Django,845,339.6,40.5
Django,846,142.1,39.5
Django,847,144.0,40.0
Django,848,138.1,40.0
Django,849,169.4,40.0
Django,850,170.4,38.0
Django,851,155.9,40.0
Django,852,130.8,40.0
Django,853,161.7,40.0
Django,854,127.3,40.0
Django,855,137.3,40.0
Django,856,129.9,40.0
Django,857,133.3,39.0
Django,858,143.8,40.0
Django,859,188.8,39.5
Django,860,128.7,39.5
Django,861,290.9,39.5
Django,862,134.6,40.0
Django,863,307.0,39.5
Django,864,343.5,40.0
Django,865,210.7,39.5
Django,866,189.1,39.5
Django,869,133.0,41.0
Django,870,371.7,38.5
Django,871,163.0,40.0
Django,872,141.6,39.5
Django,873,143.2,39.5
Django,874,135.8,40.0
Django,875,163.3,40.0
Django,877,138.3,40.0
Django,878,132.0,40.0
Django,879,228.6,38.5
Django,880,150.0,39.0
Django,881,205.2,40.5
Django,882,158.2,40.0
Django,883,140.5,40.0
Django,884,213.2,39.0
Django,885,480.7,40.0
Django,886,605.0,41.0
Django,887,809.9,35.0
Django,888,696.5,39.5
Django,889,266.3,41.0
Django,890,147.7,40.0
Django,901,138.8,40.0
Django,906,149.8,39.5
Django,908,231.1,40.0
Django,910,140.1,39.5
Django,911,200.6,36.0
Django,912,413.5,39.5
Django,913,164.9,39.0
Django,914,144.4,38.0
Django,917,1214.1,32.0
Django,918,165.3,40.0
Django,922,190.7,40.0
Django,923,143.9,38.5
Django,924,140.5,39.5
Django,927,143.4,38.0
Django,928,501.8,40.0
Django,930,157.0,40.0
Django,931,326.4,34.0
Django,932,150.6,40.0
Django,933,174.3,40.0
Django,934,203.4,40.0
Django,935,142.0,40.5
Django,936,398.7,40.0
Django,938,148.2,40.0
Django,940,143.5,39.5
Django,941,137.8,40.0
Django,942,135.2,39.0
Django,944,176.9,39.0
Django,945,133.4,40.0
Django,946,138.7,39.5
Django,947,143.0,39.5
Django,949,135.0,40.0
Django,950,143.9,39.5
Django,951,140.9,39.0
Django,952,146.9,40.0
Django,953,182.2,40.0
Django,954,131.8,39.5
Django,955,136.1,39.0
Django,956,141.0,41.0
Django,957,137.1,39.0
Django,958,181.2,40.0
Django,959,152.2,40.0
Django,961,143.9,39.0
Django,963,168.2,38.5
Django,964,143.5,37.5
Django,965,140.5,37.0
Django,966,142.6,36.0
Django,967,183.9,36.0
Django,968,133.7,34.5
Django,969,155.3,35.0
Django,971,145.3,33.0
Django,974,146.2,32.0
Django,975,165.4,31.0
Django,976,142.8,31.0
Django,977,142.2,30.0
Django,978,148.9,30.0
Django,979,142.1,29.0
Django,980,135.9,28.0
Django,981,134.5,27.0
Django,982,132.3,27.0
Django,983,136.8,27.0
Django,984,140.2,26.0
Django,985,145.4,25.0
Django,986,137.5,24.5
Django,987,137.1,24.0
Django,988,132.5,24.0
Django,989,125.6,23.0
Django,990,131.2,22.5
Django,991,131.2,22.0
Django,992,130.4,21.5
Django,993,129.5,21.0
Django,994,137.6,20.0
Django,995,188.0,19.0
Django,996,160.0,19.5
Django,997,146.1,18.0
Django,998,140.3,18.0
Django,999,140.5,18.0
Django,1000,143.1,16.0
Django,1001,139.6,16.0
Django,1002,141.5,15.0
Django,1003,136.1,15.0
Django,1004,136.1,14.0
Django,1005,132.0,14.0
Django,1006,135.9,13.0
Django,1007,139.0,13.0
Django,1008,141.0,12.0
Django,1009,127.7,11.0
Django,1010,133.5,11.0
Django,1011,133.4,10.0
Django,1012,134.7,9.5
Django,1013,135.7,9.0
Django,1014,139.5,8.0
Django,1015,122.8,8.0
Django,1016,141.2,7.0
Django,1017,129.1,7.0
Django,1018,127.0,6.0
Django,1019,125.6,6.0
Django,1020,131.1,5.0
Django,1021,132.2,5.0
Django,1022,135.2,5.0
Django,1023,135.1,5.0
Django,1024,127.4,5.0
Django,1025,127.5,5.0
Django,1026,117.7,5.0
Django,1027,137.0,5.0
Django,1028,132.5,5.0
Django,1029,124.8,5.0
Django,1030,150.0,5.0
Django,1031,137.5,5.0
Django,1032,129.4,5.0
Django,1033,121.8,5.0
Django,1034,129.1,5.0
Django,1035,132.0,5.0
Django,1036,122.3,5.0
Django,1037,127.6,5.0
Django,1038,130.7,5.0
Django,1039,119.5,5.0
Django,1040,126.7,5.0
Django,1041,131.8,5.0
Django,1042,127.6,5.0
Django,1043,115.8,5.0
Django,1044,130.3,5.0
Django,1045,120.3,5.0
Django,1046,123.3,5.0
Django,1047,131.6,5.0
Django,1048,124.1,5.0
Django,1049,128.2,5.0
Django,1050,135.6,5.0
Django,1051,119.5,5.0
Django,1052,129.9,5.0
Django,1053,125.5,5.0
Django,1054,127.9,5.0
Django,1055,119.3,5.0
Django,1056,131.3,5.0
Django,1057,143.4,5.0
Django,1058,123.9,5.0
Django,1059,129.8,5.0
Django,1060,120.5,5.0
Django,1061,127.6,5.0
Django,1062,135.1,5.0
Django,1063,123.9,5.0
Django,1064,125.9,5.0
Django,1065,121.1,5.0
Django,1066,124.5,5.0
Django,1067,126.9,5.0
Django,1068,118.8,5.0
Django,1069,132.7,5.0
Django,1070,131.0,5.0
Django,1071,123.3,5.0
Django,1072,124.7,5.0
Django,1073,127.3,5.0
Django,1074,131.2,5.0
Django,1075,131.2,5.0
Django,1076,126.7,5.0
Django,1077,119.8,5.0
Django,1078,122.8,5.0
Django,1079,122.1,5.0
Django,1080,125.6,5.0
Django,1081,121.5,5.0
Django,1082,122.2,5.0
Django,1083,129.9,5.0
Django,1084,118.0,5.0
Django,1085,128.1,5.0
Django,1086,127.5,5.0
Django,1087,120.9,5.0
Django,1088,120.1,5.0
Django,1089,127.5,5.0
Django,1090,138.1,5.0
Django,1091,125.7,5.0
Django,1092,132.8,5.0
Django,1093,124.5,5.0
Django,1094,123.8,5.0
Django,1095,125.9,5.0
Django,1096,128.1,5.0
Django,1097,119.1,5.0
Django,1098,119.5,5.0
Django,1099,129.4,5.0
Django,1100,118.6,5.0
Django,1101,127.4,5.0
Django,1102,122.5,5.0
Django,1103,129.6,5.0
Django,1104,122.0,5.0
Django,1105,128.6,5.0
Django,1106,128.9,5.0
Django,1107,124.7,5.0
Django,1108,129.0,5.0
Django,1109,129.5,5.0
Django,1110,126.4,5.0
Django,1111,130.8,5.0
Django,1112,121.1,5.0
Django,1113,132.0,5.0
Django,1114,139.3,5.0
Django,1115,126.3,5.0
Django,1116,125.6,5.0
Django,1117,128.9,5.0
Django,1118,134.6,5.0
Django,1119,125.1,5.0
Django,1120,118.8,5.0
Django,1121,116.6,5.0
Django,1122,122.8,5.0
Django,1123,123.4,5.0
Django,1124,116.6,5.0
Django,1125,134.3,5.0
Django,1126,131.6,5.0
Django,1127,127.8,5.0
Django,1128,121.1,5.0
Django,1129,117.7,5.0
Django,1130,118.0,5.0
Django,1131,128.5,5.0
Django,1132,131.2,5.0
Django,1133,118.0,5.0
Django,1134,138.8,5.0
Django,1135,119.2,5.0
Django,1136,133.5,5.0
Django,1137,121.9,5.0
Django,1138,132.0,5.0
Django,1139,119.9,5.0
Django,1140,133.6,5.0
Django,1141,120.7,5.0
Django,1142,133.2,5.0
Django,1143,129.0,5.0
Django,1144,119.0,5.0
Django,1145,117.7,5.0
Django,1146,122.9,5.0
Django,1147,115.7,5.0
Django,1148,134.1,5.0
Django,1149,123.1,5.0
Django,1150,118.6,5.0
Django,1151,128.5,5.0
Django,1152,135.2,5.0
Django,1153,124.3,5.0
Django,1154,119.1,5.0
Django,1155,123.4,5.0
Django,1156,123.5,5.0
Django,1157,121.9,5.0
Django,1158,124.5,5.0
Django,1159,121.8,5.0
Django,1160,127.3,5.0
Django,1161,126.6,5.0
Django,1162,125.3,5.0
Django,1163,138.9,5.0
Django,1164,126.3,5.0
Django,1165,135.2,5.0
Django,1166,133.1,5.0
Django,1167,124.2,5.0
Django,1168,128.5,5.0
Django,1169,123.2,5.0
Django,1170,118.4,5.0
Django,1171,127.5,5.0
Django,1172,122.2,5.0
Django,1173,129.1,5.0
Django,1174,130.5,5.0
Django,1175,130.3,5.0
Django,1176,133.9,5.0
Django,1177,127.6,5.0
Django,1178,132.5,5.0
Django,1179,126.9,5.0
Django,1180,127.6,5.0
Django,1181,140.3,5.0
Django,1182,128.0,5.0
Django,1183,124.1,5.0
Django,1184,126.8,5.0
Django,1185,124.1,5.0
Django,1186,128.1,5.0
Django,1187,133.8,5.0
Django,1188,126.3,5.0
Django,1189,123.1,5.0
Django,1190,127.5,5.0
Django,1191,120.2,5.0
Django,1192,123.9,5.0
Django,1193,124.5,5.0
Django,1194,128.2,5.0
Django,1195,123.5,5.0
Django,1196,120.6,5.0
Django,1197,128.6,5.0
Django,1198,120.1,5.0
Django,1199,120.6,5.0
Django,1200,124.0,5.0
Django,1201,123.6,5.0
Django,1202,131.7,5.0
Django,1203,129.2,5.0
Django,1204,130.8,5.0
Django,1205,129.6,5.0
Django,1206,130.8,5.0
Django,1207,119.5,5.0
Django,1208,125.8,5.0
Django,1209,127.9,5.0
Django,1210,131.5,5.0
Django,1211,136.7,5.0
Django,1212,130.7,5.0
Django,1213,123.3,5.0
Django,1215,137.7,5.0
Django,1216,127.6,5.0
Django,1217,126.0,5.0
Django,1218,127.1,5.0
Django,1219,135.3,5.0
Django,1220,133.2,5.0
Django,1221,129.1,5.0
Django,1222,119.2,5.0
Django,1223,132.1,5.0
Django,1224,118.5,5.0
Django,1225,125.9,5.0
Django,1226,130.1,5.0
Django,1227,123.2,5.0
Django,1228,124.2,5.0
Django,1229,121.1,5.0
Django,1230,121.3,5.0
Django,1231,124.4,5.0
Django,1232,135.8,5.0
Django,1233,124.2,5.0
Django,1234,121.7,5.0
Django,1235,128.6,5.0
Django,1236,133.4,5.0
Django,1237,132.1,5.0
Django,1238,131.1,5.0
Django,1239,121.3,5.0
Django,1240,121.7,5.0
Django,1241,127.1,5.0
Django,1242,119.1,5.0
Django,1243,127.3,5.0
Django,1244,130.2,5.0
Django,1245,120.9,5.0
Django,1246,125.9,5.0
Django,1247,123.5,5.0
Django,1248,119.2,5.0
Django,1249,122.2,5.0
Django,1250,129.2,5.0
Django,1251,126.4,5.0
Django,1252,118.8,5.0
Django,1253,130.7,5.0
Django,1254,121.7,5.0
Django,1255,123.0,5.0
Django,1256,134.0,5.0
Django,1257,142.1,5.0
Django,1258,121.9,5.0
Django,1259,118.4,5.0
Django,1260,124.1,5.0
Django,1261,123.7,5.0
Django,1262,126.7,5.0
Django,1263,129.8,5.0
Django,1264,122.1,5.0
Django,1265,129.3,5.0
Django,1266,121.3,5.0
Django,1267,129.4,5.0
Django,1268,128.7,5.0
Django,1269,120.6,5.0
Django,1270,117.8,5.0
Django,1271,121.6,5.0
Django,1272,122.3,5.0
Django,1273,125.9,5.0
Django,1274,123.0,5.0
Django,1275,122.9,5.0
Django,1276,133.8,5.0
Django,1277,125.2,5.0
Django,1278,117.6,5.0
Django,1279,120.2,5.0
Django,1280,132.8,5.0
Django,1281,130.6,5.0
Django,1282,126.0,5.0
Django,1283,130.7,5.0
Django,1284,126.1,5.0
Django,1285,134.9,5.0
Django,1286,125.4,5.0
Django,1287,126.4,5.0
Django,1288,127.5,5.0
Django,1289,124.5,5.0
Django,1290,119.7,5.0
Django,1291,122.9,5.0
Django,1292,135.0,5.0
Django,1293,132.8,5.0
Django,1294,125.8,5.0
Django,1295,130.4,5.0
Django,1296,128.5,5.0
Django,1297,126.4,5.0
Django,1298,124.9,5.0
Django,1299,115.6,5.0
Django,1300,131.6,5.0
Django,1301,124.3,5.0
Django,1302,121.1,5.0
Django,1303,128.7,5.0
Django,1304,126.3,5.0
Django,1305,125.9,5.0
Django,1306,130.5,5.0
Django,1307,117.7,5.0
Django,1308,127.5,5.0
Django,1309,127.6,5.0
Django,1310,125.3,5.0
Django,1311,128.8,5.0
Django,1312,125.7,5.0
Django,1313,122.9,5.0
Django,1314,122.6,5.0
Django,1315,126.4,5.0
Django,1316,131.4,5.0
Django,1317,132.0,5.0
Django,1318,126.1,5.0
Django,1319,124.9,5.0
Django,1320,116.8,5.0
Django,1321,116.0,5.0
Django,1322,132.5,5.0
Django,1323,129.9,5.0
Django,1324,123.9,5.0
Django,1325,134.3,5.0
Django,1326,134.5,5.0
Django,1327,127.3,5.0
Django,1328,120.6,5.0
Django,1329,135.8,5.0
Django,1330,127.0,5.0
Django,1331,128.5,5.0
Django,1332,134.7,5.0
Django,1333,119.0,5.0
Django,1334,123.1,5.0
Django,1335,118.4,5.0
Django,1336,132.7,5.0
Django,1337,127.9,5.0
Django,1338,124.1,5.0
Django,1339,135.0,5.0
Django,1340,124.8,5.0
Django,1341,126.7,5.0
Django,1342,131.6,5.0
Django,1343,125.4,5.0
Django,1344,122.8,5.0
Django,1345,129.5,5.0
Django,1346,128.3,5.0
Django,1347,127.2,5.0
Django,1348,128.7,5.0
Django,1349,129.3,5.0
Django,1350,128.8,5.0
Django,1351,123.9,5.0
Django,1352,127.3,5.0
Django,1353,126.6,5.0
Django,1354,120.4,5.0
Django,1355,127.0,5.0
Django,1356,126.0,5.0
Django,1357,127.3,5.0
Django,1358,121.8,5.0
Django,1359,124.6,5.0
Django,1360,134.7,5.0
Django,1361,123.9,5.0
Django,1362,123.2,5.0
Django,1363,130.9,5.0
Django,1364,132.7,5.0
Django,1365,131.1,5.0
Django,1366,134.0,5.0
Django,1367,129.3,5.0
Django,1368,125.0,5.0
Django,1369,126.4,5.0
Django,1370,131.4,5.0
Django,1371,123.3,5.0
Django,1372,128.3,5.0
Django,1373,123.8,5.0
Django,1374,126.8,5.0
Django,1375,117.9,5.0
Django,1376,125.3,5.0
Django,1377,138.4,5.0
Django,1378,128.6,5.0
Django,1379,128.2,5.0
Django,1380,124.8,5.0
Django,1381,129.3,5.0
Django,1382,133.6,5.0
Django,1383,144.5,5.0
Django,1384,130.5,5.0
Django,1385,131.3,5.0
Django,1386,129.3,5.0
Django,1387,130.3,5.0
Django,1388,134.8,5.0
Django,1389,127.9,5.0
Django,1390,118.5,5.0
Django,1391,125.3,5.0
Django,1392,128.4,5.0
Django,1393,127.0,5.0
Django,1394,132.0,5.0
Django,1395,124.4,5.0
Django,1396,129.7,5.0
Django,1397,119.6,5.0
Django,1398,119.2,5.0
Django,1399,128.4,5.0
Django,1400,132.8,5.0
Django,1401,135.0,5.0
Django,1402,121.3,5.0
Django,1403,128.6,5.0
Django,1404,123.7,5.0
Django,1405,123.3,5.0
Django,1406,127.7,5.0
Django,1407,121.8,5.0
Django,1408,124.6,5.0
Django,1409,123.3,5.0
Django,1410,123.2,5.0
Django,1411,132.5,5.0
Django,1412,129.8,5.0
Django,1413,127.3,5.0
Django,1414,120.3,5.0
Django,1415,126.8,5.0
Django,1416,128.8,5.0
Django,1417,126.0,5.0
Django,1418,122.5,5.0
Django,1419,129.7,5.0
Django,1420,128.1,5.0
Django,1421,127.4,5.0
Django,1422,124.6,5.0
Django,1423,127.2,5.0
Django,1424,124.8,5.0
Django,1425,133.1,5.0
Django,1426,127.0,5.0
Django,1427,130.0,5.0
Django,1428,131.6,5.0
Django,1429,127.7,5.0
Django,1430,124.6,5.0
Django,1431,133.1,5.0
Django,1432,133.4,5.0
Django,1433,130.6,5.0
Django,1434,138.2,5.0
Django,1435,115.7,5.0
Django,1436,129.7,5.0
Django,1437,129.9,5.0
Django,1438,120.2,5.0
Django,1439,122.4,5.0
Django,1440,128.3,5.0
Django,1441,125.5,5.0
Django,1442,119.6,5.0
Django,1443,123.8,5.0
Django,1444,125.2,5.0
Django,1445,130.2,5.0
Django,1446,132.4,5.0
Django,1447,129.3,5.0
Django,1448,129.5,5.0
Django,1449,120.8,5.0
Django,1450,129.6,5.0
Django,1451,124.8,5.0
Django,1452,127.0,5.0
Django,1453,122.6,5.0
Django,1454,126.4,5.0
Django,1455,130.0,5.0
Django,1456,135.5,5.0
Django,1457,118.6,5.0
Django,1458,127.0,5.0
Django,1459,122.3,5.0
Django,1460,119.3,5.0
Django,1461,128.1,5.0
Django,1462,146.4,5.0
Django,1463,130.8,5.0
Django,1464,129.4,5.0
Django,1465,135.9,5.0
Django,1466,120.1,5.0
Django,1467,128.8,5.0
Django,1468,129.5,5.0
Django,1469,131.9,5.0
Django,1470,126.5,5.0
Django,1471,122.9,5.0
Django,1472,123.2,5.0
Django,1473,117.3,5.0
Django,1474,126.8,5.0
Django,1475,124.9,5.0
Django,1476,142.3,5.0
Django,1477,127.1,5.0
Django,1478,124.6,5.0
Django,1479,123.0,5.0
Django,1480,128.0,5.0
Django,1481,121.5,5.0
Django,1482,126.3,5.0
Django,1483,125.9,5.0
Django,1484,131.5,5.0
Django,1485,124.0,5.0
Django,1486,135.0,5.0
Django,1487,123.4,5.0
Django,1488,134.7,5.0
Django,1489,132.5,5.0
Django,1490,134.8,5.0
Django,1491,127.2,5.0
Django,1492,129.8,5.0
Django,1493,127.4,5.0
Django,1494,133.0,5.0
Django,1495,144.4,5.0
Django,1496,128.2,5.0
Django,1497,128.7,5.0
Django,1498,134.6,5.0
Django,1499,126.8,5.0
Django,1500,126.8,5.0
Django,1501,126.8,5.0
Django,1502,127.1,5.0
Django,1503,127.6,5.0
Django,1504,140.6,5.0
Django,1505,138.5,5.0
Django,1506,135.1,5.0
Django,1507,128.2,5.0
Django,1508,123.2,5.0
Django,1509,127.9,5.0
Django,1510,128.8,5.0
Django,1511,131.2,5.0
Django,1512,131.9,5.0
Django,1513,126.9,5.0
Django,1514,129.9,5.0
Django,1515,130.8,5.0
Django,1516,130.5,5.0
Django,1517,126.1,5.0
Django,1518,119.8,5.0
Django,1519,123.4,5.0
Django,1520,125.3,5.0
Django,1521,137.9,5.0
Django,1522,122.4,5.0
Django,1523,126.2,5.0
Django,1524,132.1,5.0
Django,1525,129.7,5.0
Django,1526,130.0,5.0
Django,1527,138.2,5.0
Django,1528,126.8,5.0
Django,1529,127.8,5.0
Django,1530,127.5,5.0
Django,1531,147.9,5.0
Django,1532,134.1,5.0
Django,1533,126.9,5.0
Django,1534,132.7,5.0
Django,1535,129.1,5.0
Django,1536,126.0,5.0
Django,1537,122.6,5.0
Django,1538,134.9,5.0
Django,1539,125.0,5.0
Django,1540,125.4,5.0
Django,1541,121.8,5.0
Django,1542,131.8,5.0
Django,1543,127.1,5.0
Django,1544,119.9,5.0
Django,1545,131.2,5.0
Django,1546,125.6,5.0
Django,1547,123.3,5.0
Django,1548,128.2,5.0
Django,1549,120.6,5.0
Django,1550,138.0,5.0
Django,1551,127.2,5.0
Django,1552,129.6,5.0
Django,1553,126.7,5.0
Django,1554,132.9,5.0
Django,1555,122.0,5.0
Django,1556,127.5,5.0
Django,1557,132.4,5.0
Django,1558,130.9,5.0
Django,1559,121.2,5.0
Django,1560,124.7,5.0
Django,1561,137.8,5.0
Django,1562,131.2,5.0
Django,1563,130.8,5.0
Django,1564,132.5,5.0
Django,1565,132.8,5.0
Django,1566,126.4,5.0
Django,1567,135.8,5.0
Django,1568,125.9,5.0
Django,1569,128.0,5.0
Django,1570,122.6,5.0
Django,1571,129.9,5.0
Django,1572,127.7,5.0
Django,1573,122.6,5.0
Django,1574,121.0,5.0
Django,1575,129.7,5.0
Django,1576,132.5,5.0
Django,1577,125.2,5.0
Django,1578,125.5,5.0
Django,1579,130.0,5.0
Django,1580,131.1,5.0
Django,1581,126.4,5.0
Django,1582,125.7,5.0
Django,1583,125.8,5.0
Django,1584,127.0,5.0
Django,1585,131.3,5.0
Django,1586,125.8,5.0
Django,1587,126.5,5.0
Django,1588,132.4,5.0
Django,1589,121.5,5.0
Django,1590,130.9,5.0
Django,1591,122.6,5.0
Django,1592,134.5,5.0
Django,1593,122.8,5.0
Django,1594,131.4,5.0
Django,1595,124.3,5.0
Django,1596,135.7,5.0
Django,1597,128.6,5.0
Django,1598,125.4,5.0
Django,1599,130.4,5.0
Django,1600,135.6,5.0
Django,1601,123.9,5.0
Django,1602,134.7,5.0
Django,1603,132.7,5.0
Django,1604,136.4,5.0
Django,1605,125.9,5.0
Django,1606,132.1,5.0
Django,1607,118.3,5.0
Django,1608,124.3,5.0
Django,1609,131.6,5.0
Django,1610,130.2,5.0
Django,1611,127.1,5.0
Django,1612,131.4,5.0
Django,1613,130.7,5.0
Django,1614,123.0,5.0
Django,1616,134.8,5.0
Django,1617,129.0,5.0
Django,1618,132.0,5.0
Django,1619,128.0,5.0
Django,1620,125.0,5.0
Django,1622,130.1,5.0
Django,1623,132.5,5.0
Django,1624,121.4,5.0
Django,1625,136.2,5.0
Django,1626,132.3,5.0
Django,1627,131.0,5.0
Django,1628,124.1,5.0
Django,1629,136.5,5.0
Django,1630,128.7,5.0
Django,1631,123.0,5.0
Django,1632,129.9,5.0
Django,1633,126.3,5.0
Django,1634,126.5,5.0
Django,1635,124.9,5.0
Django,1636,127.0,5.0
Django,1637,125.4,5.0
Django,1638,134.1,5.0
Django,1639,125.4,5.0
Django,1640,130.0,5.0
Django,1641,141.4,5.0
Django,1642,118.9,5.0
Django,1643,124.4,5.0
Django,1644,127.5,5.0
Django,1645,131.1,5.0
Django,1646,132.0,5.0
Django,1647,122.8,5.0
Django,1648,123.7,5.0
Django,1649,120.0,5.0
Django,1650,132.6,5.0
Django,1651,139.9,5.0
Django,1652,124.7,5.0
Django,1653,123.9,5.0
Django,1654,119.0,5.0
Django,1655,130.3,5.0
Django,1656,125.7,5.0
Django,1657,126.8,5.0
Django,1658,130.9,5.0
Django,1659,128.9,5.0
Django,1660,120.1,5.0
Django,1661,130.2,5.0
Django,1662,132.7,5.0
Django,1663,129.7,5.0
Django,1664,135.8,5.0
Django,1665,130.4,5.0
Django,1666,124.2,5.0
Django,1667,134.3,5.0
Django,1668,138.5,5.0
Django,1669,122.7,5.0
Django,1670,118.3,5.0
Django,1671,127.4,5.0
Django,1672,127.9,5.0
Django,1673,126.4,5.0
Django,1674,131.1,5.0
Django,1675,125.8,5.0
Django,1676,130.1,5.0
Django,1677,124.4,5.0
Django,1678,127.8,5.0
Django,1679,132.5,5.0
Django,1680,128.2,5.0
Django,1681,128.2,5.0
Django,1682,126.5,5.0
Django,1683,143.7,5.0
Django,1684,126.0,5.0
Django,1685,131.3,5.0
Django,1686,136.8,5.0
Django,1687,125.6,5.0
Django,1688,126.7,5.0
Django,1689,123.6,5.0
Django,1690,143.9,5.0
Django,1691,130.9,5.0
Django,1692,130.2,5.0
Django,1693,132.9,5.0
Django,1694,123.6,5.0
Django,1695,126.4,5.0
Django,1696,122.4,5.0
Django,1697,119.8,5.0
Django,1698,127.8,5.0
Django,1699,125.6,5.0
Django,1700,134.0,5.0
Django,1701,125.5,5.0
Django,1702,129.9,5.0
Django,1703,126.5,5.0
Django,1704,127.9,5.0
Django,1705,135.9,5.0
Django,1706,124.6,5.0
Django,1707,122.7,5.0
Django,1708,125.4,5.0
Django,1709,122.9,5.0
Django,1710,128.6,5.0
Django,1711,131.4,5.0
Django,1712,128.7,5.0
Django,1713,126.1,5.0
Django,1714,119.9,5.0
Django,1715,136.2,5.0
Django,1716,137.0,5.0
Django,1717,126.0,5.0
Django,1718,121.8,5.0
Django,1719,128.6,5.0
Django,1720,128.5,5.0
Django,1721,121.7,5.0
Django,1722,137.2,5.0
Django,1723,122.7,5.0
Django,1724,125.0,5.0
Django,1725,119.8,5.0
Django,1726,129.8,5.0
Django,1727,129.8,5.0
Django,1728,126.1,5.0
Django,1729,123.7,5.0
Django,1730,132.1,5.0
Django,1731,128.4,5.0
Django,1732,134.8,5.0
Django,1733,129.8,5.0
Django,1734,130.8,5.0
Django,1735,131.7,5.0
Django,1736,121.1,5.0
Django,1737,130.9,5.0
Django,1738,131.7,5.0
Django,1739,127.2,5.0
Django,1740,132.1,5.0
Django,1741,127.5,5.0
Django,1742,131.9,5.0
Django,1743,123.5,5.0
Django,1744,128.8,5.0
Django,1745,118.0,5.0
Django,1746,118.3,5.0
Django,1747,123.6,5.0
Django,1748,127.9,5.0
Django,1749,130.0,5.0
Django,1750,127.5,5.0
Django,1751,126.2,5.0
Django,1752,132.2,5.0
Django,1753,123.8,5.0
Django,1754,130.1,5.0
Django,1755,125.1,5.0
Django,1756,122.5,5.0
Django,1757,125.9,5.0
Django,1758,129.6,5.0
Django,1759,125.7,5.0
Django,1760,122.2,5.0
Django,1761,122.2,5.0
Django,1762,131.2,5.0
Django,1763,130.1,5.0
Django,1764,132.3,5.0
Django,1765,123.4,5.0
Django,1766,138.4,5.0
Django,1767,126.2,5.0
Django,1768,130.2,5.0
Django,1769,132.8,5.0
Django,1770,130.7,5.0
Django,1771,129.8,5.0
Django,1772,129.4,5.0
Django,1773,127.5,5.0
Django,1774,125.8,5.0
Django,1775,124.5,5.0
Django,1776,121.5,5.0
Django,1777,129.2,5.0
Django,1778,124.1,5.0
Django,1779,127.5,5.0
Django,1780,133.0,5.0
Django,1781,119.1,5.0
Django,1782,132.8,5.0
Django,1783,132.2,5.0
Django,1784,129.2,5.0
Django,1785,123.0,5.0
Django,1786,121.4,5.0
Django,1787,125.2,5.0
Django,1788,126.0,5.0
Django,1789,123.3,5.0
Django,1790,141.0,5.0
Django,1791,138.8,5.0
Django,1792,116.9,5.0
Django,1793,125.8,5.0
Django,1794,122.5,5.0
Django,1795,121.7,5.0
Django,1796,128.3,5.0
Django,1797,119.0,5.0
Django,1798,121.8,5.0
Django,1799,119.3,5.0
Django,492,125.9,40.0
Django,520,136.7,40.0
Django,521,148.3,39.0
Django,522,140.6,40.0
Django,523,139.8,40.0
Django,529,140.8,39.5
Django,530,139.0,39.5
Django,542,142.1,40.5
Django,544,142.8,39.0
Django,545,144.9,41.0
Django,554,180.4,40.0
Django,731,284.1,40.0
Django,735,165.3,38.5
Django,748,250.0,40.0
Django,752,422.6,30.0
Django,756,154.7,41.0
Django,758,156.0,40.0
Django,759,368.8,38.0
Django,778,166.0,39.5
Django,780,174.2,39.0
Django,781,179.5,40.0
Django,784,140.4,40.0
Django,787,138.5,40.0
Django,796,137.0,39.5
Django,827,138.8,40.0
Django,867,133.1,40.0
Django,868,134.2,39.5
Django,876,149.3,40.0
Django,891,138.4,39.0
Django,892,131.2,40.0
Django,893,170.0,39.0
Django,894,157.6,40.0
Django,895,325.5,40.0
Django,896,158.7,40.0
Django,897,174.5,40.5
Django,898,138.4,40.0
Django,899,137.4,41.0
Django,900,134.9,40.0
Django,902,148.5,40.0
Django,903,138.0,40.0
Django,904,135.6,40.0
Django,905,148.6,41.0
Django,907,208.1,40.0
Django,909,135.5,39.0
Django,915,136.7,38.0
Django,916,145.0,40.0
Django,919,148.4,40.0
Django,920,139.7,40.0
Django,921,129.3,39.0
Django,925,154.1,39.0
Django,926,121.7,40.0
Django,929,133.7,40.0
Django,937,130.0,40.0
Django,939,141.6,39.0
Django,943,132.8,39.0
Django,948,146.3,40.0
Django,960,138.9,40.0
Django,962,150.8,39.0
Django,970,138.4,34.0
Django,972,143.8,33.0
Django,973,139.6,33.0
Django,1214,125.7,5.0
Django,1615,121.9,5.0
Django,1621,125.4,5.0
Django,1800,121.3,2.0
Django,541,143.6,40.0
Django,543,140.5,40.0
Django,730,142.2,39.5
Django,732,143.6,40.0
Django,733,135.1,39.5
Django,736,136.9,38.0
ACA,0,129.6,3.0
ACA,1,129.0,5.0
ACA,2,128.0,5.0
ACA,3,122.9,5.0
ACA,4,122.9,5.0
ACA,5,123.5,5.0
ACA,6,117.4,6.0
ACA,7,113.2,5.0
ACA,8,112.8,5.0
ACA,9,118.0,5.0
ACA,10,113.3,5.0
ACA,11,113.1,5.0
ACA,12,112.6,5.0
ACA,13,113.1,5.0
ACA,14,109.8,5.0
ACA,15,113.2,5.0
ACA,16,110.6,5.0
ACA,17,114.1,5.0
ACA,18,113.0,5.0
ACA,19,112.2,5.0
ACA,20,109.5,5.0
ACA,21,116.0,5.0
ACA,22,109.3,5.0
ACA,23,116.4,5.0
ACA,24,111.1,5.0
ACA,25,111.4,5.0
ACA,26,107.6,5.0
ACA,27,114.6,5.0
ACA,28,108.6,5.0
ACA,29,109.8,5.0
ACA,30,116.9,5.0
ACA,31,109.8,5.0
ACA,32,108.7,5.0
ACA,33,113.8,5.0
ACA,34,110.2,5.0
ACA,35,115.3,5.0
ACA,36,108.3,5.0
ACA,37,111.4,5.0
ACA,38,109.2,5.0
ACA,39,111.8,5.0
ACA,40,108.6,5.0
ACA,41,108.8,5.0
ACA,42,110.6,5.0
ACA,43,115.4,5.0
ACA,44,111.4,5.0
ACA,45,107.9,5.0
ACA,46,107.4,5.0
ACA,47,107.9,5.0
ACA,48,109.9,5.0
ACA,49,108.2,5.0
ACA,50,110.2,5.0
ACA,51,109.9,5.0
ACA,52,108.4,5.0
ACA,53,108.5,5.0
ACA,54,108.2,5.0
ACA,55,109.8,5.0
ACA,56,107.4,5.0
ACA,57,108.8,5.0
ACA,58,111.5,5.0
ACA,59,107.6,5.0
ACA,60,115.6,5.0
ACA,61,113.8,5.0
ACA,62,112.6,5.0
ACA,63,114.4,5.0
ACA,64,113.1,5.0
ACA,65,122.5,5.0
ACA,66,123.5,5.0
ACA,67,112.2,5.0
ACA,68,113.6,5.0
ACA,69,111.9,5.0
ACA,70,113.4,5.0
ACA,71,116.5,5.0
ACA,72,109.1,5.0
ACA,73,115.0,5.0
ACA,74,108.4,5.0
ACA,75,108.3,5.0
ACA,76,110.7,5.0
ACA,77,115.6,5.0
ACA,78,113.1,5.0
ACA,79,109.1,5.0
ACA,80,116.5,5.0
ACA,81,107.4,5.0
ACA,82,114.3,5.0
ACA,83,109.3,5.0
ACA,84,106.1,5.0
ACA,85,109.2,5.0
ACA,86,110.3,5.0
ACA,87,109.5,5.0
ACA,88,106.7,5.0
ACA,89,110.3,5.0
ACA,90,109.8,5.0
ACA,91,112.2,5.0
ACA,92,107.6,5.0
ACA,93,112.1,5.0
ACA,94,111.1,5.0
ACA,95,113.0,5.0
ACA,96,114.1,5.0
ACA,97,111.6,5.0
ACA,98,114.2,5.0
ACA,99,115.5,5.0
ACA,100,113.2,5.0
ACA,101,113.9,5.0
ACA,102,107.6,5.0
ACA,103,106.4,5.0
ACA,104,107.2,5.0
ACA,105,119.7,5.0
ACA,106,106.7,5.0
ACA,107,119.0,5.0
ACA,108,106.9,5.0
ACA,109,110.1,5.0
ACA,110,108.5,5.0
ACA,111,112.7,5.0
ACA,112,109.1,5.0
ACA,113,118.5,5.0
ACA,114,112.7,5.0
ACA,115,111.8,5.0
ACA,116,115.7,5.0
ACA,117,119.3,5.0
ACA,118,114.1,5.0
ACA,119,116.9,5.0
ACA,120,111.4,5.0
ACA,121,114.2,5.0
ACA,122,115.3,5.0
ACA,123,115.6,5.0
ACA,124,116.8,5.0
ACA,125,113.0,5.0
ACA,126,112.2,5.0
ACA,127,114.2,5.0
ACA,128,120.2,5.0
ACA,129,114.2,5.0
ACA,130,116.6,5.0
ACA,131,116.2,5.0
ACA,132,114.4,5.0
ACA,133,118.6,5.0
ACA,134,111.8,5.0
ACA,135,114.6,5.0
ACA,136,119.0,5.0
ACA,137,115.4,5.0
ACA,138,110.2,5.0
ACA,139,116.2,5.0
ACA,140,105.8,5.0
ACA,141,120.9,5.0
ACA,142,124.8,5.0
ACA,143,121.5,5.0
ACA,144,107.7,5.0
ACA,145,113.6,5.0
ACA,146,113.9,5.0
ACA,147,110.8,5.0
ACA,148,114.5,5.0
ACA,149,114.1,5.0
ACA,150,115.9,5.0
ACA,151,112.5,5.0
ACA,152,109.3,5.0
ACA,153,110.2,5.0
ACA,154,108.6,5.0
ACA,155,113.5,5.0
ACA,156,107.7,5.0
ACA,157,110.5,5.0
ACA,158,111.0,5.0
ACA,159,117.5,5.0
ACA,160,116.7,5.0
ACA,161,113.6,5.0
ACA,162,108.7,5.0
ACA,163,110.0,5.0
ACA,164,110.1,5.0
ACA,165,107.5,5.0
ACA,166,110.1,5.0
ACA,167,110.2,5.0
ACA,168,110.3,5.0
ACA,169,110.2,5.0
ACA,170,110.1,5.0
ACA,171,109.9,5.0
ACA,172,111.7,5.0
ACA,173,115.3,5.0
ACA,174,110.3,5.0
ACA,175,110.9,5.0
ACA,176,107.6,5.0
ACA,177,111.1,5.0
ACA,178,111.9,5.0
ACA,179,112.5,5.0
ACA,180,111.5,5.0
ACA,181,112.3,5.0
ACA,182,113.2,5.0
ACA,183,113.7,5.0
ACA,184,110.9,5.0
ACA,185,109.9,5.0
ACA,186,113.3,5.0
ACA,187,115.4,5.0
ACA,188,116.0,5.0
ACA,189,109.4,5.0
ACA,190,117.0,5.0
ACA,191,113.5,5.0
ACA,192,114.0,5.0
ACA,193,113.5,5.0
ACA,194,117.1,5.0
ACA,195,110.1,5.0
ACA,196,116.1,5.0
ACA,197,108.5,5.0
ACA,198,114.5,5.0
ACA,199,109.5,5.0
ACA,200,112.7,5.0
ACA,201,115.8,5.0
ACA,202,113.2,5.0
ACA,203,108.6,5.0
ACA,204,109.7,5.0
ACA,205,114.9,5.0
ACA,206,113.7,5.0
ACA,207,110.3,5.0
ACA,208,115.9,5.0
ACA,209,122.0,5.0
ACA,210,115.6,5.0
ACA,211,112.4,5.0
ACA,212,107.4,5.0
ACA,213,113.0,5.0
ACA,214,115.3,5.0
ACA,215,120.3,5.0
ACA,216,110.7,5.0
ACA,217,118.8,5.0
ACA,218,112.4,5.0
ACA,219,107.6,5.0
ACA,220,111.9,5.0
ACA,221,115.2,5.0
ACA,222,110.2,5.0
ACA,223,115.9,5.0
ACA,224,110.7,5.0
ACA,225,118.5,5.0
ACA,226,114.2,5.0
ACA,227,112.7,5.0
ACA,228,115.6,5.0
ACA,229,108.9,5.0
ACA,230,109.8,5.0
ACA,231,110.5,5.0
ACA,232,115.5,5.0
ACA,233,110.4,5.0
ACA,234,108.7,5.0
ACA,235,108.5,5.0
ACA,236,110.7,5.0
ACA,237,109.2,5.0
ACA,238,110.8,5.0
ACA,239,108.3,5.0
ACA,240,113.3,5.0
ACA,241,111.0,5.0
ACA,242,109.7,5.0
ACA,243,114.3,5.0
ACA,244,112.3,5.0
ACA,245,111.1,5.0
ACA,246,116.0,5.0
ACA,247,115.8,5.0
ACA,248,120.8,5.0
ACA,249,115.8,5.0
ACA,250,120.3,5.0
ACA,251,115.0,5.0
ACA,252,112.7,5.0
ACA,253,113.7,5.0
ACA,254,116.2,5.0
ACA,255,114.4,5.0
ACA,256,110.3,5.0
ACA,257,122.0,5.0
ACA,258,120.7,5.0
ACA,259,119.1,5.0
ACA,260,118.7,5.0
ACA,261,111.5,5.0
ACA,262,115.8,5.0
ACA,263,116.6,5.0
ACA,264,114.6,5.0
ACA,265,112.0,5.0
ACA,266,109.5,5.0
ACA,267,117.0,5.0
ACA,268,111.1,5.0
ACA,269,114.1,5.0
ACA,270,112.2,5.0
ACA,271,109.8,5.0
ACA,272,114.4,5.0
ACA,273,118.7,5.0
ACA,274,113.6,5.0
ACA,275,113.1,5.0
ACA,276,111.8,5.0
ACA,277,115.8,5.0
ACA,278,112.5,5.0
ACA,279,112.7,5.0
ACA,280,114.1,5.0
ACA,281,109.2,5.0
ACA,282,112.6,5.0
ACA,283,108.9,5.0
ACA,284,110.9,5.0
ACA,285,114.6,5.0
ACA,286,112.8,5.0
ACA,287,118.1,5.0
ACA,288,114.7,5.0
ACA,289,109.9,5.0
ACA,290,112.7,5.0
ACA,291,112.6,5.0
ACA,292,112.4,5.0
ACA,293,114.9,5.0
ACA,294,111.3,5.0
ACA,295,113.2,5.0
ACA,296,115.9,5.0
ACA,297,116.0,5.0
ACA,298,114.3,5.0
ACA,299,116.5,5.0
ACA,300,113.6,5.0
ACA,301,111.7,6.0
ACA,302,113.4,6.5
ACA,303,114.1,7.0
ACA,304,116.2,8.0
ACA,305,113.7,8.0
ACA,306,108.3,8.5
ACA,307,116.2,10.0
ACA,308,114.5,10.0
ACA,309,113.9,10.5
ACA,310,114.9,11.0
ACA,311,114.5,12.0
ACA,312,116.8,12.0
ACA,313,117.0,13.0
ACA,314,113.2,13.5
ACA,315,122.2,14.0
ACA,316,116.9,14.5
ACA,317,118.5,15.0
ACA,318,118.4,16.0
ACA,319,122.5,16.0
ACA,320,117.3,17.0
ACA,321,116.1,18.0
ACA,322,117.6,18.0
ACA,323,114.9,19.0
ACA,324,120.4,19.0
ACA,325,119.6,20.0
ACA,326,117.3,20.5
ACA,327,117.6,21.0
ACA,328,119.4,22.0
ACA,329,117.1,22.0
ACA,330,116.7,23.0
ACA,331,123.5,23.0
ACA,332,113.9,24.0
ACA,333,117.4,25.0
ACA,334,115.8,25.0
ACA,335,117.5,26.0
ACA,336,119.0,26.0
ACA,337,119.7,27.0
ACA,338,121.5,27.0
ACA,339,124.3,28.0
ACA,340,121.7,28.5
ACA,341,118.6,29.0
ACA,342,118.0,30.0
ACA,343,115.4,30.0
ACA,344,114.3,31.0
ACA,345,119.9,32.0
ACA,346,118.1,32.0
ACA,347,124.5,33.0
ACA,348,117.3,33.0
ACA,349,124.5,34.0
ACA,350,118.6,34.0
ACA,351,116.8,35.0
ACA,352,129.1,36.0
ACA,353,122.7,36.0
ACA,354,118.6,36.5
ACA,355,126.7,37.0
ACA,356,119.7,38.0
ACA,357,115.4,38.0
ACA,358,117.9,39.0
ACA,359,117.8,39.5
ACA,360,126.2,40.0
ACA,361,119.6,40.0
ACA,362,115.7,40.0
ACA,363,115.5,40.0
ACA,364,117.3,40.0
ACA,365,116.3,40.0
ACA,366,135.1,40.0
ACA,367,119.5,40.0
ACA,368,118.1,40.0
ACA,369,118.9,40.0
ACA,370,118.5,40.0
ACA,371,126.0,39.5
ACA,372,118.5,40.0
ACA,373,122.1,40.0
ACA,374,125.6,40.0
ACA,375,115.3,40.0
ACA,376,114.1,40.0
ACA,377,121.8,40.0
ACA,378,116.8,40.0
ACA,379,122.9,40.0
ACA,380,114.6,40.0
ACA,381,127.8,40.0
ACA,382,120.6,40.0
ACA,383,120.0,40.0
ACA,384,116.3,40.0
ACA,385,122.1,40.0
ACA,386,126.3,40.0
ACA,387,117.2,40.0
ACA,388,115.1,40.0
ACA,389,123.5,40.0
ACA,390,119.4,40.0
ACA,391,118.1,40.0
ACA,392,117.4,40.0
ACA,393,113.6,40.0
ACA,394,116.7,40.0
ACA,395,115.4,40.0
ACA,396,119.5,40.0
ACA,397,123.2,40.0
ACA,398,127.8,40.0
ACA,399,124.5,40.0
ACA,400,118.6,40.0
ACA,401,131.2,40.0
ACA,402,122.8,40.0
ACA,403,117.3,40.0
ACA,404,117.6,40.0
ACA,405,112.8,40.0
ACA,406,124.1,40.0
ACA,407,115.7,39.5
ACA,408,115.4,40.0
ACA,409,115.8,40.0
ACA,410,123.5,40.0
ACA,411,122.7,40.0
ACA,412,120.8,40.0
ACA,413,119.3,40.0
ACA,414,119.0,40.0
ACA,415,122.3,40.0
ACA,416,126.6,40.0
ACA,417,114.9,40.0
ACA,418,116.7,40.0
ACA,419,117.4,40.0
ACA,420,118.2,40.0
ACA,421,114.9,40.0
ACA,422,117.9,40.0
ACA,423,123.5,40.0
ACA,424,126.5,39.5
ACA,425,124.3,40.0
ACA,426,119.4,40.0
ACA,427,121.6,40.0
ACA,428,118.9,40.0
ACA,429,119.2,40.0
ACA,430,119.5,40.0
ACA,431,117.9,40.0
ACA,432,116.4,40.0
ACA,433,117.8,40.0
ACA,434,116.1,40.0
ACA,435,117.3,40.0
ACA,436,111.9,40.0
ACA,437,123.3,40.0
ACA,438,115.2,40.0
ACA,439,119.7,40.0
ACA,440,119.0,40.0
ACA,441,123.3,41.0
ACA,442,117.7,40.0
ACA,443,116.6,40.0
ACA,444,124.4,40.0
ACA,445,118.4,40.0
ACA,446,114.9,40.0
ACA,447,120.2,40.0
ACA,448,117.4,40.0
ACA,449,117.3,41.0
ACA,450,117.2,40.0
ACA,451,117.5,40.0
ACA,452,118.4,40.0
ACA,453,114.4,40.0
ACA,454,114.0,40.0
ACA,455,114.7,40.0
ACA,456,116.4,40.0
ACA,457,118.4,40.0
ACA,458,113.4,40.0
ACA,459,115.8,40.0
ACA,460,116.2,40.0
ACA,461,117.0,40.0
ACA,462,114.6,40.0
ACA,463,114.6,40.0
ACA,464,116.7,40.0
ACA,465,117.1,40.0
ACA,466,117.5,40.0
ACA,467,115.5,40.0
ACA,468,114.6,40.0
ACA,469,117.0,40.0
ACA,470,116.8,40.0
ACA,471,115.5,39.5
ACA,472,117.9,40.0
ACA,473,118.3,40.0
ACA,474,119.9,40.0
ACA,475,118.7,40.0
ACA,476,111.8,40.0
ACA,477,120.1,40.0
ACA,478,119.5,40.0
ACA,479,117.8,40.0
ACA,480,122.9,40.0
ACA,481,119.1,40.0
ACA,482,115.9,40.0
ACA,483,111.7,40.0
ACA,484,115.3,40.0
ACA,485,118.7,40.0
ACA,486,112.1,40.0
ACA,487,114.5,40.0
ACA,488,118.0,40.0
ACA,489,114.1,40.0
ACA,490,117.3,40.0
ACA,491,114.5,39.5
ACA,492,119.2,40.0
ACA,493,118.7,40.0
ACA,494,121.6,40.0
ACA,495,117.2,40.0
ACA,496,117.0,40.0
ACA,497,115.1,40.0
ACA,498,117.0,40.0
ACA,499,114.4,40.0
ACA,500,116.9,40.0
ACA,501,116.6,40.0
ACA,502,113.2,40.0
ACA,503,119.4,40.0
ACA,504,117.9,40.0
ACA,505,114.9,40.0
ACA,506,120.1,40.0
ACA,507,118.2,40.0
ACA,508,118.0,40.0
ACA,509,125.7,40.0
ACA,510,119.8,40.0
ACA,511,121.4,40.0
ACA,512,121.8,40.0
ACA,513,116.1,40.0
ACA,514,114.9,40.0
ACA,515,113.8,40.0
ACA,516,124.7,40.0
ACA,517,116.8,40.0
ACA,518,127.2,40.0
ACA,519,139.2,40.0
ACA,520,124.6,40.0
ACA,521,115.9,40.0
ACA,522,117.4,40.0
ACA,523,119.6,40.0
ACA,524,116.7,40.0
ACA,525,114.1,40.0
ACA,526,123.1,40.0
ACA,527,118.1,40.0
ACA,528,123.4,40.0
ACA,529,114.8,39.5
ACA,530,117.2,40.0
ACA,531,117.6,40.0
ACA,532,114.0,40.0
ACA,533,118.1,40.0
ACA,534,117.1,40.0
ACA,535,116.1,40.0
ACA,536,115.7,40.0
ACA,537,117.9,40.0
ACA,538,117.8,40.0
ACA,539,127.3,40.0
ACA,540,117.7,40.0
ACA,541,112.7,40.0
ACA,542,128.2,40.0
ACA,543,126.3,40.0
ACA,544,115.2,40.0
ACA,545,121.5,40.0
ACA,546,116.6,40.0
ACA,547,117.3,40.0
ACA,548,117.1,40.0
ACA,549,121.5,40.0
ACA,550,116.7,40.0
ACA,551,116.3,40.0
ACA,552,119.9,40.0
ACA,553,118.9,40.5
ACA,554,116.2,40.0
ACA,555,118.7,40.0
ACA,556,119.2,40.0
ACA,557,117.2,40.0
ACA,558,119.8,40.0
ACA,559,119.4,40.0
ACA,560,124.7,40.0
ACA,561,120.0,40.0
ACA,562,116.2,40.0
ACA,563,116.3,40.0
ACA,564,114.0,40.0
ACA,565,116.8,40.0
ACA,566,119.4,40.0
ACA,567,120.5,40.0
ACA,568,124.3,40.5
ACA,569,123.7,40.0
ACA,570,118.0,39.0
ACA,571,121.9,40.0
ACA,572,117.9,40.0
ACA,573,116.5,40.0
ACA,574,116.7,40.0
ACA,575,117.6,40.0
ACA,576,117.8,40.0
ACA,577,117.6,40.0
ACA,578,115.5,40.0
ACA,579,119.1,40.0
ACA,580,117.8,40.0
ACA,581,115.1,40.0
ACA,582,119.4,40.0
ACA,583,116.3,40.0
ACA,584,120.9,40.0
ACA,585,118.7,40.0
ACA,586,116.8,40.0
ACA,587,117.9,40.0
ACA,588,119.3,40.0
ACA,589,116.8,40.0
ACA,590,116.0,39.0
ACA,591,118.1,40.5
ACA,592,114.8,40.0
ACA,593,116.5,40.0
ACA,594,117.6,40.5
ACA,595,116.0,40.0
ACA,596,126.6,40.0
ACA,597,118.8,40.0
ACA,598,117.9,40.0
ACA,599,117.1,40.0
ACA,600,118.5,40.0
ACA,601,127.1,40.0
ACA,602,116.8,40.0
ACA,603,118.0,40.0
ACA,604,124.4,40.0
ACA,605,117.9,40.0
ACA,606,122.0,40.0
ACA,607,117.4,40.0
ACA,608,121.1,40.0
ACA,609,121.0,40.0
ACA,610,122.6,40.0
ACA,611,122.8,40.0
ACA,612,119.8,40.0
ACA,613,130.2,40.0
ACA,614,118.3,40.0
ACA,615,121.3,40.0
ACA,616,121.6,40.0
ACA,617,124.5,40.0
ACA,618,118.4,40.0
ACA,619,122.0,40.0
ACA,620,116.4,40.0
ACA,621,115.9,40.0
ACA,622,113.8,40.0
ACA,623,117.6,40.0
ACA,624,121.8,40.0
ACA,625,117.5,40.0
ACA,626,119.6,40.0
ACA,627,121.8,40.0
ACA,628,117.7,40.0
ACA,629,116.3,40.0
ACA,630,119.7,40.0
ACA,631,115.3,40.0
ACA,632,124.1,40.0
ACA,633,123.0,40.0
ACA,634,121.6,40.0
ACA,635,117.8,40.0
ACA,636,120.4,40.0
ACA,637,116.9,40.0
ACA,638,119.2,39.5
ACA,639,117.6,40.0
ACA,640,123.5,40.0
ACA,641,116.3,40.0
ACA,642,119.4,40.0
ACA,643,119.3,40.0
ACA,644,116.8,40.0
ACA,645,117.3,40.0
ACA,646,120.2,40.0
ACA,647,119.3,40.0
ACA,648,120.4,40.0
ACA,649,123.0,40.0
ACA,650,117.4,40.0
ACA,651,114.4,40.0
ACA,652,117.4,40.0
ACA,653,123.5,40.0
ACA,654,124.1,40.0
ACA,655,115.9,40.0
ACA,656,117.5,40.0
ACA,657,118.5,40.0
ACA,658,131.9,40.0
ACA,659,122.0,40.0
ACA,660,118.9,40.0
ACA,661,117.2,40.0
ACA,662,117.1,40.0
ACA,663,116.7,40.0
ACA,664,118.1,40.0
ACA,665,117.3,40.0
ACA,666,123.6,40.0
ACA,667,120.3,40.0
ACA,668,116.0,40.0
ACA,669,121.9,40.0
ACA,670,118.1,40.0
ACA,671,125.6,40.0
ACA,672,117.7,40.0
ACA,673,116.7,40.0
ACA,674,123.2,40.5
ACA,675,120.2,40.0
ACA,676,127.5,40.0
ACA,677,120.7,39.0
ACA,678,140.5,40.0
ACA,679,124.2,40.5
ACA,680,119.1,40.0
ACA,681,116.5,40.0
ACA,682,119.2,40.0
ACA,683,122.2,39.5
ACA,684,121.1,41.0
ACA,685,119.0,40.0
ACA,686,123.0,40.0
ACA,687,116.8,40.0
ACA,688,117.3,40.0
ACA,689,115.2,40.0
ACA,690,119.2,40.0
ACA,691,119.2,40.0
ACA,692,116.5,40.0
ACA,693,120.2,40.0
ACA,694,129.5,40.0
ACA,695,120.2,40.0
ACA,696,122.5,39.5
ACA,697,124.0,40.0
ACA,698,121.8,40.0
ACA,699,124.2,40.0
ACA,700,124.3,40.0
ACA,701,119.2,40.0
ACA,702,123.3,40.0
ACA,703,127.4,40.0
ACA,704,117.3,40.0
ACA,705,117.2,40.0
ACA,706,116.8,40.0
ACA,707,120.5,40.0
ACA,708,117.2,40.0
ACA,709,119.0,40.0
ACA,710,121.7,40.0
ACA,711,124.3,40.0
ACA,712,119.4,40.0
ACA,713,115.5,40.0
ACA,714,129.9,40.0
ACA,715,121.8,40.0
ACA,716,120.1,40.0
ACA,717,119.3,40.0
ACA,718,120.1,40.0
ACA,719,119.1,40.0
ACA,720,122.3,40.0
ACA,721,123.1,40.0
ACA,722,117.5,39.5
ACA,723,120.1,40.5
ACA,724,117.7,39.5
ACA,725,116.4,40.0
ACA,726,120.8,40.0
ACA,727,123.1,40.0
ACA,728,133.3,40.0
ACA,729,122.6,40.0
ACA,730,127.4,40.0
ACA,731,116.9,40.0
ACA,732,116.2,40.0
ACA,733,122.0,40.0
ACA,734,119.7,40.0
ACA,735,119.5,40.0
ACA,736,124.9,40.0
ACA,737,116.7,40.0
ACA,738,118.3,40.0
ACA,739,123.3,40.0
ACA,740,124.0,40.0
ACA,741,124.8,40.0
ACA,742,115.5,40.0
ACA,743,117.3,40.0
ACA,744,121.9,40.0
ACA,745,114.5,40.0
ACA,746,131.1,40.0
ACA,747,122.0,40.0
ACA,748,117.7,40.0
ACA,749,122.0,40.0
ACA,750,120.4,40.0
ACA,751,125.9,40.0
ACA,752,116.8,40.0
ACA,753,117.6,40.0
ACA,754,121.6,40.0
ACA,755,117.8,40.0
ACA,756,122.1,40.0
ACA,757,120.1,40.0
ACA,758,117.1,40.0
ACA,759,115.6,40.0
ACA,760,115.8,40.0
ACA,761,124.1,40.0
ACA,762,126.1,40.0
ACA,763,121.7,40.0
ACA,764,119.1,40.0
ACA,765,118.8,40.0
ACA,766,120.2,40.0
ACA,767,122.2,40.0
ACA,768,122.6,40.0
ACA,769,117.2,40.0
ACA,770,121.1,40.5
ACA,771,123.2,40.0
ACA,772,120.7,40.0
ACA,773,126.6,40.0
ACA,774,122.2,40.0
ACA,775,122.2,40.0
ACA,776,118.3,40.0
ACA,777,121.4,40.0
ACA,778,122.8,40.0
ACA,779,120.0,40.0
ACA,780,120.6,40.0
ACA,781,121.2,40.0
ACA,782,119.3,40.0
ACA,783,118.4,40.0
ACA,784,119.7,40.0
ACA,785,125.0,40.0
ACA,786,115.8,40.0
ACA,787,122.2,40.0
ACA,788,125.5,40.0
ACA,789,125.3,40.0
ACA,790,120.5,40.0
ACA,791,121.3,40.0
ACA,792,120.7,40.0
ACA,793,119.9,40.5
ACA,794,122.2,40.0
ACA,795,124.4,39.5
ACA,796,121.8,40.5
ACA,797,119.6,40.0
ACA,798,126.8,40.0
ACA,799,117.9,40.0
ACA,800,118.6,40.0
ACA,801,122.3,40.0
ACA,802,122.8,40.0
ACA,803,122.0,40.5
ACA,804,120.6,39.0
ACA,805,124.4,40.0
ACA,806,120.6,40.0
ACA,807,122.0,40.0
ACA,808,128.6,40.0
ACA,809,119.1,40.0
ACA,810,119.8,40.0
ACA,811,119.7,40.0
ACA,812,120.5,40.0
ACA,813,125.1,40.0
ACA,814,122.4,40.0
ACA,815,121.2,40.0
ACA,816,123.3,41.0
ACA,817,121.1,40.0
ACA,818,119.6,40.0
ACA,819,124.5,39.0
ACA,820,122.0,40.5
ACA,821,120.7,40.0
ACA,822,123.9,40.0
ACA,823,118.3,40.0
ACA,824,119.6,40.0
ACA,825,121.0,40.0
ACA,826,119.1,40.0
ACA,827,120.8,39.5
ACA,828,119.0,40.5
ACA,829,128.2,40.0
ACA,830,121.8,40.0
ACA,831,126.5,40.0
ACA,832,118.1,40.0
ACA,833,122.5,40.0
ACA,834,121.5,40.0
ACA,835,124.4,39.5
ACA,836,134.6,40.0
ACA,837,121.0,40.0
ACA,838,119.4,40.0
ACA,839,121.7,40.0
ACA,840,124.8,40.0
ACA,841,129.6,40.0
ACA,842,116.4,40.0
ACA,843,115.4,40.0
ACA,844,120.7,40.0
ACA,845,129.2,40.0
ACA,846,122.6,40.0
ACA,847,121.3,40.0
ACA,848,117.9,40.0
ACA,849,124.2,40.0
ACA,850,127.2,40.0
ACA,851,118.9,40.0
ACA,852,119.8,40.0
ACA,853,116.9,40.0
ACA,854,119.4,40.0
ACA,855,118.3,40.0
ACA,856,118.5,39.5
ACA,857,120.7,40.0
ACA,858,121.3,40.0
ACA,859,120.2,40.0
ACA,860,116.9,40.0
ACA,861,119.6,40.0
ACA,862,120.9,40.0
ACA,863,123.1,40.0
ACA,864,122.2,40.0
ACA,865,122.6,40.0
ACA,866,120.3,40.0
ACA,867,128.2,40.0
ACA,868,119.8,40.0
ACA,869,123.2,40.0
ACA,870,123.8,40.0
ACA,871,118.4,40.0
ACA,872,119.6,40.0
ACA,873,121.0,40.0
ACA,874,118.0,40.0
ACA,875,126.0,40.0
ACA,876,117.5,40.0
ACA,877,118.3,40.0
ACA,878,122.4,40.0
ACA,879,122.1,40.0
ACA,880,122.7,40.0
ACA,881,120.9,40.0
ACA,882,120.2,40.0
ACA,883,119.6,40.0
ACA,884,117.6,40.0
ACA,885,113.3,40.0
ACA,886,116.5,40.0
ACA,887,120.4,40.0
ACA,888,116.1,40.0
ACA,889,125.7,40.0
ACA,890,118.1,40.0
ACA,891,117.8,40.0
ACA,892,116.8,40.0
ACA,893,119.3,40.0
ACA,894,117.3,40.0
ACA,895,117.5,40.0
ACA,896,120.1,40.0
ACA,897,120.8,40.0
ACA,898,119.6,40.0
ACA,899,118.1,40.0
ACA,900,127.7,40.0
ACA,901,121.0,40.0
ACA,902,124.1,40.0
ACA,903,119.4,40.0
ACA,904,114.6,40.0
ACA,905,117.9,40.0
ACA,906,118.2,40.0
ACA,907,116.0,40.0
ACA,908,116.8,40.0
ACA,909,117.5,40.0
ACA,910,117.8,40.0
ACA,911,120.0,40.0
ACA,912,116.1,40.0
ACA,913,126.0,40.0
ACA,914,124.4,40.0
ACA,915,116.6,40.0
ACA,916,120.9,40.0
ACA,917,121.5,40.0
ACA,918,117.0,40.0
ACA,919,121.2,40.0
ACA,920,119.4,40.0
ACA,921,122.4,40.0
ACA,922,119.0,40.0
ACA,923,121.7,40.0
ACA,924,116.7,40.0
ACA,925,119.8,40.0
ACA,926,117.6,40.0
ACA,927,117.2,40.0
ACA,928,121.1,40.0
ACA,929,118.3,40.0
ACA,930,125.0,40.0
ACA,931,121.4,40.0
ACA,932,115.0,40.0
ACA,933,117.2,39.5
ACA,934,125.7,40.0
ACA,935,120.8,39.5
ACA,936,118.8,40.5
ACA,937,117.1,40.0
ACA,938,124.9,40.0
ACA,939,123.6,40.0
ACA,940,120.0,40.0
ACA,941,115.7,39.5
ACA,942,118.0,40.0
ACA,943,117.0,40.0
ACA,944,124.0,40.0
ACA,945,118.4,40.0
ACA,946,117.4,40.0
ACA,947,115.3,40.0
ACA,948,118.7,40.0
ACA,949,122.3,40.0
ACA,950,121.8,40.0
ACA,951,115.9,40.0
ACA,952,116.9,40.0
ACA,953,120.2,40.0
ACA,954,121.6,40.0
ACA,955,127.1,40.0
ACA,956,117.8,40.0
ACA,957,116.3,40.0
ACA,958,116.5,40.0
ACA,959,124.1,40.0
ACA,960,125.6,40.0
ACA,961,120.9,39.0
ACA,962,121.7,39.0
ACA,963,116.2,38.0
ACA,964,125.0,38.0
ACA,965,122.2,37.0
ACA,966,122.1,36.0
ACA,967,123.0,36.0
ACA,968,116.6,35.0
ACA,969,115.9,34.0
ACA,970,120.3,34.0
ACA,971,123.8,33.0
ACA,972,120.7,32.5
ACA,973,122.6,32.5
ACA,974,117.2,32.0
ACA,975,123.6,31.0
ACA,976,121.0,31.0
ACA,977,121.7,30.0
ACA,978,114.9,29.0
ACA,979,118.2,29.0
ACA,980,118.7,28.0
ACA,981,123.6,28.0
ACA,982,116.2,27.0
ACA,983,117.4,26.0
ACA,984,124.4,26.0
ACA,985,117.5,25.0
ACA,986,135.8,24.5
ACA,987,122.3,24.0
ACA,988,127.1,23.0
ACA,989,121.1,23.0
ACA,990,119.2,22.0
ACA,991,119.1,22.0
ACA,992,113.6,21.0
ACA,993,117.3,20.5
ACA,994,118.6,20.0
ACA,995,117.5,19.5
ACA,996,121.3,19.0
ACA,997,115.8,18.0
ACA,998,116.1,18.0
ACA,999,118.0,17.0
ACA,1000,118.7,16.5
ACA,1001,117.0,16.0
ACA,1002,115.8,15.0
ACA,1003,113.1,15.0
ACA,1004,115.6,14.0
ACA,1005,133.1,13.0
ACA,1006,118.5,13.0
ACA,1007,119.7,12.0
ACA,1008,120.5,12.0
ACA,1009,112.6,11.0
ACA,1010,116.0,10.0
ACA,1011,128.3,10.0
ACA,1012,117.2,10.0
ACA,1013,123.0,9.0
ACA,1014,108.9,8.0
ACA,1015,109.1,8.0
ACA,1016,118.1,7.0
ACA,1017,113.5,6.5
ACA,1018,114.4,6.0
ACA,1019,118.2,5.5
ACA,1020,117.7,5.0
ACA,1021,116.0,5.0
ACA,1022,119.8,5.0
ACA,1023,111.2,5.0
ACA,1024,122.2,5.0
ACA,1025,110.3,5.0
ACA,1026,113.2,5.0
ACA,1027,114.3,5.0
ACA,1028,115.2,5.0
ACA,1029,113.1,5.0
ACA,1030,117.3,5.0
ACA,1031,116.6,5.0
ACA,1032,119.0,5.0
ACA,1033,119.4,5.0
ACA,1034,117.8,5.0
ACA,1035,112.0,5.0
ACA,1036,116.9,5.0
ACA,1037,113.7,5.0
ACA,1038,118.2,5.0
ACA,1039,118.4,5.0
ACA,1040,120.2,5.0
ACA,1041,116.1,5.0
ACA,1042,112.8,5.0
ACA,1043,114.4,5.0
ACA,1044,115.2,5.0
ACA,1045,117.9,5.0
ACA,1046,119.3,5.0
ACA,1047,113.0,5.0
ACA,1048,113.9,5.0
ACA,1049,118.2,5.0
ACA,1050,118.5,5.0
ACA,1051,113.6,5.0
ACA,1052,117.0,5.0
ACA,1053,117.4,5.0
ACA,1054,125.6,5.0
ACA,1055,116.3,5.0
ACA,1056,114.9,5.0
ACA,1057,113.5,5.0
ACA,1058,122.9,5.0
ACA,1059,118.5,5.0
ACA,1060,119.6,5.0
ACA,1061,119.3,5.0
ACA,1062,117.1,5.0
ACA,1063,115.8,5.0
ACA,1064,114.5,5.0
ACA,1065,123.7,5.0
ACA,1066,125.9,5.0
ACA,1067,118.7,5.0
ACA,1068,117.1,5.0
ACA,1069,120.4,5.0
ACA,1070,118.2,5.0
ACA,1071,114.8,5.0
ACA,1072,121.6,5.0
ACA,1073,118.4,5.0
ACA,1074,115.5,5.0
ACA,1075,120.2,5.0
ACA,1076,118.3,5.0
ACA,1077,116.3,5.0
ACA,1078,120.6,5.0
ACA,1079,115.3,5.0
ACA,1080,119.1,5.0
ACA,1081,115.2,5.0
ACA,1082,119.1,5.0
ACA,1083,114.4,5.0
ACA,1084,117.1,5.0
ACA,1085,118.9,5.0
ACA,1086,112.7,5.0
ACA,1087,122.7,5.0
ACA,1088,111.4,5.0
ACA,1089,114.1,5.0
ACA,1090,119.3,5.0
ACA,1091,117.9,5.0
ACA,1092,115.5,5.0
ACA,1093,116.4,5.0
ACA,1094,118.4,5.0
ACA,1095,118.2,5.0
ACA,1096,121.0,5.0
ACA,1097,114.6,5.0
ACA,1098,118.6,5.0
ACA,1099,114.5,5.0
ACA,1100,122.7,5.0
ACA,1101,114.9,5.0
ACA,1102,129.5,5.0
ACA,1103,119.3,5.0
ACA,1104,117.0,5.0
ACA,1105,120.4,5.0
ACA,1106,120.2,5.0
ACA,1107,121.2,5.0
ACA,1108,121.6,5.0
ACA,1109,118.8,5.0
ACA,1110,115.4,5.0
ACA,1111,117.7,5.0
ACA,1112,114.7,5.0
ACA,1113,118.5,5.0
ACA,1114,114.6,5.0
ACA,1115,121.8,5.0
ACA,1116,114.1,5.0
ACA,1117,121.4,5.0
ACA,1118,120.0,5.0
ACA,1119,118.3,5.0
ACA,1120,119.1,5.0
ACA,1121,118.3,5.0
ACA,1122,120.1,5.0
ACA,1123,119.7,5.0
ACA,1124,122.8,5.0
ACA,1125,122.7,5.0
ACA,1126,113.7,5.0
ACA,1127,115.4,5.0
ACA,1128,117.5,5.0
ACA,1129,117.1,5.0
ACA,1130,117.4,5.0
ACA,1131,115.7,5.0
ACA,1132,119.9,5.0
ACA,1133,120.7,5.0
ACA,1134,116.3,5.0
ACA,1135,121.5,5.0
ACA,1136,121.4,5.0
ACA,1137,121.2,5.0
ACA,1138,123.4,5.0
ACA,1139,123.6,5.0
ACA,1140,117.4,5.0
ACA,1141,116.1,5.0
ACA,1142,117.6,5.0
ACA,1143,117.3,5.0
ACA,1144,114.4,5.0
ACA,1145,118.4,5.0
ACA,1146,112.6,5.0
ACA,1147,117.6,5.0
ACA,1148,118.2,5.0
ACA,1149,119.4,5.0
ACA,1150,115.8,5.0
ACA,1151,117.8,5.0
ACA,1152,119.6,5.0
ACA,1153,115.6,5.0
ACA,1154,117.6,5.0
ACA,1155,114.3,5.0
ACA,1156,118.4,5.0
ACA,1157,120.3,5.0
ACA,1158,118.6,5.0
ACA,1159,119.7,5.0
ACA,1160,114.6,5.0
ACA,1161,123.6,5.0
ACA,1162,119.4,5.0
ACA,1163,118.1,5.0
ACA,1164,118.2,5.0
ACA,1165,115.5,5.0
ACA,1166,120.2,5.0
ACA,1167,124.6,5.0
ACA,1168,116.3,5.0
ACA,1169,116.1,5.0
ACA,1170,116.3,5.0
ACA,1171,116.2,5.0
ACA,1172,119.2,5.0
ACA,1173,127.0,5.0
ACA,1174,117.9,5.0
ACA,1175,117.6,5.0
ACA,1176,116.4,5.0
ACA,1177,116.1,5.0
ACA,1178,121.5,5.0
ACA,1179,125.5,5.0
ACA,1180,113.8,5.0
ACA,1181,118.9,5.0
ACA,1182,109.3,5.0
ACA,1183,119.5,5.0
ACA,1184,119.6,5.0
ACA,1185,116.6,5.0
ACA,1186,120.6,5.0
ACA,1187,119.6,5.0
ACA,1188,116.6,5.0
ACA,1189,115.7,5.0
ACA,1190,117.6,5.0
ACA,1191,123.7,5.0
ACA,1192,123.4,5.0
ACA,1193,122.2,5.0
ACA,1194,111.6,5.0
ACA,1195,116.0,5.0
ACA,1196,117.8,5.0
ACA,1197,121.9,5.0
ACA,1198,117.1,5.0
ACA,1199,122.0,5.0
ACA,1200,117.3,5.0
ACA,1201,117.9,5.0
ACA,1202,122.3,5.0
ACA,1203,117.5,5.0
ACA,1204,125.0,5.0
ACA,1205,118.1,5.0
ACA,1206,112.7,5.0
ACA,1207,119.7,5.0
ACA,1208,127.4,5.0
ACA,1209,126.5,5.0
ACA,1210,123.5,5.0
ACA,1211,124.5,5.0
ACA,1212,113.6,5.0
ACA,1213,120.0,5.0
ACA,1214,117.1,5.0
ACA,1215,128.2,5.0
ACA,1216,124.7,5.0
ACA,1217,117.6,5.0
ACA,1218,117.3,5.0
ACA,1219,125.3,5.0
ACA,1220,117.5,5.0
ACA,1221,112.6,5.0
ACA,1222,118.9,5.0
ACA,1223,117.0,5.0
ACA,1224,116.4,5.0
ACA,1225,122.0,5.0
ACA,1226,121.6,5.0
ACA,1227,127.5,5.0
ACA,1228,126.1,5.0
ACA,1229,118.5,5.0
ACA,1230,121.1,5.0
ACA,1231,127.4,5.0
ACA,1232,123.0,5.0
ACA,1233,121.8,5.0
ACA,1234,128.1,5.0
ACA,1235,120.5,5.0
ACA,1236,120.2,5.0
ACA,1237,119.4,5.0
ACA,1238,119.2,5.0
ACA,1239,124.6,5.0
ACA,1240,132.2,5.0
ACA,1241,117.4,5.0
ACA,1242,114.8,5.0
ACA,1243,127.7,5.0
ACA,1244,115.0,5.0
ACA,1245,125.1,5.0
ACA,1246,123.5,5.0
ACA,1247,114.5,5.0
ACA,1248,116.8,5.0
ACA,1249,128.4,5.0
ACA,1250,117.7,5.0
ACA,1251,117.4,5.0
ACA,1252,122.1,5.0
ACA,1253,121.4,5.0
ACA,1254,115.4,5.0
ACA,1255,113.6,5.0
ACA,1256,116.5,5.0
ACA,1257,112.5,5.0
ACA,1258,119.0,5.0
ACA,1259,112.9,5.0
ACA,1260,116.3,5.0
ACA,1261,123.1,5.0
ACA,1262,115.5,5.0
ACA,1263,119.8,5.0
ACA,1264,120.4,5.0
ACA,1265,114.4,5.0
ACA,1266,113.6,5.0
ACA,1267,120.4,5.0
ACA,1268,121.7,5.0
ACA,1269,117.8,5.0
ACA,1270,122.1,5.0
ACA,1271,115.4,5.0
ACA,1272,118.8,5.0
ACA,1273,116.3,5.0
ACA,1274,120.9,5.0
ACA,1275,126.9,5.0
ACA,1276,121.0,5.0
ACA,1277,119.6,5.0
ACA,1278,114.7,5.0
ACA,1279,118.5,5.0
ACA,1280,118.4,5.0
ACA,1281,121.8,5.0
ACA,1282,118.0,5.0
ACA,1283,113.1,5.0
ACA,1284,121.5,5.0
ACA,1285,114.3,5.0
ACA,1286,124.5,5.0
ACA,1287,114.1,5.0
ACA,1288,119.4,5.0
ACA,1289,114.4,5.0
ACA,1290,112.0,5.0
ACA,1291,119.5,5.0
ACA,1292,115.2,5.0
ACA,1293,114.6,5.0
ACA,1294,112.5,5.0
ACA,1295,113.9,5.0
ACA,1296,114.6,5.0
ACA,1297,117.0,5.0
ACA,1298,117.1,5.0
ACA,1299,118.5,5.0
ACA,1300,116.7,5.0
ACA,1301,116.0,5.0
ACA,1302,117.5,5.0
ACA,1303,114.3,5.0
ACA,1304,123.5,5.0
ACA,1305,113.6,5.0
ACA,1306,119.6,5.0
ACA,1307,114.9,5.0
ACA,1308,119.9,5.0
ACA,1309,116.1,5.0
ACA,1310,116.3,5.0
ACA,1311,119.2,5.0
ACA,1312,112.6,5.0
ACA,1313,123.1,5.0
ACA,1314,121.2,5.0
ACA,1315,122.3,5.0
ACA,1316,121.6,5.0
ACA,1317,113.1,5.0
ACA,1318,123.9,5.0
ACA,1319,121.8,5.0
ACA,1320,112.0,5.0
ACA,1321,114.5,5.0
ACA,1322,121.7,5.0
ACA,1323,116.5,5.0
ACA,1324,111.6,5.0
ACA,1325,120.3,5.0
ACA,1326,113.5,5.0
ACA,1327,119.5,5.0
ACA,1328,118.3,5.0
ACA,1329,122.9,5.0
ACA,1330,120.9,5.0
ACA,1331,121.7,5.0
ACA,1332,111.6,5.0
ACA,1333,129.4,5.0
ACA,1334,123.3,5.0
ACA,1335,119.1,5.0
ACA,1336,111.2,5.0
ACA,1337,117.1,5.0
ACA,1338,117.3,5.0
ACA,1339,114.5,5.0
ACA,1340,121.4,5.0
ACA,1341,111.8,5.0
ACA,1342,111.4,5.0
ACA,1343,110.8,5.0
ACA,1344,115.9,5.0
ACA,1345,114.2,5.0
ACA,1346,116.8,5.0
ACA,1347,118.2,5.0
ACA,1348,113.2,5.0
ACA,1349,115.1,5.0
ACA,1350,112.8,5.0
ACA,1351,109.6,5.0
ACA,1352,119.6,5.0
ACA,1353,115.6,5.0
ACA,1354,113.4,5.0
ACA,1355,117.2,5.0
ACA,1356,111.3,5.0
ACA,1357,114.9,5.0
ACA,1358,116.8,5.0
ACA,1359,115.2,5.0
ACA,1360,115.7,5.0
ACA,1361,116.5,5.0
ACA,1362,113.5,5.0
ACA,1363,111.3,5.0
ACA,1364,113.0,5.0
ACA,1365,115.8,5.0
ACA,1366,116.7,5.0
ACA,1367,113.0,5.0
ACA,1368,115.8,5.0
ACA,1369,119.7,5.0
ACA,1370,123.0,5.0
ACA,1371,122.0,5.0
ACA,1372,113.6,5.0
ACA,1373,109.4,5.0
ACA,1374,112.5,5.0
ACA,1375,120.1,5.0
ACA,1376,122.8,5.0
ACA,1377,110.5,5.0
ACA,1378,119.5,5.0
ACA,1379,117.2,5.0
ACA,1380,112.4,5.0
ACA,1381,114.0,5.0
ACA,1382,122.0,5.0
ACA,1383,119.4,5.0
ACA,1384,121.1,5.0
ACA,1385,117.3,5.0
ACA,1386,113.2,5.0
ACA,1387,111.3,5.0
ACA,1388,117.5,5.0
ACA,1389,122.1,5.0
ACA,1390,117.5,5.0
ACA,1391,116.2,5.0
ACA,1392,111.7,5.0
ACA,1393,114.4,5.0
ACA,1394,118.0,5.0
ACA,1395,107.8,5.0
ACA,1396,117.4,5.0
ACA,1397,115.2,5.0
ACA,1398,116.8,5.0
ACA,1399,118.0,5.0
ACA,1400,122.9,5.0
ACA,1401,114.9,5.0
ACA,1402,112.2,5.0
ACA,1403,125.8,5.0
ACA,1404,111.2,5.0
ACA,1405,123.0,5.0
ACA,1406,117.0,5.0
ACA,1407,114.8,5.0
ACA,1408,120.4,5.0
ACA,1409,117.3,5.0
ACA,1410,114.9,5.0
ACA,1411,120.2,5.0
ACA,1412,116.6,5.0
ACA,1413,123.5,5.0
ACA,1414,117.9,5.0
ACA,1415,115.1,5.0
ACA,1416,114.2,5.0
ACA,1417,118.3,5.0
ACA,1418,119.6,5.0
ACA,1419,121.9,5.0
ACA,1420,131.2,5.0
ACA,1421,128.9,5.0
ACA,1422,115.2,5.0
ACA,1423,130.8,5.0
ACA,1424,127.6,5.0
ACA,1425,115.8,5.0
ACA,1426,120.0,5.0
ACA,1427,113.9,5.0
ACA,1428,116.1,5.0
ACA,1429,124.9,5.0
ACA,1430,119.9,5.0
ACA,1431,118.8,5.0
ACA,1432,110.9,5.0
ACA,1433,116.8,5.0
ACA,1434,112.0,5.0
ACA,1435,121.8,5.0
ACA,1436,121.7,5.0
ACA,1437,111.0,5.0
ACA,1438,116.0,5.0
ACA,1439,117.5,5.0
ACA,1440,113.9,5.0
ACA,1441,119.2,5.0
ACA,1442,120.0,5.0
ACA,1443,116.5,5.0
ACA,1444,118.6,5.0
ACA,1445,119.8,5.0
ACA,1446,117.1,5.0
ACA,1447,129.2,5.0
ACA,1448,133.8,5.0
ACA,1449,124.7,5.0
ACA,1450,134.0,5.0
ACA,1451,125.3,5.0
ACA,1452,119.5,5.0
ACA,1453,122.7,5.0
ACA,1454,115.8,5.0
ACA,1455,115.1,5.0
ACA,1456,120.7,5.0
ACA,1457,117.2,5.0
ACA,1458,109.6,5.0
ACA,1459,116.2,5.0
ACA,1460,118.9,5.0
ACA,1461,113.9,5.0
ACA,1462,111.2,5.0
ACA,1463,118.5,5.0
ACA,1464,113.7,5.0
ACA,1465,118.4,5.0
ACA,1466,122.8,5.0
ACA,1467,111.3,5.0
ACA,1468,108.6,5.0
ACA,1469,113.2,5.0
ACA,1470,115.2,5.0
ACA,1471,120.2,5.0
ACA,1472,111.6,5.0
ACA,1473,115.8,5.0
ACA,1474,110.0,5.0
ACA,1475,115.5,5.0
ACA,1476,113.7,5.0
ACA,1477,116.6,5.0
ACA,1478,113.7,5.0
ACA,1479,117.4,5.0
ACA,1480,117.8,5.0
ACA,1481,112.1,5.0
ACA,1482,112.9,5.0
ACA,1483,114.1,5.0
ACA,1484,118.8,5.0
ACA,1485,116.2,5.0
ACA,1486,130.3,5.0
ACA,1487,119.8,5.0
ACA,1488,114.2,5.0
ACA,1489,121.1,5.0
ACA,1490,118.4,5.0
ACA,1491,125.3,5.0
ACA,1492,116.6,5.0
ACA,1493,114.7,5.0
ACA,1494,114.9,5.0
ACA,1495,114.3,5.0
ACA,1496,126.0,5.0
ACA,1497,116.3,5.0
ACA,1498,112.3,5.0
ACA,1499,115.4,5.0
ACA,1500,118.8,5.0
ACA,1501,120.0,5.0
ACA,1502,133.6,5.0
ACA,1503,121.0,5.0
ACA,1504,113.3,5.0
ACA,1505,110.9,5.0
ACA,1506,118.2,5.0
ACA,1507,112.0,5.0
ACA,1508,113.7,5.0
ACA,1509,117.6,5.0
ACA,1510,117.8,5.0
ACA,1511,111.6,5.0
ACA,1512,111.7,5.0
ACA,1513,116.8,5.0
ACA,1514,123.8,5.0
ACA,1515,116.0,5.0
ACA,1516,114.3,5.0
ACA,1517,114.7,5.0
ACA,1518,111.9,5.0
ACA,1519,122.1,5.0
ACA,1520,117.1,5.0
ACA,1521,112.0,5.0
ACA,1522,117.8,5.0
ACA,1523,111.5,5.0
ACA,1524,110.3,5.0
ACA,1525,126.6,5.0
ACA,1526,112.5,5.0
ACA,1527,116.9,5.0
ACA,1528,114.5,5.0
ACA,1529,108.9,5.0
ACA,1530,119.3,5.0
ACA,1531,128.4,5.0
ACA,1532,120.7,5.0
ACA,1533,118.6,5.0
ACA,1534,120.4,5.0
ACA,1535,114.9,5.0
ACA,1536,115.9,5.0
ACA,1537,119.1,5.0
ACA,1538,121.8,5.0
ACA,1539,119.9,5.0
ACA,1540,113.6,5.0
ACA,1541,112.4,5.0
ACA,1542,118.6,5.0
ACA,1543,115.4,5.0
ACA,1544,119.2,5.0
ACA,1545,119.8,5.0
ACA,1546,120.8,5.0
ACA,1547,115.8,5.0
ACA,1548,108.3,5.0
ACA,1549,116.3,5.0
ACA,1550,112.9,5.0
ACA,1551,117.7,5.0
ACA,1552,118.1,5.0
ACA,1553,111.2,5.0
ACA,1554,116.1,5.0
ACA,1555,113.6,5.0
ACA,1556,119.4,5.0
ACA,1557,118.7,5.0
ACA,1558,120.0,5.0
ACA,1559,117.3,5.0
ACA,1560,113.7,5.0
ACA,1561,118.4,5.0
ACA,1562,120.4,5.0
ACA,1563,122.1,5.0
ACA,1564,111.4,5.0
ACA,1565,111.9,5.0
ACA,1566,117.9,5.0
ACA,1567,114.1,5.0
ACA,1568,120.4,5.0
ACA,1569,117.4,5.0
ACA,1570,124.4,5.0
ACA,1571,117.0,5.0
ACA,1572,117.7,5.0
ACA,1573,123.7,5.0
ACA,1574,118.8,5.0
ACA,1575,123.4,5.0
ACA,1576,111.2,5.0
ACA,1577,111.6,5.0
ACA,1578,109.1,5.0
ACA,1579,115.5,5.0
ACA,1580,113.8,5.0
ACA,1581,122.6,5.0
ACA,1582,114.4,5.0
ACA,1583,119.5,5.0
ACA,1584,111.5,5.0
ACA,1585,116.4,5.0
ACA,1586,118.2,5.0
ACA,1587,110.3,5.0
ACA,1588,114.3,5.0
ACA,1589,115.0,5.0
ACA,1590,111.1,5.0
ACA,1591,121.1,5.0
ACA,1592,120.1,5.0
ACA,1593,119.3,5.0
ACA,1594,111.5,5.0
ACA,1595,110.4,5.0
ACA,1596,111.5,5.0
ACA,1597,117.2,5.0
ACA,1598,117.5,5.0
ACA,1599,117.8,5.0
ACA,1600,115.1,5.0
ACA,1601,123.7,5.0
ACA,1602,111.6,5.0
ACA,1603,113.2,5.0
ACA,1604,115.3,5.0
ACA,1605,122.4,5.0
ACA,1606,121.3,5.0
ACA,1607,120.0,5.0
ACA,1608,114.1,5.0
ACA,1609,122.4,5.0
ACA,1610,122.0,5.0
ACA,1611,115.8,5.0
ACA,1612,119.3,5.0
ACA,1613,110.9,5.0
ACA,1614,114.5,5.0
ACA,1615,112.0,5.0
ACA,1616,118.5,5.0
ACA,1617,116.3,5.0
ACA,1618,126.0,5.0
ACA,1619,113.6,5.0
ACA,1620,112.9,5.0
ACA,1621,116.4,5.0
ACA,1622,119.3,5.0
ACA,1623,112.3,5.0
ACA,1624,114.7,5.0
ACA,1625,112.5,5.0
ACA,1626,113.1,5.0
ACA,1627,117.4,5.0
ACA,1628,117.6,5.0
ACA,1629,117.0,5.0
ACA,1630,116.9,5.0
ACA,1631,119.0,5.0
ACA,1632,112.6,5.0
ACA,1633,114.7,5.0
ACA,1634,115.5,5.0
ACA,1635,120.5,5.0
ACA,1636,122.6,5.0
ACA,1637,110.7,5.0
ACA,1638,111.2,5.0
ACA,1639,113.3,5.0
ACA,1640,117.1,5.0
ACA,1641,118.4,5.0
ACA,1642,109.5,5.0
ACA,1643,112.7,5.0
ACA,1644,117.4,5.0
ACA,1645,119.2,5.0
ACA,1646,114.3,5.0
ACA,1647,113.8,5.0
ACA,1648,122.7,5.0
ACA,1649,110.4,5.0
ACA,1650,111.0,5.0
ACA,1651,121.4,5.0
ACA,1652,116.8,5.0
ACA,1653,112.9,5.0
ACA,1654,115.2,5.0
ACA,1655,113.9,5.0
ACA,1656,108.5,5.0
ACA,1657,109.7,5.0
ACA,1658,127.9,5.0
ACA,1659,120.2,5.0
ACA,1660,123.0,5.0
ACA,1661,113.9,5.0
ACA,1662,106.7,5.0
ACA,1663,118.2,5.0
ACA,1664,113.4,5.0
ACA,1665,119.2,5.0
ACA,1666,113.3,5.0
ACA,1667,110.5,5.0
ACA,1668,112.7,5.0
ACA,1669,114.6,5.0
ACA,1670,118.2,5.0
ACA,1671,116.4,5.0
ACA,1672,116.9,5.0
ACA,1673,117.0,5.0
ACA,1674,115.6,5.0
ACA,1675,118.0,5.0
ACA,1676,112.7,5.0
ACA,1677,115.3,5.0
ACA,1678,115.2,5.0
ACA,1679,112.5,5.0
ACA,1680,112.1,5.0
ACA,1681,114.1,5.0
ACA,1682,116.8,5.0
ACA,1683,131.9,5.0
ACA,1684,116.9,5.0
ACA,1685,115.5,5.0
ACA,1686,115.3,5.0
ACA,1687,113.5,5.0
ACA,1688,119.3,5.0
ACA,1689,115.5,5.0
ACA,1690,116.3,5.0
ACA,1691,119.4,5.0
ACA,1692,114.4,5.0
ACA,1693,113.1,5.0
ACA,1694,119.1,5.0
ACA,1695,110.8,5.0
ACA,1696,117.7,5.0
ACA,1697,113.8,5.0
ACA,1698,114.5,5.0
ACA,1699,115.9,5.0
ACA,1700,116.1,5.0
ACA,1701,124.6,5.0
ACA,1702,110.6,5.0
ACA,1703,114.1,5.0
ACA,1704,113.5,5.0
ACA,1705,119.9,5.0
ACA,1706,114.2,5.0
ACA,1707,118.4,5.0
ACA,1708,110.3,5.0
ACA,1709,118.8,5.0
ACA,1710,122.7,5.0
ACA,1711,117.3,5.0
ACA,1712,120.8,5.0
ACA,1713,116.8,5.0
ACA,1714,111.6,5.0
ACA,1715,115.6,5.0
ACA,1716,113.6,5.0
ACA,1717,115.4,5.0
ACA,1718,118.7,5.0
ACA,1719,111.6,5.0
ACA,1720,113.4,5.0
ACA,1721,118.1,5.0
ACA,1722,114.6,5.0
ACA,1723,122.6,5.0
ACA,1724,114.4,5.0
ACA,1725,110.8,5.0
ACA,1726,115.9,5.0
ACA,1727,116.8,5.0
ACA,1728,119.1,5.0
ACA,1729,126.2,5.0
ACA,1730,116.7,5.0
ACA,1731,116.6,5.0
ACA,1732,119.3,5.0
ACA,1733,116.2,5.0
ACA,1734,119.0,5.0
ACA,1735,117.1,5.0
ACA,1736,110.9,5.0
ACA,1737,114.7,5.0
ACA,1738,123.3,5.0
ACA,1739,114.2,5.0
ACA,1740,111.6,5.0
ACA,1741,119.9,5.0
ACA,1742,113.8,5.0
ACA,1743,113.7,5.0
ACA,1744,122.8,5.0
ACA,1745,114.9,5.0
ACA,1746,114.1,5.0
ACA,1747,115.4,5.0
ACA,1748,118.8,5.0
ACA,1749,114.6,5.0
ACA,1750,113.1,5.0
ACA,1751,112.2,5.0
ACA,1752,115.6,5.0
ACA,1753,112.8,5.0
ACA,1754,118.1,5.0
ACA,1755,115.8,5.0
ACA,1756,115.0,5.0
ACA,1757,110.0,5.0
ACA,1758,113.0,5.0
ACA,1759,117.0,5.0
ACA,1760,119.6,5.0
ACA,1761,111.6,5.0
ACA,1762,120.8,5.0
ACA,1763,109.8,5.0
ACA,1764,111.4,5.0
ACA,1765,120.4,5.0
ACA,1766,121.7,5.0
ACA,1767,118.2,5.0
ACA,1768,114.1,5.0
ACA,1769,114.9,5.0
ACA,1770,116.1,5.0
ACA,1771,125.8,5.0
ACA,1772,114.7,5.0
ACA,1773,120.4,5.0
ACA,1774,108.7,5.0
ACA,1775,113.7,5.0
ACA,1776,116.4,5.0
ACA,1777,111.4,5.0
ACA,1778,117.7,5.0
ACA,1779,114.8,5.0
ACA,1780,112.9,5.0
ACA,1781,114.0,5.0
ACA,1782,110.8,5.0
ACA,1783,124.5,5.0
ACA,1784,121.3,5.0
ACA,1785,114.1,5.0
ACA,1786,122.9,5.0
ACA,1787,113.2,5.0
ACA,1788,117.4,5.0
ACA,1789,114.5,5.0
ACA,1790,119.9,5.0
ACA,1791,122.0,5.0
ACA,1792,120.6,5.0
ACA,1793,114.4,5.0
ACA,1794,115.5,5.0
ACA,1795,121.5,5.0
ACA,1796,116.8,5.0
ACA,1797,128.6,5.0
ACA,1798,119.1,5.0
ACA,1799,111.3,5.0
ACA,1800,104.2,2.0
Koyeb,0,144.9,3.0
Koyeb,1,147.6,5.0
Koyeb,2,139.4,5.0
Koyeb,3,147.6,5.0
Koyeb,4,138.0,5.0
Koyeb,5,141.0,5.0
Koyeb,6,137.0,5.0
Koyeb,7,143.5,5.0
Koyeb,8,148.7,5.0
Koyeb,9,137.7,5.0
Koyeb,10,151.9,5.0
Koyeb,11,139.2,5.0
Koyeb,12,138.6,5.0
Koyeb,13,141.4,5.0
Koyeb,14,152.7,5.0
Koyeb,15,136.2,5.0
Koyeb,16,139.9,5.0
Koyeb,17,142.1,5.0
Koyeb,18,134.1,5.0
Koyeb,19,141.3,5.0
Koyeb,20,135.9,5.0
Koyeb,21,139.6,5.0
Koyeb,22,134.5,5.0
Koyeb,23,133.6,5.0
Koyeb,24,146.0,5.0
Koyeb,25,140.3,5.0
Koyeb,26,144.6,5.0
Koyeb,27,138.7,5.0
Koyeb,28,149.2,5.0
Koyeb,29,137.2,5.0
Koyeb,30,137.0,5.0
Koyeb,31,134.3,5.0
Koyeb,32,138.6,5.0
Koyeb,33,137.9,5.0
Koyeb,34,138.3,5.0
Koyeb,35,144.5,5.0
Koyeb,36,144.6,5.0
Koyeb,37,136.9,5.0
Koyeb,38,139.6,5.0
Koyeb,39,140.6,5.0
Koyeb,40,136.3,5.0
Koyeb,41,138.2,5.0
Koyeb,42,133.6,5.0
Koyeb,43,139.2,5.0
Koyeb,44,139.2,5.0
Koyeb,45,141.9,5.0
Koyeb,46,136.4,5.0
Koyeb,47,144.3,5.0
Koyeb,48,141.2,5.0
Koyeb,49,133.7,5.0
Koyeb,50,145.7,5.0
Koyeb,51,143.4,5.0
Koyeb,52,136.3,5.0
Koyeb,53,136.4,5.0
Koyeb,54,136.5,5.0
Koyeb,55,135.2,5.0
Koyeb,56,139.1,5.0
Koyeb,57,133.3,5.0
Koyeb,58,137.3,5.0
Koyeb,59,134.5,5.0
Koyeb,60,137.0,5.0
Koyeb,61,138.2,5.0
Koyeb,62,143.1,5.0
Koyeb,63,139.3,5.0
Koyeb,64,139.0,5.0
Koyeb,65,133.0,5.0
Koyeb,66,137.2,5.0
Koyeb,67,133.3,5.0
Koyeb,68,137.0,5.0
Koyeb,69,137.0,5.0
Koyeb,70,137.2,5.0
Koyeb,71,136.7,5.0
Koyeb,72,136.4,5.0
Koyeb,73,140.8,5.0
Koyeb,74,149.1,5.0
Koyeb,75,137.1,5.0
Koyeb,76,148.5,5.0
Koyeb,77,163.6,5.0
Koyeb,78,153.3,5.0
Koyeb,79,162.0,5.0
Koyeb,80,139.6,5.0
Koyeb,81,136.6,5.0
Koyeb,82,147.1,5.0
Koyeb,83,132.2,5.0
Koyeb,84,135.6,5.0
Koyeb,85,144.1,5.0
Koyeb,86,139.2,5.0
Koyeb,87,136.1,5.0
Koyeb,88,141.4,5.0
Koyeb,89,136.9,5.0
Koyeb,90,139.2,5.0
Koyeb,91,135.6,5.0
Koyeb,92,137.0,5.0
Koyeb,93,141.0,5.0
Koyeb,94,138.4,5.0
Koyeb,95,134.7,5.0
Koyeb,96,139.1,5.0
Koyeb,97,137.3,5.0
Koyeb,98,140.0,5.0
Koyeb,99,134.3,5.0
Koyeb,100,135.9,5.0
Koyeb,101,134.1,5.0
Koyeb,102,139.3,5.0
Koyeb,103,145.4,5.0
Koyeb,104,140.8,5.0
Koyeb,105,136.6,5.0
Koyeb,106,134.2,5.0
Koyeb,107,139.8,5.0
Koyeb,108,147.4,5.0
Koyeb,109,135.4,5.0
Koyeb,110,138.0,5.0
Koyeb,111,134.1,5.0
Koyeb,112,136.8,5.0
Koyeb,113,143.9,5.0
Koyeb,114,138.7,5.0
Koyeb,115,139.0,5.0
Koyeb,116,137.0,5.0
Koyeb,117,141.0,5.0
Koyeb,118,137.6,5.0
Koyeb,119,137.5,5.0
Koyeb,120,141.5,5.0
Koyeb,121,136.8,5.0
Koyeb,122,136.9,5.0
Koyeb,123,138.3,5.0
Koyeb,124,136.1,5.0
Koyeb,125,142.8,5.0
Koyeb,126,137.0,5.0
Koyeb,127,137.8,5.0
Koyeb,128,144.2,5.0
Koyeb,129,139.9,5.0
Koyeb,130,137.8,5.0
Koyeb,131,138.0,5.0
Koyeb,132,133.9,5.0
Koyeb,133,137.6,5.0
Koyeb,134,133.8,5.0
Koyeb,135,138.0,5.0
Koyeb,136,139.5,5.0
Koyeb,137,143.3,5.0
Koyeb,138,142.5,5.0
Koyeb,139,140.0,5.0
Koyeb,140,142.1,5.0
Koyeb,141,138.5,5.0
Koyeb,142,138.4,5.0
Koyeb,143,135.4,5.0
Koyeb,144,139.8,5.0
Koyeb,145,144.2,5.0
Koyeb,146,144.0,5.0
Koyeb,147,140.0,5.0
Koyeb,148,137.5,5.0
Koyeb,149,137.0,5.0
Koyeb,150,137.2,5.0
Koyeb,151,144.5,5.0
Koyeb,152,138.1,5.0
Koyeb,153,136.8,5.0
Koyeb,154,132.0,5.0
Koyeb,155,137.2,5.0
Koyeb,156,135.4,5.0
Koyeb,157,138.3,5.0
Koyeb,158,137.1,5.0
Koyeb,159,153.5,5.0
Koyeb,160,145.6,5.0
Koyeb,161,139.5,5.0
Koyeb,162,135.2,5.0
Koyeb,163,135.1,5.0
Koyeb,164,152.8,5.0
Koyeb,165,132.0,5.0
Koyeb,166,135.8,5.0
Koyeb,167,139.6,5.0
Koyeb,168,136.7,5.0
Koyeb,169,140.3,5.0
Koyeb,170,146.2,5.0
Koyeb,171,140.9,5.0
Koyeb,172,142.6,5.0
Koyeb,173,135.0,5.0
Koyeb,174,137.6,5.0
Koyeb,175,138.1,5.0
Koyeb,176,133.2,5.0
Koyeb,177,134.4,5.0
Koyeb,178,135.3,5.0
Koyeb,179,144.2,5.0
Koyeb,180,140.7,5.0
Koyeb,181,151.0,5.0
Koyeb,182,140.9,5.0
Koyeb,183,140.6,5.0
Koyeb,184,132.5,5.0
Koyeb,185,138.7,5.0
Koyeb,186,134.0,5.0
Koyeb,187,136.2,5.0
Koyeb,188,147.6,5.0
Koyeb,189,139.3,5.0
Koyeb,190,140.5,5.0
Koyeb,191,138.1,5.0
Koyeb,192,135.0,5.0
Koyeb,193,137.5,5.0
Koyeb,194,138.1,5.0
Koyeb,195,133.0,5.0
Koyeb,196,141.0,5.0
Koyeb,197,146.2,5.0
Koyeb,198,134.0,5.0
Koyeb,199,156.1,5.0
Koyeb,200,139.9,5.0
Koyeb,201,141.0,5.0
Koyeb,202,143.7,5.0
Koyeb,203,143.7,5.0
Koyeb,204,140.4,5.0
Koyeb,205,134.1,5.0
Koyeb,206,135.8,5.0
Koyeb,207,138.0,5.0
Koyeb,208,138.9,5.0
Koyeb,209,135.4,5.0
Koyeb,210,148.4,5.0
Koyeb,211,136.7,5.0
Koyeb,212,159.3,5.0
Koyeb,213,141.7,5.0
Koyeb,214,144.0,5.0
Koyeb,215,135.3,5.0
Koyeb,216,138.5,5.0
Koyeb,217,137.9,5.0
Koyeb,218,136.7,5.0
Koyeb,219,144.9,5.0
Koyeb,220,149.3,5.0
Koyeb,221,174.3,5.0
Koyeb,222,141.6,5.0
Koyeb,223,148.7,5.0
Koyeb,224,141.4,5.0
Koyeb,225,139.0,5.0
Koyeb,226,139.0,5.0
Koyeb,227,139.2,5.0
Koyeb,228,152.0,5.0
Koyeb,229,138.8,5.0
Koyeb,230,139.0,5.0
Koyeb,231,140.8,5.0
Koyeb,232,132.4,5.0
Koyeb,233,137.6,5.0
Koyeb,234,134.4,5.0
Koyeb,235,144.1,5.0
Koyeb,236,138.1,5.0
Koyeb,237,135.6,5.0
Koyeb,238,136.9,5.0
Koyeb,239,137.0,5.0
Koyeb,240,132.8,5.0
Koyeb,241,136.1,5.0
Koyeb,242,136.3,5.0
Koyeb,243,138.1,5.0
Koyeb,244,137.5,5.0
Koyeb,245,143.9,5.0
Koyeb,246,134.6,5.0
Koyeb,247,136.0,5.0
Koyeb,248,136.4,5.0
Koyeb,249,134.0,5.0
Koyeb,250,139.5,5.0
Koyeb,251,140.8,5.0
Koyeb,252,134.6,5.0
Koyeb,253,135.9,5.0
Koyeb,254,134.3,5.0
Koyeb,255,136.2,5.0
Koyeb,256,137.7,5.0
Koyeb,257,142.5,5.0
Koyeb,258,140.3,5.0
Koyeb,259,142.3,5.0
Koyeb,260,134.6,5.0
Koyeb,261,138.5,5.0
Koyeb,262,133.7,5.0
Koyeb,263,135.3,5.0
Koyeb,264,131.1,5.0
Koyeb,265,133.7,5.0
Koyeb,266,143.0,5.0
Koyeb,267,135.9,5.0
Koyeb,268,151.3,5.0
Koyeb,269,136.3,5.0
Koyeb,270,140.2,5.0
Koyeb,271,135.8,5.0
Koyeb,272,136.8,5.0
Koyeb,273,138.7,5.0
Koyeb,274,132.8,5.0
Koyeb,275,135.7,5.0
Koyeb,276,135.7,5.0
Koyeb,277,132.2,5.0
Koyeb,278,134.2,5.0
Koyeb,279,142.4,5.0
Koyeb,280,141.0,5.0
Koyeb,281,145.1,5.0
Koyeb,282,134.2,5.0
Koyeb,283,155.9,5.0
Koyeb,284,147.5,5.0
Koyeb,285,139.4,5.0
Koyeb,286,135.1,5.0
Koyeb,287,136.0,5.0
Koyeb,288,140.9,5.0
Koyeb,289,139.3,5.0
Koyeb,290,142.4,5.0
Koyeb,291,136.2,5.0
Koyeb,292,135.0,5.0
Koyeb,293,134.9,5.0
Koyeb,294,136.1,5.0
Koyeb,295,135.7,5.0
Koyeb,296,134.8,5.0
Koyeb,297,137.6,5.0
Koyeb,298,137.7,5.0
Koyeb,299,147.0,5.0
Koyeb,300,137.6,5.0
Koyeb,301,134.5,6.0
Koyeb,302,135.4,6.5
Koyeb,303,128.3,7.0
Koyeb,304,134.2,7.0
Koyeb,305,143.0,8.0
Koyeb,306,143.1,9.0
Koyeb,307,138.0,9.0
Koyeb,308,139.5,10.0
Koyeb,309,139.7,10.0
Koyeb,310,139.9,11.0
Koyeb,311,146.3,12.0
Koyeb,312,137.3,12.0
Koyeb,313,148.9,13.0
Koyeb,314,140.7,13.5
Koyeb,315,143.5,14.0
Koyeb,316,149.7,15.0
Koyeb,317,145.5,15.0
Koyeb,318,145.3,15.5
Koyeb,319,152.2,16.0
Koyeb,320,145.8,17.0
Koyeb,321,141.4,18.0
Koyeb,322,142.2,18.0
Koyeb,323,144.5,19.0
Koyeb,324,142.0,19.0
Koyeb,325,140.1,19.5
Koyeb,326,141.9,20.5
Koyeb,327,138.8,21.0
Koyeb,328,150.1,22.0
Koyeb,329,139.1,22.0
Koyeb,330,142.9,23.0
Koyeb,331,140.3,24.0
Koyeb,332,143.5,24.0
Koyeb,333,155.2,25.0
Koyeb,334,138.1,25.0
Koyeb,335,140.6,26.0
Koyeb,336,143.6,26.0
Koyeb,337,136.5,27.0
Koyeb,338,138.2,27.0
Koyeb,339,146.5,28.0
Koyeb,340,145.2,28.5
Koyeb,341,143.2,29.0
Koyeb,342,148.4,30.0
Koyeb,343,134.3,30.0
Koyeb,344,141.0,30.5
Koyeb,345,142.7,31.0
Koyeb,346,135.6,32.5
Koyeb,347,137.5,32.5
Koyeb,348,145.8,33.5
Koyeb,349,137.1,34.0
Koyeb,350,139.5,34.0
Koyeb,351,149.4,35.0
Koyeb,352,140.2,35.5
Koyeb,353,141.6,36.0
Koyeb,354,144.8,37.0
Koyeb,355,144.4,37.0
Koyeb,356,140.3,38.0
Koyeb,357,144.3,39.0
Koyeb,358,150.9,39.0
Koyeb,359,136.6,40.0
Koyeb,360,143.8,40.0
Koyeb,361,143.9,40.0
Koyeb,362,136.8,40.0
Koyeb,363,143.7,40.0
Koyeb,364,147.0,40.0
Koyeb,365,136.4,40.0
Koyeb,366,138.3,39.5
Koyeb,367,145.4,40.0
Koyeb,368,147.1,40.0
Koyeb,369,144.0,40.0
Koyeb,370,149.5,40.0
Koyeb,371,140.1,40.0
Koyeb,372,140.5,39.0
Koyeb,373,149.7,41.0
Koyeb,374,161.5,40.0
Koyeb,375,140.2,40.0
Koyeb,376,157.3,40.0
Koyeb,377,144.7,40.0
Koyeb,378,146.7,40.0
Koyeb,379,150.9,39.0
Koyeb,380,162.6,41.0
Koyeb,381,161.8,40.0
Koyeb,382,152.5,40.0
Koyeb,383,152.6,40.0
Koyeb,384,177.6,40.0
Koyeb,385,162.6,40.0
Koyeb,386,154.3,40.0
Koyeb,387,146.8,39.5
Koyeb,388,139.3,40.0
Koyeb,389,145.1,40.0
Koyeb,390,143.2,40.0
Koyeb,391,148.9,40.0
Koyeb,392,154.7,40.0
Koyeb,393,145.5,40.0
Koyeb,394,143.3,40.0
Koyeb,395,143.8,40.0
Koyeb,396,140.6,40.0
Koyeb,397,143.0,40.0
Koyeb,398,141.2,40.0
Koyeb,399,141.7,40.0
Koyeb,400,137.8,40.0
Koyeb,401,155.8,39.5
Koyeb,402,142.2,40.0
Koyeb,403,141.8,40.0
Koyeb,404,144.8,40.0
Koyeb,405,144.7,40.0
Koyeb,406,138.0,40.0
Koyeb,407,147.5,40.0
Koyeb,408,150.8,40.0
Koyeb,409,141.4,40.0
Koyeb,410,145.1,40.0
Koyeb,411,160.8,40.0
Koyeb,412,138.0,40.0
Koyeb,413,136.4,40.0
Koyeb,414,143.5,40.0
Koyeb,415,143.2,40.0
Koyeb,416,164.8,40.0
Koyeb,417,148.5,40.0
Koyeb,418,156.8,40.0
Koyeb,419,148.0,40.5
Koyeb,420,175.3,40.0
Koyeb,421,162.4,40.0
Koyeb,422,151.5,40.0
Koyeb,423,151.0,40.0
Koyeb,424,155.0,40.0
Koyeb,425,134.8,40.0
Koyeb,426,143.0,40.0
Koyeb,427,139.7,40.0
Koyeb,428,143.3,40.0
Koyeb,429,143.0,40.0
Koyeb,430,150.3,40.0
Koyeb,431,201.1,40.0
Koyeb,432,161.3,40.0
Koyeb,433,141.6,40.0
Koyeb,434,167.4,40.0
Koyeb,435,138.6,39.5
Koyeb,436,152.2,40.0
Koyeb,437,140.6,39.5
Koyeb,438,154.1,40.5
Koyeb,439,156.1,40.0
Koyeb,440,154.6,40.0
Koyeb,441,166.5,40.0
Koyeb,442,175.0,40.0
Koyeb,443,172.0,40.0
Koyeb,444,139.6,40.0
Koyeb,445,154.4,40.0
Koyeb,446,150.1,40.0
Koyeb,447,162.6,40.0
Koyeb,448,143.7,40.0
Koyeb,449,140.7,40.0
Koyeb,450,154.3,40.0
Koyeb,451,139.8,40.0
Koyeb,452,159.8,40.0
Koyeb,453,140.7,40.0
Koyeb,454,195.0,39.0
Koyeb,455,146.4,41.0
Koyeb,456,140.1,40.0
Koyeb,457,150.4,40.0
Koyeb,458,144.4,40.0
Koyeb,459,148.5,40.0
Koyeb,460,145.6,40.0
Koyeb,461,147.1,40.0
Koyeb,462,145.9,40.0
Koyeb,463,149.5,40.0
Koyeb,464,157.6,40.0
Koyeb,465,139.8,40.0
Koyeb,466,167.0,40.0
Koyeb,467,146.3,39.0
Koyeb,468,142.4,40.5
Koyeb,469,140.1,40.0
Koyeb,470,152.8,40.0
Koyeb,471,140.1,40.0
Koyeb,472,140.6,40.0
Koyeb,473,146.9,40.0
Koyeb,474,144.4,40.0
Koyeb,475,140.6,40.0
Koyeb,476,143.1,40.0
Koyeb,477,143.4,40.0
Koyeb,478,144.2,40.0
Koyeb,479,145.9,40.0
Koyeb,480,152.6,40.0
Koyeb,481,134.0,40.0
Koyeb,482,143.6,40.0
Koyeb,483,147.4,40.0
Koyeb,484,151.6,40.0
Koyeb,485,164.3,40.0
Koyeb,486,149.4,40.0
Koyeb,487,143.2,40.0
Koyeb,488,142.3,40.0
Koyeb,489,177.4,40.0
Koyeb,490,145.0,40.0
Koyeb,491,141.2,40.0
Koyeb,492,143.5,40.0
Koyeb,493,142.5,40.0
Koyeb,494,146.0,40.0
Koyeb,495,146.4,40.0
Koyeb,496,152.1,39.5
Koyeb,497,149.1,40.5
Koyeb,498,142.2,40.0
Koyeb,499,153.7,40.0
Koyeb,500,144.7,40.0
Koyeb,501,150.0,40.0
Koyeb,502,149.6,40.0
Koyeb,503,143.5,40.0
Koyeb,504,146.5,40.0
Koyeb,505,151.3,40.0
Koyeb,506,149.9,40.0
Koyeb,507,143.5,40.0
Koyeb,508,143.7,40.0
Koyeb,509,139.5,40.0
Koyeb,510,155.8,40.0
Koyeb,511,146.5,40.0
Koyeb,512,143.3,40.0
Koyeb,513,138.3,40.0
Koyeb,514,152.2,40.0
Koyeb,515,150.6,40.0
Koyeb,516,139.4,40.0
Koyeb,517,152.6,40.0
Koyeb,518,144.4,40.0
Koyeb,519,141.4,40.0
Koyeb,520,156.4,40.0
Koyeb,521,154.5,40.0
Koyeb,522,164.7,40.0
Koyeb,523,159.7,40.0
Koyeb,524,153.7,40.0
Koyeb,525,165.8,40.0
Koyeb,526,157.5,41.0
Koyeb,527,145.9,39.5
Koyeb,528,146.7,40.0
Koyeb,529,151.1,40.0
Koyeb,530,156.0,40.0
Koyeb,531,146.9,40.0
Koyeb,532,166.7,40.5
Koyeb,533,153.9,40.0
Koyeb,534,186.4,40.0
Koyeb,535,158.0,40.0
Koyeb,536,158.6,40.0
Koyeb,537,140.7,40.0
Koyeb,538,139.0,40.0
Koyeb,539,187.0,40.0
Koyeb,540,144.3,40.0
Koyeb,541,158.3,40.0
Koyeb,542,163.9,40.0
Koyeb,543,146.4,40.0
Koyeb,544,148.3,40.0
Koyeb,545,146.0,40.0
Koyeb,546,146.1,40.0
Koyeb,547,145.6,40.0
Koyeb,548,144.9,40.0
Koyeb,549,141.8,40.0
Koyeb,550,144.6,40.0
Koyeb,551,144.7,40.0
Koyeb,552,144.7,40.0
Koyeb,553,141.3,40.0
Koyeb,554,151.8,40.0
Koyeb,555,159.7,40.0
Koyeb,556,148.0,40.0
Koyeb,557,159.7,40.0
Koyeb,558,180.8,40.0
Koyeb,559,142.2,40.0
Koyeb,560,140.4,40.0
Koyeb,561,151.0,40.0
Koyeb,562,146.6,40.0
Koyeb,563,161.7,40.0
Koyeb,564,198.8,40.0
Koyeb,565,148.7,40.0
Koyeb,566,142.1,40.0
Koyeb,567,146.5,40.0
Koyeb,568,147.9,40.0
Koyeb,569,139.3,40.0
Koyeb,570,140.6,40.0
Koyeb,571,146.8,40.0
Koyeb,572,144.4,40.0
Koyeb,573,143.4,40.0
Koyeb,574,139.5,40.0
Koyeb,575,143.3,40.0
Koyeb,576,138.1,40.0
Koyeb,577,145.2,40.0
Koyeb,578,141.4,40.0
Koyeb,579,147.6,40.0
Koyeb,580,141.2,40.0
Koyeb,581,136.7,40.0
Koyeb,582,147.0,40.0
Koyeb,583,162.3,40.5
Koyeb,584,139.7,40.0
Koyeb,585,150.9,40.0
Koyeb,586,142.8,40.0
Koyeb,587,144.9,40.0
Koyeb,588,150.2,41.0
Koyeb,589,158.2,40.0
Koyeb,590,140.7,40.0
Koyeb,591,139.8,40.0
Koyeb,592,145.0,40.0
Koyeb,593,139.3,40.0
Koyeb,594,139.9,40.0
Koyeb,595,143.4,40.0
Koyeb,596,140.2,40.0
Koyeb,597,141.3,40.0
Koyeb,598,145.8,40.0
Koyeb,599,140.1,40.0
Koyeb,600,148.0,40.0
Koyeb,601,137.5,40.0
Koyeb,602,155.5,40.0
Koyeb,603,148.3,40.0
Koyeb,604,144.0,40.0
Koyeb,605,155.7,40.0
Koyeb,606,145.9,40.0
Koyeb,607,145.8,40.0
Koyeb,608,157.4,40.0
Koyeb,609,142.3,40.0
Koyeb,610,147.4,40.0
Koyeb,611,142.9,40.0
Koyeb,612,163.4,40.5
Koyeb,613,142.6,40.0
Koyeb,614,143.6,40.0
Koyeb,615,148.5,40.0
Koyeb,616,141.7,40.0
Koyeb,617,163.9,40.0
Koyeb,618,142.7,40.0
Koyeb,619,139.1,40.0
Koyeb,620,149.4,40.0
Koyeb,621,151.6,39.5
Koyeb,622,142.0,40.5
Koyeb,623,140.6,40.0
Koyeb,624,138.6,40.0
Koyeb,625,141.2,40.0
Koyeb,626,139.6,40.0
Koyeb,627,147.2,40.0
Koyeb,628,143.4,40.0
Koyeb,629,148.8,40.0
Koyeb,630,154.2,40.0
Koyeb,631,178.5,39.5
Koyeb,632,147.2,40.0
Koyeb,633,154.1,40.0
Koyeb,634,143.6,40.0
Koyeb,635,144.5,40.0
Koyeb,636,146.3,40.0
Koyeb,637,139.9,40.0
Koyeb,638,140.0,40.0
Koyeb,639,141.4,40.0
Koyeb,640,143.4,40.0
Koyeb,641,142.7,40.0
Koyeb,642,139.8,40.0
Koyeb,643,143.6,40.0
Koyeb,644,138.4,40.0
Koyeb,645,145.3,40.0
Koyeb,646,147.0,41.0
Koyeb,647,147.5,40.0
Koyeb,648,138.7,40.0
Koyeb,649,142.7,40.0
Koyeb,650,147.1,40.0
Koyeb,651,147.2,40.0
Koyeb,652,147.1,40.0
Koyeb,653,143.3,40.0
Koyeb,654,155.6,40.0
Koyeb,655,142.7,40.0
Koyeb,656,148.7,40.0
Koyeb,657,139.5,40.0
Koyeb,658,146.4,39.5
Koyeb,659,140.1,40.0
Koyeb,660,140.2,40.0
Koyeb,661,149.7,40.0
Koyeb,662,147.5,40.0
Koyeb,663,169.6,40.0
Koyeb,664,144.3,40.0
Koyeb,665,147.1,40.0
Koyeb,666,138.7,40.0
Koyeb,667,171.4,40.0
Koyeb,668,142.6,40.0
Koyeb,669,138.3,40.0
Koyeb,670,154.6,40.0
Koyeb,671,140.2,40.0
Koyeb,672,138.4,40.0
Koyeb,673,145.1,39.0
Koyeb,674,148.5,40.5
Koyeb,675,139.5,40.0
Koyeb,676,145.6,40.0
Koyeb,677,146.4,40.0
Koyeb,678,146.3,40.0
Koyeb,679,146.2,40.0
Koyeb,680,151.5,40.0
Koyeb,681,146.5,40.0
Koyeb,682,171.3,40.0
Koyeb,683,145.5,40.0
Koyeb,684,140.7,40.0
Koyeb,685,142.3,40.0
Koyeb,686,162.6,40.0
Koyeb,687,149.3,40.0
Koyeb,688,149.8,40.0
Koyeb,689,138.2,40.0
Koyeb,690,154.2,40.0
Koyeb,691,144.3,40.0
Koyeb,692,152.9,40.5
Koyeb,693,146.2,39.5
Koyeb,694,141.8,40.0
Koyeb,695,141.3,40.0
Koyeb,696,146.0,40.0
Koyeb,697,139.7,40.0
Koyeb,698,140.5,40.0
Koyeb,699,141.4,40.0
Koyeb,700,143.5,40.0
Koyeb,701,146.2,40.0
Koyeb,702,149.3,39.5
Koyeb,703,143.3,40.5
Koyeb,704,142.7,40.0
Koyeb,705,145.9,39.0
Koyeb,706,143.6,40.5
Koyeb,707,140.0,39.5
Koyeb,708,145.0,40.5
Koyeb,709,147.0,40.0
Koyeb,710,145.5,40.0
Koyeb,711,161.9,39.5
Koyeb,712,138.5,40.0
Koyeb,713,144.1,40.0
Koyeb,714,167.1,39.5
Koyeb,715,150.6,40.5
Koyeb,716,156.8,40.0
Koyeb,717,143.5,40.0
Koyeb,718,141.0,40.0
Koyeb,719,168.3,40.0
Koyeb,720,152.9,40.0
Koyeb,721,145.5,40.0
Koyeb,722,144.5,40.0
Koyeb,723,140.0,40.0
Koyeb,724,155.0,40.0
Koyeb,725,147.0,40.0
Koyeb,726,144.6,40.0
Koyeb,727,150.2,40.0
Koyeb,728,137.8,40.0
Koyeb,729,146.7,40.0
Koyeb,730,148.4,40.5
Koyeb,731,148.4,40.0
Koyeb,732,140.4,40.0
Koyeb,733,145.6,40.0
Koyeb,734,149.4,40.0
Koyeb,735,144.3,39.5
Koyeb,736,175.5,40.0
Koyeb,737,146.3,40.0
Koyeb,738,151.1,40.0
Koyeb,739,156.2,40.0
Koyeb,740,146.2,40.0
Koyeb,741,153.8,40.0
Koyeb,742,156.4,40.0
Koyeb,743,143.4,40.0
Koyeb,744,145.1,40.0
Koyeb,745,150.2,39.5
Koyeb,746,156.3,40.0
Koyeb,747,152.3,40.0
Koyeb,748,161.6,40.0
Koyeb,749,142.7,40.0
Koyeb,750,146.6,40.0
Koyeb,751,145.9,40.0
Koyeb,752,143.8,40.0
Koyeb,753,147.0,41.0
Koyeb,754,146.0,40.0
Koyeb,755,148.8,40.0
Koyeb,756,148.0,40.0
Koyeb,757,144.7,40.5
Koyeb,758,144.0,40.0
Koyeb,759,148.2,40.0
Koyeb,760,146.4,40.0
Koyeb,761,145.6,40.0
Koyeb,762,152.0,40.0
Koyeb,763,156.9,40.0
Koyeb,764,148.8,40.0
Koyeb,765,152.1,40.0
Koyeb,766,143.3,40.0
Koyeb,767,162.1,40.0
Koyeb,768,145.4,40.5
Koyeb,769,139.6,40.0
Koyeb,770,156.1,40.0
Koyeb,771,143.9,40.0
Koyeb,772,141.1,40.0
Koyeb,773,157.6,40.0
Koyeb,774,166.3,40.0
Koyeb,775,141.8,40.0
Koyeb,776,152.3,40.0
Koyeb,777,151.7,40.0
Koyeb,778,159.0,40.0
Koyeb,779,146.4,40.0
Koyeb,780,159.4,40.0
Koyeb,781,153.2,40.0
Koyeb,782,152.7,40.0
Koyeb,783,155.6,40.5
Koyeb,784,147.6,40.0
Koyeb,785,157.0,40.5
Koyeb,786,158.5,40.0
Koyeb,787,143.9,40.0
Koyeb,788,141.4,40.0
Koyeb,789,143.2,40.0
Koyeb,790,147.6,40.0
Koyeb,791,152.3,40.0
Koyeb,792,150.7,39.5
Koyeb,793,169.3,40.0
Koyeb,794,160.7,40.0
Koyeb,795,137.7,40.0
Koyeb,796,152.7,40.0
Koyeb,797,158.4,40.0
Koyeb,798,139.6,40.0
Koyeb,799,152.0,40.0
Koyeb,800,145.2,40.0
Koyeb,801,164.2,40.0
Koyeb,802,145.4,41.0
Koyeb,803,163.8,40.0
Koyeb,804,144.4,40.5
Koyeb,805,147.5,40.0
Koyeb,806,143.9,40.0
Koyeb,807,146.1,40.0
Koyeb,808,157.0,40.0
Koyeb,809,155.9,40.0
Koyeb,810,145.0,40.0
Koyeb,811,156.0,40.0
Koyeb,812,145.0,40.0
Koyeb,813,144.2,40.0
Koyeb,814,151.8,40.0
Koyeb,815,150.1,40.0
Koyeb,816,143.1,40.0
Koyeb,817,170.9,40.0
Koyeb,818,150.8,40.0
Koyeb,819,144.9,40.0
Koyeb,820,147.3,40.0
Koyeb,821,146.0,40.0
Koyeb,822,151.4,40.0
Koyeb,823,154.3,41.0
Koyeb,824,144.8,40.0
Koyeb,825,186.8,39.0
Koyeb,826,154.7,40.5
Koyeb,827,152.7,39.5
Koyeb,828,158.4,40.0
Koyeb,829,144.9,40.0
Koyeb,830,143.3,40.0
Koyeb,831,147.6,40.0
Koyeb,832,150.5,40.0
Koyeb,833,158.5,39.5
Koyeb,834,154.2,41.0
Koyeb,835,145.2,40.0
Koyeb,836,147.5,40.0
Koyeb,837,164.5,40.0
Koyeb,838,141.0,40.0
Koyeb,839,146.6,40.0
Koyeb,840,145.9,40.0
Koyeb,841,150.1,40.0
Koyeb,842,144.9,40.0
Koyeb,843,147.6,40.0
Koyeb,844,147.9,40.0
Koyeb,845,144.1,40.0
Koyeb,846,142.7,40.0
Koyeb,847,144.3,40.0
Koyeb,848,139.9,40.0
Koyeb,849,149.8,40.0
Koyeb,850,140.4,40.0
Koyeb,851,145.4,40.0
Koyeb,852,147.4,39.5
Koyeb,853,159.9,40.5
Koyeb,854,157.3,40.0
Koyeb,855,151.8,40.0
Koyeb,856,166.8,40.0
Koyeb,857,151.2,41.0
Koyeb,858,143.6,40.0
Koyeb,859,152.7,40.0
Koyeb,860,151.7,40.0
Koyeb,861,152.3,40.0
Koyeb,862,146.7,40.0
Koyeb,863,145.0,40.0
Koyeb,864,162.3,40.0
Koyeb,865,151.4,40.5
Koyeb,866,145.8,40.0
Koyeb,867,164.6,40.0
Koyeb,868,149.3,40.5
Koyeb,869,145.7,40.0
Koyeb,870,151.0,40.0
Koyeb,871,152.3,40.0
Koyeb,872,175.2,40.0
Koyeb,873,142.2,40.0
Koyeb,874,168.0,40.0
Koyeb,875,158.0,40.0
Koyeb,876,144.4,40.0
Koyeb,877,140.5,40.0
Koyeb,878,147.9,40.0
Koyeb,879,140.9,40.0
Koyeb,880,148.0,40.0
Koyeb,881,148.4,40.0
Koyeb,882,159.2,40.0
Koyeb,883,156.1,40.0
Koyeb,884,157.8,40.0
Koyeb,885,154.2,40.0
Koyeb,886,142.7,40.0
Koyeb,887,154.2,40.0
Koyeb,888,141.8,40.0
Koyeb,889,149.2,40.0
Koyeb,890,152.6,40.0
Koyeb,891,143.4,40.0
Koyeb,892,147.3,40.0
Koyeb,893,146.9,39.5
Koyeb,894,146.5,40.0
Koyeb,895,146.9,40.5
Koyeb,896,150.7,40.0
Koyeb,897,138.7,40.0
Koyeb,898,144.2,40.0
Koyeb,899,152.9,40.0
Koyeb,900,148.1,40.0
Koyeb,901,155.5,40.0
Koyeb,902,145.8,40.0
Koyeb,903,150.7,40.0
Koyeb,904,181.6,40.0
Koyeb,905,159.4,40.0
Koyeb,906,147.4,40.0
Koyeb,907,145.4,40.5
Koyeb,908,156.4,40.0
Koyeb,909,151.3,40.0
Koyeb,910,152.2,40.0
Koyeb,911,146.7,40.0
Koyeb,912,145.7,40.0
Koyeb,913,143.1,40.0
Koyeb,914,165.8,40.0
Koyeb,915,149.1,40.0
Koyeb,916,153.6,39.0
Koyeb,917,161.0,40.0
Koyeb,918,154.1,40.5
Koyeb,919,158.9,40.0
Koyeb,920,155.2,40.0
Koyeb,921,156.3,40.0
Koyeb,922,147.2,40.0
Koyeb,923,150.0,40.0
Koyeb,924,158.6,40.0
Koyeb,925,145.9,39.5
Koyeb,926,143.7,40.0
Koyeb,927,153.9,40.0
Koyeb,928,146.2,40.0
Koyeb,929,146.3,40.0
Koyeb,930,148.5,40.0
Koyeb,931,148.0,40.0
Koyeb,932,143.1,39.5
Koyeb,933,156.8,40.0
Koyeb,934,145.5,40.0
Koyeb,935,189.5,40.0
Koyeb,936,150.8,40.5
Koyeb,937,144.4,40.0
Koyeb,938,141.4,40.0
Koyeb,939,154.6,39.0
Koyeb,940,152.1,39.0
Koyeb,941,144.5,40.5
Koyeb,942,155.7,40.0
Koyeb,943,150.8,40.0
Koyeb,944,153.0,40.0
Koyeb,945,159.4,40.0
Koyeb,946,161.7,40.0
Koyeb,947,145.5,40.0
Koyeb,948,152.9,40.0
Koyeb,949,184.3,40.0
Koyeb,950,156.8,41.0
Koyeb,951,153.7,39.5
Koyeb,952,150.5,40.5
Koyeb,953,150.8,40.0
Koyeb,954,141.7,40.0
Koyeb,955,146.7,40.0
Koyeb,956,144.5,40.0
Koyeb,957,145.7,40.0
Koyeb,958,167.0,40.0
Koyeb,959,144.0,40.0
Koyeb,960,141.9,40.0
Koyeb,961,152.5,39.5
Koyeb,962,149.9,38.5
Koyeb,963,149.4,38.0
Koyeb,964,155.6,37.0
Koyeb,965,169.5,37.0
Koyeb,966,139.1,36.0
Koyeb,967,146.2,35.5
Koyeb,968,146.8,35.0
Koyeb,969,146.7,35.0
Koyeb,970,144.6,33.0
Koyeb,971,146.6,34.0
Koyeb,972,142.4,33.0
Koyeb,973,139.3,32.0
Koyeb,974,151.6,32.0
Koyeb,975,154.7,31.0
Koyeb,976,139.8,30.0
Koyeb,977,165.8,30.0
Koyeb,978,140.6,29.0
Koyeb,979,155.4,29.0
Koyeb,980,155.4,28.0
Koyeb,981,146.4,28.0
Koyeb,982,139.8,27.0
Koyeb,983,144.3,26.0
Koyeb,984,143.5,26.0
Koyeb,985,143.1,25.0
Koyeb,986,151.0,24.5
Koyeb,987,148.0,24.0
Koyeb,988,163.2,23.0
Koyeb,989,166.2,23.0
Koyeb,990,142.8,22.0
Koyeb,991,143.1,22.0
Koyeb,992,144.8,21.0
Koyeb,993,152.9,21.0
Koyeb,994,159.4,20.0
Koyeb,995,139.6,19.0
Koyeb,996,153.0,19.0
Koyeb,997,154.5,18.0
Koyeb,998,141.0,17.5
Koyeb,999,144.5,17.0
Koyeb,1000,144.0,16.0
Koyeb,1001,140.5,16.0
Koyeb,1002,148.0,15.0
Koyeb,1003,147.1,15.0
Koyeb,1004,145.2,14.0
Koyeb,1005,146.3,14.0
Koyeb,1006,144.4,13.0
Koyeb,1007,146.9,12.5
Koyeb,1008,146.6,12.0
Koyeb,1009,142.9,11.0
Koyeb,1010,135.2,11.0
Koyeb,1011,141.9,10.0
Koyeb,1012,142.9,9.0
Koyeb,1013,138.7,9.0
Koyeb,1014,135.8,8.0
Koyeb,1015,134.2,7.5
Koyeb,1016,147.0,7.0
Koyeb,1017,142.1,7.0
Koyeb,1018,147.8,6.0
Koyeb,1019,134.8,5.5
Koyeb,1020,135.4,5.0
Koyeb,1021,131.5,5.0
Koyeb,1022,133.3,5.0
Koyeb,1023,131.6,5.0
Koyeb,1024,137.0,5.0
Koyeb,1025,135.1,5.0
Koyeb,1026,132.4,5.0
Koyeb,1027,143.3,5.0
Koyeb,1028,137.7,5.0
Koyeb,1029,137.9,5.0
Koyeb,1030,143.0,5.0
Koyeb,1031,136.5,5.0
Koyeb,1032,131.2,5.0
Koyeb,1033,133.5,5.0
Koyeb,1034,143.1,5.0
Koyeb,1035,135.6,5.0
Koyeb,1036,153.8,5.0
Koyeb,1037,134.4,5.0
Koyeb,1038,140.4,5.0
Koyeb,1039,141.7,5.0
Koyeb,1040,136.2,5.0
Koyeb,1041,136.9,5.0
Koyeb,1042,133.0,5.0
Koyeb,1043,139.9,5.0
Koyeb,1044,133.6,5.0
Koyeb,1045,152.2,5.0
Koyeb,1046,137.4,5.0
Koyeb,1047,135.2,5.0
Koyeb,1048,128.4,5.0
Koyeb,1049,139.3,5.0
Koyeb,1050,136.2,5.0
Koyeb,1051,139.0,5.0
Koyeb,1052,140.3,5.0
Koyeb,1053,130.2,5.0
Koyeb,1054,134.8,5.0
Koyeb,1055,139.6,5.0
Koyeb,1056,135.2,5.0
Koyeb,1057,132.4,5.0
Koyeb,1058,135.1,5.0
Koyeb,1059,133.6,5.0
Koyeb,1060,133.4,5.0
Koyeb,1061,134.6,5.0
Koyeb,1062,131.9,5.0
Koyeb,1063,135.9,5.0
Koyeb,1064,141.0,5.0
Koyeb,1065,132.7,5.0
Koyeb,1066,139.2,5.0
Koyeb,1067,140.4,5.0
Koyeb,1068,136.1,5.0
Koyeb,1069,133.3,5.0
Koyeb,1070,144.1,5.0
Koyeb,1071,139.6,5.0
Koyeb,1072,134.0,5.0
Koyeb,1073,141.6,5.0
Koyeb,1074,144.6,5.0
Koyeb,1075,131.7,5.0
Koyeb,1076,141.6,5.0
Koyeb,1077,140.0,5.0
Koyeb,1078,132.5,5.0
Koyeb,1079,139.1,5.0
Koyeb,1080,133.7,5.0
Koyeb,1081,133.6,5.0
Koyeb,1082,137.2,5.0
Koyeb,1083,135.8,5.0
Koyeb,1084,136.2,5.0
Koyeb,1085,134.2,5.0
Koyeb,1086,134.0,5.0
Koyeb,1087,138.7,5.0
Koyeb,1088,132.3,5.0
Koyeb,1089,137.3,5.0
Koyeb,1090,132.0,5.0
Koyeb,1091,134.5,5.0
Koyeb,1092,138.9,5.0
Koyeb,1093,135.7,5.0
Koyeb,1094,136.3,5.0
Koyeb,1095,144.0,5.0
Koyeb,1096,140.8,5.0
Koyeb,1097,142.3,5.0
Koyeb,1098,144.4,5.0
Koyeb,1099,145.3,5.0
Koyeb,1100,146.3,5.0
Koyeb,1101,145.7,5.0
Koyeb,1102,143.9,5.0
Koyeb,1103,150.3,5.0
Koyeb,1104,143.6,5.0
Koyeb,1105,147.1,5.0
Koyeb,1106,138.9,5.0
Koyeb,1107,136.3,5.0
Koyeb,1108,152.2,5.0
Koyeb,1109,138.8,5.0
Koyeb,1110,139.4,5.0
Koyeb,1111,151.0,5.0
Koyeb,1112,137.2,5.0
Koyeb,1113,136.7,5.0
Koyeb,1114,144.5,5.0
Koyeb,1115,137.7,5.0
Koyeb,1116,140.2,5.0
Koyeb,1117,139.0,5.0
Koyeb,1118,146.2,5.0
Koyeb,1119,137.6,5.0
Koyeb,1120,139.9,5.0
Koyeb,1121,159.2,5.0
Koyeb,1122,137.2,5.0
Koyeb,1123,137.9,5.0
Koyeb,1124,141.0,5.0
Koyeb,1125,139.7,5.0
Koyeb,1126,134.2,5.0
Koyeb,1127,137.1,5.0
Koyeb,1128,142.7,5.0
Koyeb,1129,149.8,5.0
Koyeb,1130,145.4,5.0
Koyeb,1131,135.0,5.0
Koyeb,1132,136.5,5.0
Koyeb,1133,144.4,5.0
Koyeb,1134,141.4,5.0
Koyeb,1135,135.8,5.0
Koyeb,1136,137.1,5.0
Koyeb,1137,138.0,5.0
Koyeb,1138,133.4,5.0
Koyeb,1139,140.3,5.0
Koyeb,1140,133.1,5.0
Koyeb,1141,131.1,5.0
Koyeb,1142,135.7,5.0
Koyeb,1143,133.2,5.0
Koyeb,1144,137.0,5.0
Koyeb,1145,144.0,5.0
Koyeb,1146,137.6,5.0
Koyeb,1147,131.6,5.0
Koyeb,1148,143.1,5.0
Koyeb,1149,133.2,5.0
Koyeb,1150,135.4,5.0
Koyeb,1151,136.9,5.0
Koyeb,1152,134.9,5.0
Koyeb,1153,145.9,5.0
Koyeb,1154,138.9,5.0
Koyeb,1155,136.8,5.0
Koyeb,1156,141.7,5.0
Koyeb,1157,138.3,5.0
Koyeb,1158,134.6,5.0
Koyeb,1159,146.0,5.0
Koyeb,1160,132.9,5.0
Koyeb,1161,135.0,5.0
Koyeb,1162,133.3,5.0
Koyeb,1163,131.2,5.0
Koyeb,1164,133.9,5.0
Koyeb,1165,134.8,5.0
Koyeb,1166,135.1,5.0
Koyeb,1167,140.2,5.0
Koyeb,1168,132.5,5.0
Koyeb,1169,140.8,5.0
Koyeb,1170,160.1,5.0
Koyeb,1171,133.6,5.0
Koyeb,1172,135.9,5.0
Koyeb,1173,132.8,5.0
Koyeb,1174,137.3,5.0
Koyeb,1175,137.4,5.0
Koyeb,1176,140.2,5.0
Koyeb,1177,146.4,5.0
Koyeb,1178,137.2,5.0
Koyeb,1179,134.4,5.0
Koyeb,1180,136.0,5.0
Koyeb,1181,140.2,5.0
Koyeb,1182,144.9,5.0
Koyeb,1183,143.8,5.0
Koyeb,1184,146.6,5.0
Koyeb,1185,141.3,5.0
Koyeb,1186,154.6,5.0
Koyeb,1187,136.8,5.0
Koyeb,1188,134.7,5.0
Koyeb,1189,135.2,5.0
Koyeb,1190,146.5,5.0
Koyeb,1191,138.2,5.0
Koyeb,1192,145.8,5.0
Koyeb,1193,135.9,5.0
Koyeb,1194,141.0,5.0
Koyeb,1195,139.1,5.0
Koyeb,1196,133.5,5.0
Koyeb,1197,130.6,5.0
Koyeb,1198,147.3,5.0
Koyeb,1199,143.1,5.0
Koyeb,1200,138.6,5.0
Koyeb,1201,146.9,5.0
Koyeb,1202,134.1,5.0
Koyeb,1203,130.0,5.0
Koyeb,1204,141.2,5.0
Koyeb,1205,132.7,5.0
Koyeb,1206,137.3,5.0
Koyeb,1207,137.6,5.0
Koyeb,1208,138.6,5.0
Koyeb,1209,137.2,5.0
Koyeb,1210,132.6,5.0
Koyeb,1211,139.6,5.0
Koyeb,1212,140.7,5.0
Koyeb,1213,142.9,5.0
Koyeb,1214,138.6,5.0
Koyeb,1215,144.0,5.0
Koyeb,1216,138.7,5.0
Koyeb,1217,155.1,5.0
Koyeb,1218,134.8,5.0
Koyeb,1219,156.6,5.0
Koyeb,1220,135.4,5.0
Koyeb,1221,138.4,5.0
Koyeb,1222,134.1,5.0
Koyeb,1223,154.4,5.0
Koyeb,1224,135.9,5.0
Koyeb,1225,145.1,5.0
Koyeb,1226,138.8,5.0
Koyeb,1227,136.8,5.0
Koyeb,1228,142.5,5.0
Koyeb,1229,140.9,5.0
Koyeb,1230,133.7,5.0
Koyeb,1231,145.3,5.0
Koyeb,1232,140.5,5.0
Koyeb,1233,139.7,5.0
Koyeb,1234,144.9,5.0
Koyeb,1235,138.3,5.0
Koyeb,1236,129.9,5.0
Koyeb,1237,136.6,5.0
Koyeb,1238,138.0,5.0
Koyeb,1239,139.0,5.0
Koyeb,1240,140.2,5.0
Koyeb,1241,139.2,5.0
Koyeb,1242,139.0,5.0
Koyeb,1243,135.4,5.0
Koyeb,1244,138.2,5.0
Koyeb,1245,142.5,5.0
Koyeb,1246,131.8,5.0
Koyeb,1247,136.8,5.0
Koyeb,1248,144.8,5.0
Koyeb,1249,139.8,5.0
Koyeb,1250,135.8,5.0
Koyeb,1251,130.7,5.0
Koyeb,1252,131.7,5.0
Koyeb,1253,134.8,5.0
Koyeb,1254,139.0,5.0
Koyeb,1255,131.0,5.0
Koyeb,1256,132.4,5.0
Koyeb,1257,139.8,5.0
Koyeb,1258,135.5,5.0
Koyeb,1259,133.2,5.0
Koyeb,1260,133.3,5.0
Koyeb,1261,135.1,5.0
Koyeb,1262,131.9,5.0
Koyeb,1263,132.9,5.0
Koyeb,1264,138.6,5.0
Koyeb,1265,136.7,5.0
Koyeb,1266,138.1,5.0
Koyeb,1267,148.9,5.0
Koyeb,1268,135.6,5.0
Koyeb,1269,144.3,5.0
Koyeb,1270,143.6,5.0
Koyeb,1271,138.3,5.0
Koyeb,1272,137.0,5.0
Koyeb,1273,154.8,5.0
Koyeb,1274,147.2,5.0
Koyeb,1275,147.5,5.0
Koyeb,1276,143.5,5.0
Koyeb,1277,142.3,5.0
Koyeb,1278,135.5,5.0
Koyeb,1279,140.4,5.0
Koyeb,1280,134.8,5.0
Koyeb,1281,137.2,5.0
Koyeb,1282,135.0,5.0
Koyeb,1283,138.8,5.0
Koyeb,1284,134.7,5.0
Koyeb,1285,142.5,5.0
Koyeb,1286,133.1,5.0
Koyeb,1287,132.4,5.0
Koyeb,1288,130.6,5.0
Koyeb,1289,138.0,5.0
Koyeb,1290,143.1,5.0
Koyeb,1291,142.8,5.0
Koyeb,1292,134.5,5.0
Koyeb,1293,146.3,5.0
Koyeb,1294,136.0,5.0
Koyeb,1295,131.5,5.0
Koyeb,1296,145.1,5.0
Koyeb,1297,132.4,5.0
Koyeb,1298,136.4,5.0
Koyeb,1299,137.0,5.0
Koyeb,1300,135.3,5.0
Koyeb,1301,140.2,5.0
Koyeb,1302,134.2,5.0
Koyeb,1303,153.2,5.0
Koyeb,1304,139.9,5.0
Koyeb,1305,137.6,5.0
Koyeb,1306,139.2,5.0
Koyeb,1307,149.3,5.0
Koyeb,1308,133.7,5.0
Koyeb,1309,139.6,5.0
Koyeb,1310,147.9,5.0
Koyeb,1311,135.3,5.0
Koyeb,1312,137.6,5.0
Koyeb,1313,134.9,5.0
Koyeb,1314,137.6,5.0
Koyeb,1315,135.4,5.0
Koyeb,1316,144.2,5.0
Koyeb,1317,135.9,5.0
Koyeb,1318,135.6,5.0
Koyeb,1319,149.6,5.0
Koyeb,1320,144.3,5.0
Koyeb,1321,148.2,5.0
Koyeb,1322,151.2,5.0
Koyeb,1323,132.9,5.0
Koyeb,1324,146.1,5.0
Koyeb,1325,143.3,5.0
Koyeb,1326,135.5,5.0
Koyeb,1327,149.1,5.0
Koyeb,1328,142.4,5.0
Koyeb,1329,136.5,5.0
Koyeb,1330,136.8,5.0
Koyeb,1331,133.7,5.0
Koyeb,1332,151.3,5.0
Koyeb,1333,134.2,5.0
Koyeb,1334,143.6,5.0
Koyeb,1335,135.1,5.0
Koyeb,1336,136.0,5.0
Koyeb,1337,137.3,5.0
Koyeb,1338,133.6,5.0
Koyeb,1339,138.1,5.0
Koyeb,1340,144.0,5.0
Koyeb,1341,136.5,5.0
Koyeb,1342,132.6,5.0
Koyeb,1343,145.6,5.0
Koyeb,1344,131.2,5.0
Koyeb,1345,135.3,5.0
Koyeb,1346,135.9,5.0
Koyeb,1347,136.3,5.0
Koyeb,1348,155.6,5.0
Koyeb,1349,137.7,5.0
Koyeb,1350,147.0,5.0
Koyeb,1351,137.2,5.0
Koyeb,1352,139.5,5.0
Koyeb,1353,132.5,5.0
Koyeb,1354,136.0,5.0
Koyeb,1355,139.0,5.0
Koyeb,1356,140.2,5.0
Koyeb,1357,141.3,5.0
Koyeb,1358,135.0,5.0
Koyeb,1359,135.6,5.0
Koyeb,1360,127.5,5.0
Koyeb,1361,132.0,5.0
Koyeb,1362,129.8,5.0
Koyeb,1363,147.3,5.0
Koyeb,1364,148.4,5.0
Koyeb,1365,142.3,5.0
Koyeb,1366,135.4,5.0
Koyeb,1367,152.8,5.0
Koyeb,1368,144.2,5.0
Koyeb,1369,141.5,5.0
Koyeb,1370,138.5,5.0
Koyeb,1371,146.5,5.0
Koyeb,1372,138.9,5.0
Koyeb,1373,142.1,5.0
Koyeb,1374,132.3,5.0
Koyeb,1375,136.8,5.0
Koyeb,1376,134.0,5.0
Koyeb,1377,130.0,5.0
Koyeb,1378,142.4,5.0
Koyeb,1379,146.3,5.0
Koyeb,1380,146.6,5.0
Koyeb,1381,141.8,5.0
Koyeb,1382,153.5,5.0
Koyeb,1383,131.4,5.0
Koyeb,1384,133.2,5.0
Koyeb,1385,138.1,5.0
Koyeb,1386,131.0,5.0
Koyeb,1387,143.8,5.0
Koyeb,1388,134.4,5.0
Koyeb,1389,138.3,5.0
Koyeb,1390,138.2,5.0
Koyeb,1391,129.6,5.0
Koyeb,1392,135.5,5.0
Koyeb,1393,127.0,5.0
Koyeb,1394,136.8,5.0
Koyeb,1395,147.3,5.0
Koyeb,1396,143.7,5.0
Koyeb,1397,145.8,5.0
Koyeb,1398,140.0,5.0
Koyeb,1399,143.0,5.0
Koyeb,1400,130.1,5.0
Koyeb,1401,132.4,5.0
Koyeb,1402,134.1,5.0
Koyeb,1403,141.1,5.0
Koyeb,1404,132.2,5.0
Koyeb,1405,146.2,5.0
Koyeb,1406,138.3,5.0
Koyeb,1407,138.3,5.0
Koyeb,1408,134.6,5.0
Koyeb,1409,142.5,5.0
Koyeb,1410,135.4,5.0
Koyeb,1411,137.2,5.0
Koyeb,1412,133.1,5.0
Koyeb,1413,134.3,5.0
Koyeb,1414,131.4,5.0
Koyeb,1415,135.2,5.0
Koyeb,1416,143.5,5.0
Koyeb,1417,133.1,5.0
Koyeb,1418,136.3,5.0
Koyeb,1419,128.5,5.0
Koyeb,1420,132.7,5.0
Koyeb,1421,135.1,5.0
Koyeb,1422,136.8,5.0
Koyeb,1423,132.0,5.0
Koyeb,1424,137.5,5.0
Koyeb,1425,138.3,5.0
Koyeb,1426,141.8,5.0
Koyeb,1427,136.9,5.0
Koyeb,1428,138.5,5.0
Koyeb,1429,140.6,5.0
Koyeb,1430,145.1,5.0
Koyeb,1431,132.5,5.0
Koyeb,1432,135.7,5.0
Koyeb,1433,131.2,5.0
Koyeb,1434,133.3,5.0
Koyeb,1435,129.4,5.0
Koyeb,1436,133.1,5.0
Koyeb,1437,136.9,5.0
Koyeb,1438,132.6,5.0
Koyeb,1439,134.8,5.0
Koyeb,1440,139.3,5.0
Koyeb,1441,134.0,5.0
Koyeb,1442,136.1,5.0
Koyeb,1443,143.2,5.0
Koyeb,1444,140.7,5.0
Koyeb,1445,140.8,5.0
Koyeb,1446,141.7,5.0
Koyeb,1447,135.1,5.0
Koyeb,1448,131.3,5.0
Koyeb,1449,139.1,5.0
Koyeb,1450,136.7,5.0
Koyeb,1451,138.3,5.0
Koyeb,1452,138.5,5.0
Koyeb,1453,138.2,5.0
Koyeb,1454,140.0,5.0
Koyeb,1455,141.7,5.0
Koyeb,1456,138.7,5.0
Koyeb,1457,137.4,5.0
Koyeb,1458,138.2,5.0
Koyeb,1459,145.0,5.0
Koyeb,1460,133.8,5.0
Koyeb,1461,133.5,5.0
Koyeb,1462,135.8,5.0
Koyeb,1463,135.3,5.0
Koyeb,1464,127.1,5.0
Koyeb,1465,141.6,5.0
Koyeb,1466,135.6,5.0
Koyeb,1467,131.2,5.0
Koyeb,1468,144.4,5.0
Koyeb,1469,137.9,5.0
Koyeb,1470,134.5,5.0
Koyeb,1471,131.4,5.0
Koyeb,1472,145.9,5.0
Koyeb,1473,138.1,5.0
Koyeb,1474,132.3,5.0
Koyeb,1475,139.5,5.0
Koyeb,1476,141.0,5.0
Koyeb,1477,132.8,5.0
Koyeb,1478,139.2,5.0
Koyeb,1479,131.8,5.0
Koyeb,1480,139.4,5.0
Koyeb,1481,135.6,5.0
Koyeb,1482,130.5,5.0
Koyeb,1483,135.6,5.0
Koyeb,1484,136.9,5.0
Koyeb,1485,130.2,5.0
Koyeb,1486,135.1,5.0
Koyeb,1487,138.6,5.0
Koyeb,1488,134.5,5.0
Koyeb,1489,138.4,5.0
Koyeb,1490,141.3,5.0
Koyeb,1491,139.7,5.0
Koyeb,1492,132.9,5.0
Koyeb,1493,139.3,5.0
Koyeb,1494,128.6,5.0
Koyeb,1495,136.0,5.0
Koyeb,1496,144.1,5.0
Koyeb,1497,131.9,5.0
Koyeb,1498,137.2,5.0
Koyeb,1499,139.6,5.0
Koyeb,1500,129.7,5.0
Koyeb,1501,132.7,5.0
Koyeb,1502,140.6,5.0
Koyeb,1503,133.8,5.0
Koyeb,1504,134.4,5.0
Koyeb,1505,138.6,5.0
Koyeb,1506,136.9,5.0
Koyeb,1507,136.9,5.0
Koyeb,1508,138.5,5.0
Koyeb,1509,129.7,5.0
Koyeb,1510,133.3,5.0
Koyeb,1511,147.8,5.0
Koyeb,1512,132.1,5.0
Koyeb,1513,132.8,5.0
Koyeb,1514,140.3,5.0
Koyeb,1515,133.6,5.0
Koyeb,1516,137.9,5.0
Koyeb,1517,127.6,5.0
Koyeb,1518,128.8,5.0
Koyeb,1519,136.6,5.0
Koyeb,1520,132.1,5.0
Koyeb,1521,138.6,5.0
Koyeb,1522,133.2,5.0
Koyeb,1523,138.0,5.0
Koyeb,1524,136.1,5.0
Koyeb,1525,140.0,5.0
Koyeb,1526,142.2,5.0
Koyeb,1527,150.7,5.0
Koyeb,1528,144.0,5.0
Koyeb,1529,180.0,5.0
Koyeb,1530,137.9,5.0
Koyeb,1531,133.8,5.0
Koyeb,1532,141.1,5.0
Koyeb,1533,133.5,5.0
Koyeb,1534,130.7,5.0
Koyeb,1535,130.9,5.0
Koyeb,1536,139.0,5.0
Koyeb,1537,140.7,5.0
Koyeb,1538,140.5,5.0
Koyeb,1539,137.9,5.0
Koyeb,1540,132.0,5.0
Koyeb,1541,128.9,5.0
Koyeb,1542,126.2,5.0
Koyeb,1543,136.2,5.0
Koyeb,1544,139.1,5.0
Koyeb,1545,138.8,5.0
Koyeb,1546,133.8,5.0
Koyeb,1547,136.9,5.0
Koyeb,1548,134.0,5.0
Koyeb,1549,142.1,5.0
Koyeb,1550,136.0,5.0
Koyeb,1551,136.0,5.0
Koyeb,1552,133.8,5.0
Koyeb,1553,134.9,5.0
Koyeb,1554,140.4,5.0
Koyeb,1555,134.1,5.0
Koyeb,1556,136.2,5.0
Koyeb,1557,133.7,5.0
Koyeb,1558,132.6,5.0
Koyeb,1559,132.3,5.0
Koyeb,1560,131.7,5.0
Koyeb,1561,138.8,5.0
Koyeb,1562,128.5,5.0
Koyeb,1563,131.6,5.0
Koyeb,1564,133.2,5.0
Koyeb,1565,135.8,5.0
Koyeb,1566,134.2,5.0
Koyeb,1567,131.3,5.0
Koyeb,1568,137.8,5.0
Koyeb,1569,147.5,5.0
Koyeb,1570,132.7,5.0
Koyeb,1571,131.3,5.0
Koyeb,1572,132.6,5.0
Koyeb,1573,131.1,5.0
Koyeb,1574,135.0,5.0
Koyeb,1575,141.4,5.0
Koyeb,1576,144.5,5.0
Koyeb,1577,135.2,5.0
Koyeb,1578,135.8,5.0
Koyeb,1579,138.4,5.0
Koyeb,1580,134.1,5.0
Koyeb,1581,135.8,5.0
Koyeb,1582,141.0,5.0
Koyeb,1583,143.1,5.0
Koyeb,1584,138.8,5.0
Koyeb,1585,136.7,5.0
Koyeb,1586,138.0,5.0
Koyeb,1587,144.2,5.0
Koyeb,1588,131.9,5.0
Koyeb,1589,134.9,5.0
Koyeb,1590,138.5,5.0
Koyeb,1591,137.9,5.0
Koyeb,1592,136.9,5.0
Koyeb,1593,133.5,5.0
Koyeb,1594,127.9,5.0
Koyeb,1595,132.3,5.0
Koyeb,1596,134.1,5.0
Koyeb,1597,137.1,5.0
Koyeb,1598,135.0,5.0
Koyeb,1599,132.5,5.0
Koyeb,1600,137.3,5.0
Koyeb,1601,133.7,5.0
Koyeb,1602,135.6,5.0
Koyeb,1603,138.1,5.0
Koyeb,1604,145.1,5.0
Koyeb,1605,129.8,5.0
Koyeb,1606,134.1,5.0
Koyeb,1607,148.9,5.0
Koyeb,1608,140.6,5.0
Koyeb,1609,134.0,5.0
Koyeb,1610,138.9,5.0
Koyeb,1611,133.8,5.0
Koyeb,1612,136.1,5.0
Koyeb,1613,133.7,5.0
Koyeb,1614,131.9,5.0
Koyeb,1615,150.6,5.0
Koyeb,1616,136.4,5.0
Koyeb,1617,131.9,5.0
Koyeb,1618,137.1,5.0
Koyeb,1619,138.3,5.0
Koyeb,1620,139.9,5.0
Koyeb,1621,140.5,5.0
Koyeb,1622,129.5,5.0
Koyeb,1623,131.5,5.0
Koyeb,1624,136.3,5.0
Koyeb,1625,135.9,5.0
Koyeb,1626,127.1,5.0
Koyeb,1627,130.0,5.0
Koyeb,1628,131.1,5.0
Koyeb,1629,136.0,5.0
Koyeb,1630,138.0,5.0
Koyeb,1631,142.0,5.0
Koyeb,1632,134.3,5.0
Koyeb,1633,138.2,5.0
Koyeb,1634,142.1,5.0
Koyeb,1635,133.5,5.0
Koyeb,1636,139.7,5.0
Koyeb,1637,134.4,5.0
Koyeb,1638,134.2,5.0
Koyeb,1639,134.3,5.0
Koyeb,1640,133.7,5.0
Koyeb,1641,134.0,5.0
Koyeb,1642,131.0,5.0
Koyeb,1643,128.6,5.0
Koyeb,1644,136.1,5.0
Koyeb,1645,126.5,5.0
Koyeb,1646,136.2,5.0
Koyeb,1647,141.8,5.0
Koyeb,1648,133.6,5.0
Koyeb,1649,138.3,5.0
Koyeb,1650,142.8,5.0
Koyeb,1651,140.4,5.0
Koyeb,1652,142.2,5.0
Koyeb,1653,129.9,5.0
Koyeb,1654,136.4,5.0
Koyeb,1655,143.4,5.0
Koyeb,1656,132.2,5.0
Koyeb,1657,131.0,5.0
Koyeb,1658,134.7,5.0
Koyeb,1659,130.8,5.0
Koyeb,1660,132.2,5.0
Koyeb,1661,135.1,5.0
Koyeb,1662,136.1,5.0
Koyeb,1663,138.9,5.0
Koyeb,1664,134.7,5.0
Koyeb,1665,135.7,5.0
Koyeb,1666,144.2,5.0
Koyeb,1667,138.4,5.0
Koyeb,1668,137.0,5.0
Koyeb,1669,136.5,5.0
Koyeb,1670,133.2,5.0
Koyeb,1671,128.5,5.0
Koyeb,1672,134.9,5.0
Koyeb,1673,131.6,5.0
Koyeb,1674,129.3,5.0
Koyeb,1675,136.4,5.0
Koyeb,1676,135.3,5.0
Koyeb,1677,134.8,5.0
Koyeb,1678,136.9,5.0
Koyeb,1679,137.6,5.0
Koyeb,1680,137.1,5.0
Koyeb,1681,142.4,5.0
Koyeb,1682,140.6,5.0
Koyeb,1683,130.4,5.0
Koyeb,1684,133.2,5.0
Koyeb,1685,127.5,5.0
Koyeb,1686,135.8,5.0
Koyeb,1687,148.3,5.0
Koyeb,1688,138.1,5.0
Koyeb,1689,134.8,5.0
Koyeb,1690,134.7,5.0
Koyeb,1691,137.3,5.0
Koyeb,1692,136.6,5.0
Koyeb,1693,140.9,5.0
Koyeb,1694,137.1,5.0
Koyeb,1695,131.5,5.0
Koyeb,1696,131.5,5.0
Koyeb,1697,135.5,5.0
Koyeb,1698,138.1,5.0
Koyeb,1699,129.0,5.0
Koyeb,1700,132.9,5.0
Koyeb,1701,145.4,5.0
Koyeb,1702,131.0,5.0
Koyeb,1703,136.8,5.0
Koyeb,1704,133.2,5.0
Koyeb,1705,132.6,5.0
Koyeb,1706,136.6,5.0
Koyeb,1707,135.1,5.0
Koyeb,1708,133.7,5.0
Koyeb,1709,132.4,5.0
Koyeb,1710,142.9,5.0
Koyeb,1711,128.9,5.0
Koyeb,1712,134.3,5.0
Koyeb,1713,135.1,5.0
Koyeb,1714,131.6,5.0
Koyeb,1715,135.6,5.0
Koyeb,1716,135.4,5.0
Koyeb,1717,136.5,5.0
Koyeb,1718,135.0,5.0
Koyeb,1719,134.5,5.0
Koyeb,1720,131.3,5.0
Koyeb,1721,133.4,5.0
Koyeb,1722,135.7,5.0
Koyeb,1723,134.9,5.0
Koyeb,1724,130.3,5.0
Koyeb,1725,136.9,5.0
Koyeb,1726,140.9,5.0
Koyeb,1727,134.4,5.0
Koyeb,1728,138.1,5.0
Koyeb,1729,142.8,5.0
Koyeb,1730,145.1,5.0
Koyeb,1731,130.1,5.0
Koyeb,1732,136.8,5.0
Koyeb,1733,136.3,5.0
Koyeb,1734,139.3,5.0
Koyeb,1735,137.1,5.0
Koyeb,1736,131.7,5.0
Koyeb,1737,135.8,5.0
Koyeb,1738,134.3,5.0
Koyeb,1739,136.0,5.0
Koyeb,1740,136.5,5.0
Koyeb,1741,134.9,5.0
Koyeb,1742,133.0,5.0
Koyeb,1743,141.4,5.0
Koyeb,1744,132.4,5.0
Koyeb,1745,142.4,5.0
Koyeb,1746,134.1,5.0
Koyeb,1747,138.4,5.0
Koyeb,1748,134.2,5.0
Koyeb,1749,134.6,5.0
Koyeb,1750,135.2,5.0
Koyeb,1751,133.6,5.0
Koyeb,1752,132.8,5.0
Koyeb,1753,141.3,5.0
Koyeb,1754,143.6,5.0
Koyeb,1755,145.7,5.0
Koyeb,1756,131.1,5.0
Koyeb,1757,141.3,5.0
Koyeb,1758,141.4,5.0
Koyeb,1759,133.9,5.0
Koyeb,1760,135.9,5.0
Koyeb,1761,140.0,5.0
Koyeb,1762,132.7,5.0
Koyeb,1763,130.5,5.0
Koyeb,1764,135.0,5.0
Koyeb,1765,132.7,5.0
Koyeb,1766,137.8,5.0
Koyeb,1767,128.6,5.0
Koyeb,1768,132.6,5.0
Koyeb,1769,148.4,5.0
Koyeb,1770,133.3,5.0
Koyeb,1771,140.2,5.0
Koyeb,1772,143.6,5.0
Koyeb,1773,134.7,5.0
Koyeb,1774,134.3,5.0
Koyeb,1775,132.9,5.0
Koyeb,1776,130.9,5.0
Koyeb,1777,135.2,5.0
Koyeb,1778,143.4,5.0
Koyeb,1779,131.7,5.0
Koyeb,1780,133.3,5.0
Koyeb,1781,133.4,5.0
Koyeb,1782,131.4,5.0
Koyeb,1783,139.7,5.0
Koyeb,1784,139.6,5.0
Koyeb,1785,135.6,5.0
Koyeb,1786,152.3,5.0
Koyeb,1787,141.7,5.0
Koyeb,1788,133.8,5.0
Koyeb,1789,134.6,5.0
Koyeb,1790,139.6,5.0
Koyeb,1791,133.0,5.0
Koyeb,1792,134.8,5.0
Koyeb,1793,137.0,5.0
Koyeb,1794,135.0,5.0
Koyeb,1795,140.3,5.0
Koyeb,1796,129.5,5.0
Koyeb,1797,132.3,5.0
Koyeb,1798,130.5,5.0
Koyeb,1799,131.7,5.0
Koyeb,1800,122.4,1.0
Fly.io,0,160.6,3.0
Fly.io,1,144.9,5.0
Fly.io,2,141.8,5.0
Fly.io,3,159.1,5.0
Fly.io,4,147.4,5.0
Fly.io,5,196.8,6.0
Fly.io,6,145.5,5.5
Fly.io,7,148.0,5.0
Fly.io,8,143.1,5.0
Fly.io,9,163.5,5.0
Fly.io,10,147.5,5.0
Fly.io,11,149.6,5.0
Fly.io,12,154.9,5.0
Fly.io,13,156.0,5.0
Fly.io,14,146.9,5.0
Fly.io,15,156.7,5.0
Fly.io,16,162.8,5.0
Fly.io,17,175.7,5.0
Fly.io,18,173.7,5.0
Fly.io,19,150.8,5.0
Fly.io,20,149.5,5.0
Fly.io,21,154.5,5.0
Fly.io,22,146.1,5.0
Fly.io,23,155.3,5.0
Fly.io,24,151.1,5.0
Fly.io,25,147.6,5.0
Fly.io,26,142.9,5.0
Fly.io,27,149.6,5.0
Fly.io,28,156.9,5.0
Fly.io,29,150.6,5.0
Fly.io,30,155.9,5.0
Fly.io,31,137.8,5.0
Fly.io,32,144.2,5.0
Fly.io,33,154.0,5.0
Fly.io,34,171.5,5.0
Fly.io,35,147.4,5.0
Fly.io,36,151.7,5.0
Fly.io,37,154.9,5.0
Fly.io,38,139.4,5.0
Fly.io,39,154.1,5.0
Fly.io,40,165.3,5.0
Fly.io,41,158.4,5.0
Fly.io,42,147.7,5.0
Fly.io,43,145.6,5.0
Fly.io,44,144.2,5.0
Fly.io,45,151.9,5.0
Fly.io,46,161.5,5.0
Fly.io,47,145.8,5.0
Fly.io,48,169.4,5.0
Fly.io,49,140.2,5.0
Fly.io,50,190.8,5.0
Fly.io,51,156.4,5.0
Fly.io,52,162.8,5.0
Fly.io,53,170.7,5.0
Fly.io,54,157.9,5.0
Fly.io,55,153.7,5.0
Fly.io,56,153.1,5.0
Fly.io,57,163.7,5.0
Fly.io,58,144.5,5.0
Fly.io,59,164.5,5.0
Fly.io,60,156.8,5.0
Fly.io,61,150.1,5.0
Fly.io,62,143.3,5.0
Fly.io,63,148.0,5.0
Fly.io,64,154.8,5.0
Fly.io,65,156.8,5.0
Fly.io,66,167.4,5.0
Fly.io,67,155.6,5.0
Fly.io,68,140.6,5.0
Fly.io,69,224.1,5.0
Fly.io,70,155.4,5.0
Fly.io,71,162.2,5.0
Fly.io,72,159.1,5.0
Fly.io,73,141.8,5.0
Fly.io,74,144.1,5.0
Fly.io,75,158.5,5.0
Fly.io,76,162.6,5.0
Fly.io,77,158.3,5.0
Fly.io,78,151.4,5.0
Fly.io,79,158.9,5.0
Fly.io,80,140.6,5.0
Fly.io,81,202.4,5.0
Fly.io,82,156.7,5.0
Fly.io,83,162.2,5.0
Fly.io,84,146.0,5.0
Fly.io,85,157.0,5.0
Fly.io,86,148.2,5.0
Fly.io,87,152.9,5.0
Fly.io,88,156.9,5.0
Fly.io,89,157.2,5.0
Fly.io,90,157.0,5.0
Fly.io,91,155.2,5.0
Fly.io,92,141.7,5.0
Fly.io,93,151.9,5.0
Fly.io,94,155.7,5.0
Fly.io,95,160.0,5.0
Fly.io,96,152.0,5.0
Fly.io,97,157.9,5.0
Fly.io,98,152.0,5.0
Fly.io,99,164.5,5.0
Fly.io,100,148.5,5.0
Fly.io,101,153.8,5.0
Fly.io,102,161.0,5.0
Fly.io,103,162.9,5.0
Fly.io,104,154.3,5.0
Fly.io,105,140.2,5.0
Fly.io,106,161.8,5.0
Fly.io,107,156.1,5.0
Fly.io,108,152.6,5.0
Fly.io,109,142.4,5.0
Fly.io,110,137.6,5.0
Fly.io,111,158.1,5.0
Fly.io,112,164.9,5.0
Fly.io,113,154.2,5.0
Fly.io,114,153.5,5.0
Fly.io,115,150.8,5.0
Fly.io,116,147.9,5.0
Fly.io,117,150.6,5.0
Fly.io,118,222.1,5.0
Fly.io,119,264.1,5.0
Fly.io,120,173.6,5.0
Fly.io,121,158.7,5.0
Fly.io,122,164.1,5.0
Fly.io,123,147.9,5.0
Fly.io,124,146.1,5.0
Fly.io,125,208.7,5.0
Fly.io,126,185.4,5.0
Fly.io,127,157.7,5.0
Fly.io,128,158.2,5.0
Fly.io,129,153.0,5.0
Fly.io,130,165.4,5.0
Fly.io,131,187.9,5.0
Fly.io,132,146.1,5.0
Fly.io,133,164.9,5.0
Fly.io,134,150.9,5.0
Fly.io,135,141.1,5.0
Fly.io,136,159.9,5.0
Fly.io,137,218.6,5.0
Fly.io,138,220.3,5.0
Fly.io,139,157.6,5.0
Fly.io,140,137.9,5.0
Fly.io,141,155.6,5.0
Fly.io,142,150.0,5.0
Fly.io,143,254.8,5.0
Fly.io,144,151.2,5.0
Fly.io,145,154.3,5.0
Fly.io,146,140.2,5.0
Fly.io,147,153.5,5.0
Fly.io,148,161.8,5.0
Fly.io,149,187.2,5.0
Fly.io,150,192.9,5.0
Fly.io,151,217.7,5.0
Fly.io,152,139.9,5.0
Fly.io,153,157.9,5.0
Fly.io,154,161.9,5.0
Fly.io,155,179.8,5.0
Fly.io,156,239.3,5.0
Fly.io,157,154.0,5.0
Fly.io,158,143.3,5.0
Fly.io,159,154.4,5.0
Fly.io,160,159.1,5.0
Fly.io,161,157.1,5.0
Fly.io,162,268.9,5.0
Fly.io,163,158.3,5.0
Fly.io,164,150.6,5.0
Fly.io,165,151.9,5.0
Fly.io,166,160.1,5.0
Fly.io,167,155.0,5.0
Fly.io,168,207.1,5.0
Fly.io,169,161.5,5.0
Fly.io,170,154.0,5.0
Fly.io,171,147.6,5.0
Fly.io,172,144.9,5.0
Fly.io,173,146.2,5.0
Fly.io,174,228.5,5.0
Fly.io,175,171.4,5.0
Fly.io,176,143.9,5.0
Fly.io,177,150.4,5.0
Fly.io,178,148.1,5.0
Fly.io,179,146.6,5.0
Fly.io,180,236.0,5.0
Fly.io,181,158.0,5.0
Fly.io,182,141.6,5.0
Fly.io,183,145.4,5.0
Fly.io,184,155.8,5.0
Fly.io,185,204.1,5.0
Fly.io,186,188.1,5.0
Fly.io,187,161.6,5.0
Fly.io,188,181.6,5.0
Fly.io,189,144.5,5.0
Fly.io,190,148.9,5.0
Fly.io,191,160.0,5.0
Fly.io,192,153.5,5.0
Fly.io,193,158.3,5.0
Fly.io,194,150.6,5.0
Fly.io,195,148.9,5.0
Fly.io,196,166.3,5.0
Fly.io,197,144.8,5.0
Fly.io,198,153.8,5.0
Fly.io,199,180.3,5.0
Fly.io,200,166.1,5.0
Fly.io,201,159.5,5.0
Fly.io,202,155.2,5.0
Fly.io,203,160.3,5.0
Fly.io,204,142.8,5.0
Fly.io,205,263.5,5.0
Fly.io,206,221.5,5.0
Fly.io,207,154.8,5.0
Fly.io,208,153.1,5.0
Fly.io,209,165.1,5.0
Fly.io,210,153.8,5.0
Fly.io,211,216.8,5.0
Fly.io,212,201.0,5.0
Fly.io,213,153.3,5.0
Fly.io,214,173.7,5.0
Fly.io,215,158.0,5.0
Fly.io,216,148.2,5.0
Fly.io,217,245.7,5.0
Fly.io,218,143.6,5.0
Fly.io,219,157.9,5.0
Fly.io,220,182.4,5.0
Fly.io,221,152.8,5.0
Fly.io,222,149.8,5.0
Fly.io,223,153.4,5.0
Fly.io,224,140.1,5.0
Fly.io,225,157.6,5.0
Fly.io,226,179.5,5.0
Fly.io,227,167.1,5.0
Fly.io,228,154.5,5.0
Fly.io,229,150.4,5.0
Fly.io,230,142.3,5.0
Fly.io,231,246.3,5.0
Fly.io,232,191.1,5.0
Fly.io,233,152.5,5.0
Fly.io,234,151.9,5.0
Fly.io,235,169.2,5.0
Fly.io,236,241.6,5.0
Fly.io,237,206.5,5.0
Fly.io,238,171.1,5.0
Fly.io,239,160.3,5.0
Fly.io,240,148.4,5.0
Fly.io,241,206.3,5.0
Fly.io,242,171.0,5.0
Fly.io,243,162.5,5.0
Fly.io,244,143.6,4.5
Fly.io,245,271.6,5.0
Fly.io,246,161.3,5.0
Fly.io,247,160.0,5.0
Fly.io,248,158.3,5.0
Fly.io,249,148.2,5.0
Fly.io,250,160.4,5.0
Fly.io,251,206.2,5.0
Fly.io,252,189.8,5.0
Fly.io,253,149.9,5.0
Fly.io,254,185.8,5.0
Fly.io,255,158.6,5.0
Fly.io,256,244.2,5.0
Fly.io,257,164.0,5.0
Fly.io,258,164.5,5.0
Fly.io,259,144.1,5.0
Fly.io,260,184.8,5.0
Fly.io,261,168.2,5.0
Fly.io,262,163.5,5.0
Fly.io,263,167.6,5.0
Fly.io,264,167.4,5.0
Fly.io,265,148.9,5.0
Fly.io,266,193.0,5.0
Fly.io,267,152.7,5.0
Fly.io,268,231.6,5.0
Fly.io,269,195.7,5.0
Fly.io,270,149.4,5.0
Fly.io,271,153.3,5.0
Fly.io,272,149.1,5.0
Fly.io,273,162.0,5.0
Fly.io,274,171.0,5.0
Fly.io,275,162.8,5.0
Fly.io,276,185.6,5.0
Fly.io,277,152.3,5.0
Fly.io,278,140.0,5.0
Fly.io,279,160.4,5.0
Fly.io,280,184.2,5.0
Fly.io,281,235.0,5.0
Fly.io,282,156.6,5.0
Fly.io,283,141.1,5.0
Fly.io,284,180.5,5.0
Fly.io,285,150.9,5.0
Fly.io,286,210.1,5.0
Fly.io,287,152.6,5.0
Fly.io,288,256.6,5.0
Fly.io,289,151.8,5.0
Fly.io,290,142.5,5.0
Fly.io,291,153.2,5.0
Fly.io,292,148.0,5.0
Fly.io,293,163.7,5.0
Fly.io,294,228.4,5.0
Fly.io,295,168.7,5.0
Fly.io,296,154.3,5.0
Fly.io,297,160.8,5.0
Fly.io,298,245.0,5.0
Fly.io,299,152.9,5.0
Fly.io,300,260.3,5.0
Fly.io,301,239.7,6.0
Fly.io,302,153.0,6.5
Fly.io,303,347.1,7.0
Fly.io,304,235.4,7.5
Fly.io,305,220.6,8.0
Fly.io,306,181.2,8.5
Fly.io,307,324.5,9.5
Fly.io,308,300.7,10.0
Fly.io,309,212.5,10.5
Fly.io,310,348.2,11.0
Fly.io,311,309.1,11.5
Fly.io,312,268.0,11.5
Fly.io,313,348.2,13.0
Fly.io,314,266.9,14.0
Fly.io,315,297.1,14.0
Fly.io,316,320.0,14.0
Fly.io,317,257.9,15.0
Fly.io,318,344.2,16.0
Fly.io,319,230.3,16.5
Fly.io,320,357.0,17.0
Fly.io,321,195.9,18.0
Fly.io,322,331.1,18.0
Fly.io,323,200.6,18.0
Fly.io,324,325.5,19.5
Fly.io,325,327.6,20.0
Fly.io,326,266.1,20.5
Fly.io,327,329.5,21.0
Fly.io,328,227.7,21.5
Fly.io,329,209.7,22.0
Fly.io,330,309.4,23.0
Fly.io,331,322.0,24.0
Fly.io,332,328.4,24.0
Fly.io,333,308.2,25.0
Fly.io,334,295.8,24.0
Fly.io,335,259.6,26.0
Fly.io,336,296.1,26.0
Fly.io,337,258.1,26.5
Fly.io,338,310.7,28.0
Fly.io,339,303.3,28.0
Fly.io,340,226.9,28.0
Fly.io,341,314.0,30.0
Fly.io,342,265.9,30.0
Fly.io,343,257.1,30.0
Fly.io,344,270.6,31.0
Fly.io,345,287.9,31.5
Fly.io,346,239.8,32.0
Fly.io,347,294.2,33.0
Fly.io,348,294.8,33.0
Fly.io,349,310.7,34.0
Fly.io,350,247.7,34.5
Fly.io,351,305.7,36.0
Fly.io,352,316.8,36.0
Fly.io,353,300.8,36.0
Fly.io,354,301.9,37.0
Fly.io,355,300.2,37.0
Fly.io,356,277.6,38.0
Fly.io,357,287.1,39.0
Fly.io,358,257.1,38.5
Fly.io,359,346.0,40.0
Fly.io,360,287.0,40.0
Fly.io,361,327.7,40.0
Fly.io,362,295.2,40.0
Fly.io,363,291.2,40.0
Fly.io,364,295.7,40.5
Fly.io,365,339.0,39.0
Fly.io,366,314.5,39.0
Fly.io,367,285.8,41.0
Fly.io,368,314.7,40.5
Fly.io,369,314.6,39.0
Fly.io,370,301.8,40.5
Fly.io,371,302.2,40.0
Fly.io,372,301.8,40.5
Fly.io,373,305.6,40.0
Fly.io,374,309.8,39.5
Fly.io,375,289.9,40.0
Fly.io,376,312.4,40.0
Fly.io,377,303.8,40.0
Fly.io,378,295.8,40.0
Fly.io,379,286.0,40.0
Fly.io,380,272.5,40.0
Fly.io,381,290.1,40.0
Fly.io,382,243.0,40.0
Fly.io,383,287.0,39.5
Fly.io,384,289.3,40.0
Fly.io,385,286.1,40.0
Fly.io,386,265.3,41.0
Fly.io,387,285.9,39.5
Fly.io,388,240.8,40.0
Fly.io,389,244.5,40.5
Fly.io,390,240.8,39.5
Fly.io,391,252.1,40.5
Fly.io,392,298.7,39.5
Fly.io,393,361.4,40.5
Fly.io,394,276.0,40.0
Fly.io,395,328.4,40.0
Fly.io,396,278.9,39.0
Fly.io,397,270.8,40.0
Fly.io,398,254.6,40.0
Fly.io,399,314.3,39.5
Fly.io,400,308.0,40.0
Fly.io,401,307.3,40.5
Fly.io,402,289.9,40.0
Fly.io,403,260.2,40.0
Fly.io,404,267.6,39.0
Fly.io,405,315.6,40.5
Fly.io,406,330.8,40.5
Fly.io,407,266.7,39.5
Fly.io,408,301.1,40.0
Fly.io,409,292.9,40.0
Fly.io,410,283.0,40.0
Fly.io,411,326.5,40.0
Fly.io,412,323.3,39.5
Fly.io,413,257.3,40.5
Fly.io,414,320.0,40.0
Fly.io,415,278.3,40.0
Fly.io,416,273.0,40.0
Fly.io,417,283.7,39.5
Fly.io,418,279.3,40.0
Fly.io,419,276.1,40.0
Fly.io,420,279.7,39.5
Fly.io,421,255.2,40.0
Fly.io,422,283.7,40.0
Fly.io,423,276.2,40.0
Fly.io,424,294.2,40.5
Fly.io,425,256.8,40.5
Fly.io,426,295.4,40.0
Fly.io,427,357.1,40.0
Fly.io,428,277.5,39.5
Fly.io,429,273.5,40.5
Fly.io,430,355.8,40.0
Fly.io,431,277.6,39.0
Fly.io,432,290.5,40.5
Fly.io,433,306.3,39.5
Fly.io,434,293.3,39.0
Fly.io,435,295.7,40.0
Fly.io,436,338.2,40.0
Fly.io,437,314.7,40.5
Fly.io,438,253.0,39.5
Fly.io,439,325.2,40.0
Fly.io,440,332.9,40.0
Fly.io,441,334.1,41.0
Fly.io,442,322.6,39.0
Fly.io,443,232.1,40.0
Fly.io,444,306.9,40.5
Fly.io,445,318.0,40.0
Fly.io,446,304.1,40.0
Fly.io,447,300.0,39.5
Fly.io,448,329.1,40.0
Fly.io,449,326.0,40.0
Fly.io,450,325.5,40.0
Fly.io,451,227.6,40.0
Fly.io,452,258.3,40.5
Fly.io,453,239.5,40.0
Fly.io,454,320.3,40.0
Fly.io,455,340.6,40.5
Fly.io,456,321.8,39.5
Fly.io,457,318.5,40.0
Fly.io,458,327.2,40.0
Fly.io,459,317.7,40.0
Fly.io,460,326.7,40.0
Fly.io,461,318.5,39.5
Fly.io,462,295.2,40.0
Fly.io,463,326.0,40.0
Fly.io,464,321.9,40.0
Fly.io,465,326.8,40.0
Fly.io,466,309.4,40.0
Fly.io,467,273.4,40.0
Fly.io,468,312.9,41.0
Fly.io,469,324.5,40.0
Fly.io,470,289.7,39.5
Fly.io,471,286.5,40.0
Fly.io,472,301.7,40.0
Fly.io,473,342.7,40.0
Fly.io,474,314.7,40.0
Fly.io,475,317.7,40.0
Fly.io,476,329.8,40.0
Fly.io,477,318.6,40.0
Fly.io,478,319.6,40.0
Fly.io,479,343.2,40.5
Fly.io,480,324.4,39.0
Fly.io,481,305.7,41.0
Fly.io,482,286.8,40.0
Fly.io,483,345.9,40.0
Fly.io,484,329.0,39.0
Fly.io,485,317.4,41.0
Fly.io,486,320.5,39.5
Fly.io,487,315.9,40.0
Fly.io,488,311.4,40.0
Fly.io,489,312.3,39.5
Fly.io,490,310.7,40.0
Fly.io,491,299.1,40.0
Fly.io,492,293.5,41.0
Fly.io,493,322.2,40.0
Fly.io,494,330.4,40.0
Fly.io,495,308.0,41.0
Fly.io,496,282.3,41.0
Fly.io,497,305.5,39.5
Fly.io,498,296.8,39.5
Fly.io,499,308.8,41.0
Fly.io,500,294.8,40.0
Fly.io,501,305.0,40.0
Fly.io,502,286.4,40.0
Fly.io,503,248.6,40.0
Fly.io,504,303.2,40.0
Fly.io,505,307.7,40.0
Fly.io,506,304.3,39.5
Fly.io,507,280.0,40.0
Fly.io,508,338.3,40.0
Fly.io,509,308.1,40.0
Fly.io,510,277.7,40.0
Fly.io,511,317.8,40.0
Fly.io,512,224.9,39.5
Fly.io,513,309.0,40.0
Fly.io,514,289.3,40.0
Fly.io,515,298.4,40.0
Fly.io,516,337.5,39.0
Fly.io,517,314.0,41.5
Fly.io,518,269.0,40.0
Fly.io,519,301.8,40.0
Fly.io,520,291.1,40.0
Fly.io,521,290.3,40.0
Fly.io,522,305.5,40.0
Fly.io,523,292.1,40.5
Fly.io,524,296.7,40.0
Fly.io,525,295.0,39.5
Fly.io,526,301.3,40.0
Fly.io,527,252.2,39.5
Fly.io,528,318.7,40.5
Fly.io,529,317.4,40.0
Fly.io,530,266.0,40.0
Fly.io,531,274.5,40.0
Fly.io,532,296.1,40.0
Fly.io,533,297.4,39.5
Fly.io,534,339.7,40.0
Fly.io,535,339.5,41.0
Fly.io,536,317.2,39.5
Fly.io,537,335.1,40.0
Fly.io,538,326.3,40.0
Fly.io,539,315.9,40.0
Fly.io,540,339.4,40.0
Fly.io,541,348.2,40.0
Fly.io,542,319.6,41.0
Fly.io,543,335.8,40.0
Fly.io,544,340.5,39.0
Fly.io,545,338.0,40.0
Fly.io,546,297.3,40.0
Fly.io,547,291.6,39.0
Fly.io,548,306.6,41.0
Fly.io,549,291.8,40.0
Fly.io,550,314.4,40.0
Fly.io,551,294.1,40.0
Fly.io,552,294.7,40.0
Fly.io,553,290.6,40.0
Fly.io,554,309.5,40.0
Fly.io,555,302.7,40.0
Fly.io,556,290.2,40.0
Fly.io,557,317.7,40.0
Fly.io,558,299.7,40.0
Fly.io,559,309.9,39.0
Fly.io,560,310.8,40.0
Fly.io,561,230.1,40.0
Fly.io,562,335.3,40.0
Fly.io,563,286.6,40.0
Fly.io,564,272.3,40.0
Fly.io,565,248.0,40.0
Fly.io,566,289.6,39.5
Fly.io,567,295.8,40.0
Fly.io,568,329.6,40.0
Fly.io,569,333.9,39.0
Fly.io,570,346.8,40.5
Fly.io,571,339.8,39.5
Fly.io,572,336.5,40.0
Fly.io,573,300.9,40.0
Fly.io,574,335.1,39.5
Fly.io,575,324.7,40.0
Fly.io,576,305.8,40.5
Fly.io,577,303.5,40.0
Fly.io,578,323.6,40.0
Fly.io,579,234.9,40.0
Fly.io,580,288.8,39.5
Fly.io,581,308.3,40.5
Fly.io,582,318.2,40.0
Fly.io,583,322.1,40.0
Fly.io,584,315.8,40.0
Fly.io,585,309.2,40.0
Fly.io,586,295.2,40.0
Fly.io,587,305.0,40.0
Fly.io,588,296.9,40.0
Fly.io,589,291.7,40.0
Fly.io,590,291.9,40.5
Fly.io,591,310.7,40.0
Fly.io,592,311.5,40.0
Fly.io,593,263.0,39.5
Fly.io,594,283.0,40.0
Fly.io,595,330.8,39.5
Fly.io,596,357.3,40.0
Fly.io,597,274.6,39.5
Fly.io,598,296.2,41.0
Fly.io,599,267.5,40.0
Fly.io,600,286.2,39.5
Fly.io,601,223.0,40.0
Fly.io,602,306.4,40.0
Fly.io,603,326.0,40.0
Fly.io,604,310.4,41.0
Fly.io,605,295.9,39.0
Fly.io,606,321.0,40.5
Fly.io,607,303.4,40.0
Fly.io,608,309.4,40.0
Fly.io,609,319.0,40.0
Fly.io,610,309.4,40.0
Fly.io,611,319.6,40.5
Fly.io,612,242.7,40.0
Fly.io,613,339.3,40.0
Fly.io,614,288.7,40.0
Fly.io,615,329.4,39.5
Fly.io,616,299.5,40.0
Fly.io,617,322.4,40.0
Fly.io,618,336.3,40.0
Fly.io,619,326.1,40.0
Fly.io,620,329.4,40.0
Fly.io,621,314.9,40.0
Fly.io,622,314.9,40.0
Fly.io,623,315.6,40.0
Fly.io,624,317.5,41.0
Fly.io,625,322.7,40.0
Fly.io,626,310.1,40.0
Fly.io,627,329.2,40.0
Fly.io,628,311.2,40.0
Fly.io,629,307.7,40.0
Fly.io,630,304.7,40.0
Fly.io,631,343.2,40.5
Fly.io,632,252.1,40.0
Fly.io,633,304.7,40.0
Fly.io,634,299.8,40.5
Fly.io,635,306.1,39.0
Fly.io,636,345.4,41.0
Fly.io,637,332.4,39.0
Fly.io,638,328.0,40.0
Fly.io,639,307.8,40.0
Fly.io,640,295.9,40.0
Fly.io,641,320.5,40.0
Fly.io,642,319.4,40.0
Fly.io,643,322.1,40.0
Fly.io,644,311.1,40.0
Fly.io,645,326.4,40.5
Fly.io,646,306.2,39.5
Fly.io,647,348.8,39.5
Fly.io,648,351.1,39.5
Fly.io,649,348.4,40.0
Fly.io,650,322.4,40.0
Fly.io,651,333.8,39.5
Fly.io,652,334.4,40.0
Fly.io,653,333.8,40.0
Fly.io,654,342.7,39.5
Fly.io,655,336.4,39.5
Fly.io,656,354.4,40.5
Fly.io,657,339.6,39.0
Fly.io,658,362.7,40.0
Fly.io,659,340.2,40.0
Fly.io,660,338.6,40.0
Fly.io,661,338.6,41.0
Fly.io,662,339.4,39.0
Fly.io,663,329.6,39.0
Fly.io,664,334.4,40.0
Fly.io,665,335.2,40.0
Fly.io,666,300.3,40.0
Fly.io,667,324.2,40.0
Fly.io,668,342.9,40.0
Fly.io,669,308.5,39.5
Fly.io,670,348.8,39.5
Fly.io,671,341.2,41.0
Fly.io,672,335.4,39.5
Fly.io,673,350.4,40.0
Fly.io,674,346.2,39.0
Fly.io,675,324.3,39.5
Fly.io,676,333.9,40.0
Fly.io,677,332.9,40.5
Fly.io,678,354.3,39.0
Fly.io,679,373.3,40.0
Fly.io,680,353.0,40.0
Fly.io,681,373.9,40.0
Fly.io,682,341.9,40.0
Fly.io,683,339.8,40.0
Fly.io,684,334.1,39.0
Fly.io,685,368.8,40.5
Fly.io,686,336.2,40.0
Fly.io,687,335.3,39.5
Fly.io,688,346.1,40.0
Fly.io,689,314.7,39.0
Fly.io,690,325.7,40.0
Fly.io,691,324.1,39.0
Fly.io,692,332.5,40.0
Fly.io,693,276.5,39.5
Fly.io,694,339.7,41.0
Fly.io,695,331.8,39.5
Fly.io,696,311.8,40.0
Fly.io,697,313.6,39.5
Fly.io,698,344.8,40.0
Fly.io,699,314.6,40.0
Fly.io,700,340.8,39.5
Fly.io,701,332.0,40.0
Fly.io,702,345.7,38.5
Fly.io,703,326.3,40.0
Fly.io,704,346.6,40.0
Fly.io,705,309.5,39.5
Fly.io,706,323.1,41.0
Fly.io,707,334.9,39.5
Fly.io,708,346.1,39.0
Fly.io,709,324.0,40.0
Fly.io,710,331.9,40.0
Fly.io,711,336.1,39.5
Fly.io,712,322.0,39.0
Fly.io,713,297.7,40.0
Fly.io,714,325.0,40.0
Fly.io,715,327.6,40.0
Fly.io,716,328.8,40.0
Fly.io,717,310.8,39.5
Fly.io,718,318.8,39.0
Fly.io,719,314.2,40.5
Fly.io,720,302.2,40.0
Fly.io,721,315.7,40.0
Fly.io,722,300.6,39.0
Fly.io,723,314.5,39.5
Fly.io,724,325.3,41.0
Fly.io,725,266.7,40.0
Fly.io,726,315.3,40.0
Fly.io,727,315.1,39.0
Fly.io,732,270.5,40.0
Fly.io,733,302.8,40.0
Fly.io,734,308.1,40.0
Fly.io,735,315.9,40.0
Fly.io,736,322.6,40.0
Fly.io,737,316.3,38.5
Fly.io,738,322.7,40.5
Fly.io,739,320.1,40.5
Fly.io,740,338.7,40.0
Fly.io,741,339.8,40.0
Fly.io,742,336.4,40.0
Fly.io,743,338.2,39.5
Fly.io,744,361.3,41.0
Fly.io,745,331.6,39.5
Fly.io,746,342.8,40.0
Fly.io,747,380.8,39.0
Fly.io,748,350.7,40.5
Fly.io,749,313.7,40.0
Fly.io,750,310.2,40.0
Fly.io,751,317.8,39.5
Fly.io,752,298.8,39.0
Fly.io,753,321.8,40.0
Fly.io,754,326.5,40.0
Fly.io,755,317.4,39.5
Fly.io,756,352.6,41.0
Fly.io,757,333.1,39.0
Fly.io,758,341.0,39.5
Fly.io,759,335.9,39.5
Fly.io,760,312.4,40.5
Fly.io,761,301.2,39.5
Fly.io,762,315.7,39.0
Fly.io,763,317.1,39.5
Fly.io,764,358.7,41.0
Fly.io,765,325.6,41.0
Fly.io,766,329.8,39.0
Fly.io,767,322.4,40.0
Fly.io,768,340.6,40.0
Fly.io,769,339.5,40.0
Fly.io,770,317.8,39.0
Fly.io,771,340.2,39.5
Fly.io,772,347.6,41.0
Fly.io,773,328.3,40.0
Fly.io,774,338.3,40.0
Fly.io,775,334.3,40.0
Fly.io,776,295.6,39.5
Fly.io,777,325.1,39.5
Fly.io,778,319.0,40.0
Fly.io,779,349.0,39.0
Fly.io,780,312.6,39.5
Fly.io,781,308.2,39.5
Fly.io,782,341.1,39.0
Fly.io,783,341.7,40.0
Fly.io,784,346.5,40.0
Fly.io,785,324.0,39.5
Fly.io,786,316.0,39.5
Fly.io,787,355.6,40.0
Fly.io,788,340.5,40.0
Fly.io,789,346.5,40.5
Fly.io,790,366.5,40.0
Fly.io,791,339.9,39.5
Fly.io,792,329.0,39.5
Fly.io,793,350.4,40.0
Fly.io,794,331.9,40.0
Fly.io,795,340.1,39.0
Fly.io,796,359.1,40.5
Fly.io,797,339.7,40.0
Fly.io,798,341.9,39.5
Fly.io,804,330.6,41.0
Fly.io,805,342.4,39.5
Fly.io,806,352.5,40.0
Fly.io,807,338.0,40.0
Fly.io,808,361.4,39.5
Fly.io,809,337.3,40.0
Fly.io,810,350.0,40.0
Fly.io,811,345.2,40.0
Fly.io,812,355.7,40.0
Fly.io,813,353.6,39.5
Fly.io,814,357.2,40.5
Fly.io,815,350.2,39.5
Fly.io,816,332.7,39.0
Fly.io,817,316.5,39.5
Fly.io,818,359.9,40.5
Fly.io,819,348.8,40.0
Fly.io,820,330.8,40.0
Fly.io,821,346.5,40.0
Fly.io,822,344.8,40.0
Fly.io,823,355.4,40.0
Fly.io,824,335.9,40.5
Fly.io,825,364.9,40.0
Fly.io,826,321.5,39.0
Fly.io,827,331.7,40.0
Fly.io,828,335.6,40.0
Fly.io,829,358.5,40.0
Fly.io,830,333.0,39.0
Fly.io,831,340.7,39.0
Fly.io,833,363.9,40.0
Fly.io,834,341.5,40.0
Fly.io,835,349.1,40.0
Fly.io,836,349.8,39.5
Fly.io,837,349.1,40.0
Fly.io,839,352.7,40.5
Fly.io,840,373.8,40.0
Fly.io,841,371.2,40.5
Fly.io,842,344.3,39.5
Fly.io,843,366.5,39.5
Fly.io,844,341.1,40.0
Fly.io,845,378.7,40.0
Fly.io,846,334.1,40.0
Fly.io,847,368.4,40.0
Fly.io,848,346.4,39.0
Fly.io,849,354.9,40.5
Fly.io,850,318.5,40.5
Fly.io,851,345.2,40.0
Fly.io,852,342.5,40.0
Fly.io,853,341.1,40.0
Fly.io,854,355.2,39.0
Fly.io,855,337.5,40.0
Fly.io,856,345.2,41.0
Fly.io,857,345.5,39.0
Fly.io,858,346.3,40.5
Fly.io,859,372.2,40.0
Fly.io,860,353.1,41.0
Fly.io,861,357.8,40.5
Fly.io,862,354.2,39.5
Fly.io,863,377.3,41.0
Fly.io,864,360.3,40.0
Fly.io,865,325.2,39.5
Fly.io,866,387.8,40.0
Fly.io,867,344.7,40.0
Fly.io,868,366.3,40.0
Fly.io,869,341.3,40.0
Fly.io,870,339.7,40.5
Fly.io,871,357.1,40.0
Fly.io,872,337.1,40.0
Fly.io,873,349.8,40.5
Fly.io,874,351.5,40.0
Fly.io,875,346.6,40.0
Fly.io,876,344.7,40.5
Fly.io,877,349.2,40.0
Fly.io,878,356.2,40.5
Fly.io,879,355.9,39.0
Fly.io,880,359.4,41.0
Fly.io,881,357.7,39.5
Fly.io,882,342.3,39.5
Fly.io,883,341.3,40.0
Fly.io,884,343.3,40.5
Fly.io,885,342.8,40.0
Fly.io,886,337.8,40.0
Fly.io,887,344.7,40.0
Fly.io,888,356.3,40.0
Fly.io,889,353.0,40.5
Fly.io,890,344.8,40.0
Fly.io,891,346.8,40.0
Fly.io,892,324.2,39.0
Fly.io,893,343.0,40.0
Fly.io,894,349.0,40.0
Fly.io,895,337.0,40.5
Fly.io,896,350.4,39.5
Fly.io,897,353.3,40.5
Fly.io,898,312.7,39.5
Fly.io,899,340.9,40.0
Fly.io,900,357.7,39.0
Fly.io,901,342.5,40.5
Fly.io,902,322.1,39.0
Fly.io,903,334.8,40.0
Fly.io,904,327.6,39.0
Fly.io,905,345.2,40.0
Fly.io,906,334.7,40.0
Fly.io,907,323.7,40.0
Fly.io,908,339.9,40.5
Fly.io,909,340.5,40.5
Fly.io,910,354.4,40.0
Fly.io,911,352.8,41.0
Fly.io,912,347.4,39.5
Fly.io,913,342.7,39.5
Fly.io,914,349.7,41.0
Fly.io,915,358.9,40.5
Fly.io,916,337.6,39.0
Fly.io,917,370.1,41.0
Fly.io,918,351.5,39.0
Fly.io,919,354.6,40.0
Fly.io,920,369.1,40.0
Fly.io,921,376.6,41.0
Fly.io,922,376.8,39.5
Fly.io,923,356.0,41.0
Fly.io,924,363.8,40.0
Fly.io,925,352.3,39.5
Fly.io,926,365.1,39.5
Fly.io,927,347.8,40.0
Fly.io,928,337.8,40.0
Fly.io,929,344.9,39.5
Fly.io,930,349.2,40.0
Fly.io,931,343.4,40.5
Fly.io,932,328.9,40.0
Fly.io,933,328.0,40.0
Fly.io,934,337.1,41.0
Fly.io,935,345.6,40.5
Fly.io,936,313.0,39.5
Fly.io,937,350.0,41.0
Fly.io,938,351.4,39.5
Fly.io,939,347.9,40.5
Fly.io,940,350.4,40.0
Fly.io,941,335.9,39.0
Fly.io,942,348.7,40.5
Fly.io,943,331.1,39.5
Fly.io,944,331.7,41.0
Fly.io,945,326.5,40.0
Fly.io,946,334.8,39.0
Fly.io,947,327.5,40.5
Fly.io,948,330.8,40.0
Fly.io,949,329.7,40.0
Fly.io,950,352.6,40.0
Fly.io,951,299.7,39.0
Fly.io,952,338.8,39.0
Fly.io,953,339.4,40.5
Fly.io,954,348.3,40.0
Fly.io,955,344.3,40.5
Fly.io,956,355.2,40.5
Fly.io,957,293.9,39.0
Fly.io,958,382.6,40.5
Fly.io,959,343.0,40.5
Fly.io,960,357.2,40.0
Fly.io,961,334.3,40.0
Fly.io,962,348.0,38.0
Fly.io,963,344.2,38.0
Fly.io,964,335.1,37.0
Fly.io,965,330.0,37.0
Fly.io,966,313.0,36.0
Fly.io,967,351.0,35.0
Fly.io,968,325.3,35.0
Fly.io,969,334.1,34.5
Fly.io,970,352.5,34.0
Fly.io,971,324.3,33.5
Fly.io,972,360.6,33.0
Fly.io,973,323.1,32.0
Fly.io,974,318.4,31.0
Fly.io,975,312.1,32.0
Fly.io,976,360.5,31.5
Fly.io,977,331.4,28.5
Fly.io,978,360.7,29.5
Fly.io,979,332.0,29.0
Fly.io,980,352.2,27.5
Fly.io,981,305.8,27.5
Fly.io,982,326.4,26.5
Fly.io,983,347.3,27.0
Fly.io,984,283.5,25.5
Fly.io,985,348.0,25.0
Fly.io,986,347.4,25.0
Fly.io,987,335.3,24.0
Fly.io,988,273.3,24.0
Fly.io,989,329.5,23.0
Fly.io,990,341.3,22.0
Fly.io,991,348.1,22.0
Fly.io,992,310.1,21.0
Fly.io,993,312.5,20.5
Fly.io,994,329.4,19.5
Fly.io,995,315.2,20.0
Fly.io,996,315.9,18.5
Fly.io,997,326.1,18.0
Fly.io,998,291.4,17.0
Fly.io,999,334.4,18.0
Fly.io,1000,310.5,16.0
Fly.io,1001,342.9,16.0
Fly.io,1002,352.7,16.0
Fly.io,1003,263.5,14.0
Fly.io,1004,335.5,14.0
Fly.io,1005,310.7,14.0
Fly.io,1006,320.1,13.0
Fly.io,1007,262.7,13.0
Fly.io,1008,251.9,11.0
Fly.io,1009,304.8,11.0
Fly.io,1010,335.8,11.0
Fly.io,1011,240.2,9.5
Fly.io,1012,348.8,9.0
Fly.io,1013,285.5,9.0
Fly.io,1014,230.9,8.0
Fly.io,1015,255.2,7.5
Fly.io,1016,313.6,7.0
Fly.io,1017,272.2,6.5
Fly.io,1018,151.4,6.0
Fly.io,1019,244.0,5.0
Fly.io,1020,291.2,5.0
Fly.io,1021,247.0,5.0
Fly.io,1022,270.1,5.0
Fly.io,1023,218.2,5.0
Fly.io,1024,140.8,5.0
Fly.io,1025,218.1,5.0
Fly.io,1026,179.1,5.0
Fly.io,1028,260.1,5.0
Fly.io,1029,177.1,5.0
Fly.io,1030,161.3,5.0
Fly.io,1031,181.3,5.0
Fly.io,1032,277.7,5.0
Fly.io,1034,274.7,5.0
Fly.io,1035,248.8,5.0
Fly.io,1037,195.0,5.0
Fly.io,1038,297.2,5.0
Fly.io,1039,253.5,5.0
Fly.io,1040,212.2,5.0
Fly.io,1042,131.0,5.0
Fly.io,1043,181.7,5.0
Fly.io,1044,274.9,5.0
Fly.io,1045,248.0,5.0
Fly.io,1046,329.7,5.0
Fly.io,1047,294.3,5.0
Fly.io,1048,184.0,5.0
Fly.io,1049,142.8,5.0
Fly.io,1050,260.6,5.0
Fly.io,1051,216.7,5.0
Fly.io,1052,323.0,5.0
Fly.io,1053,303.4,5.0
Fly.io,1054,248.5,5.0
Fly.io,1055,187.7,5.0
Fly.io,1056,216.5,5.0
Fly.io,1057,184.1,5.0
Fly.io,1058,252.3,5.0
Fly.io,1059,296.9,5.0
Fly.io,1060,262.1,5.0
Fly.io,1061,150.3,5.0
Fly.io,1062,278.4,5.0
Fly.io,1063,261.0,5.0
Fly.io,1064,287.4,5.0
Fly.io,1065,315.1,5.0
Fly.io,1066,202.2,5.0
Fly.io,1067,207.5,5.0
Fly.io,1068,289.6,5.0
Fly.io,1069,252.3,5.0
Fly.io,1070,353.8,5.0
Fly.io,1071,179.0,5.0
Fly.io,1072,223.2,5.0
Fly.io,1073,314.9,5.0
Fly.io,1074,299.2,5.0
Fly.io,1075,319.9,5.0
Fly.io,1076,258.7,5.0
Fly.io,1077,258.5,5.0
Fly.io,1078,237.2,5.0
Fly.io,1079,195.7,5.0
Fly.io,1080,294.6,5.0
Fly.io,1081,288.2,5.0
Fly.io,1082,271.2,5.0
Fly.io,1083,277.8,5.0
Fly.io,1084,271.9,5.0
Fly.io,1085,152.9,5.0
Fly.io,1086,276.6,5.0
Fly.io,1087,273.3,5.0
Fly.io,1088,271.5,5.0
Fly.io,1089,263.5,5.0
Fly.io,1090,150.3,5.0
Fly.io,1091,207.7,5.0
Fly.io,1092,209.9,5.0
Fly.io,1093,301.6,5.0
Fly.io,1094,267.4,5.0
Fly.io,1095,143.4,5.0
Fly.io,1096,292.4,5.0
Fly.io,1097,287.5,5.0
Fly.io,1098,292.2,5.0
Fly.io,1099,297.8,5.0
Fly.io,1100,198.8,5.0
Fly.io,1101,137.7,5.0
Fly.io,1102,195.6,5.0
Fly.io,1103,280.9,5.0
Fly.io,1104,144.9,5.0
Fly.io,1105,335.8,5.0
Fly.io,1106,150.3,5.0
Fly.io,1107,145.4,5.0
Fly.io,1108,151.3,5.0
Fly.io,1109,280.4,5.0
Fly.io,1110,221.4,5.0
Fly.io,1111,276.2,5.0
Fly.io,1112,256.3,5.0
Fly.io,1113,144.9,5.0
Fly.io,1114,147.0,5.0
Fly.io,1115,283.3,5.0
Fly.io,1116,212.5,5.0
Fly.io,1117,227.0,5.0
Fly.io,1118,318.1,5.0
Fly.io,1119,144.6,5.0
Fly.io,1120,149.8,5.0
Fly.io,1121,284.0,5.0
Fly.io,1122,305.5,5.0
Fly.io,1123,270.1,5.0
Fly.io,1124,293.9,5.0
Fly.io,1125,143.8,5.0
Fly.io,1126,158.1,5.0
Fly.io,1127,310.7,5.0
Fly.io,1128,292.5,5.0
Fly.io,1129,301.5,5.0
Fly.io,1130,357.0,5.0
Fly.io,1131,150.4,5.0
Fly.io,1132,199.5,5.0
Fly.io,1133,217.2,5.0
Fly.io,1134,312.6,5.0
Fly.io,1135,280.7,5.0
Fly.io,1136,234.5,5.0
Fly.io,1137,195.6,5.0
Fly.io,1138,204.6,5.0
Fly.io,1139,287.0,5.0
Fly.io,1140,295.9,5.0
Fly.io,1141,197.0,5.0
Fly.io,1142,228.7,5.0
Fly.io,1143,269.7,5.0
Fly.io,1144,141.7,5.0
Fly.io,1145,267.3,5.0
Fly.io,1146,302.2,5.0
Fly.io,1147,241.1,5.0
Fly.io,1148,143.4,5.0
Fly.io,1149,312.4,5.0
Fly.io,1150,152.5,5.0
Fly.io,1151,279.6,5.0
Fly.io,1152,300.4,5.0
Fly.io,1153,192.0,5.0
Fly.io,1154,144.0,5.0
Fly.io,1155,190.8,5.0
Fly.io,1156,285.9,5.0
Fly.io,1157,290.9,5.0
Fly.io,1158,268.4,5.0
Fly.io,1159,202.6,5.0
Fly.io,1160,146.7,5.0
Fly.io,1161,223.9,5.0
Fly.io,1162,229.5,5.0
Fly.io,1163,270.2,5.0
Fly.io,1164,168.5,5.0
Fly.io,1165,237.6,5.0
Fly.io,1166,157.9,5.0
Fly.io,1167,151.4,5.0
Fly.io,1168,188.7,5.0
Fly.io,1169,275.8,5.0
Fly.io,1170,139.4,5.0
Fly.io,1171,192.8,5.0
Fly.io,1172,172.3,5.0
Fly.io,1173,146.6,5.0
Fly.io,1174,162.7,5.0
Fly.io,1175,257.0,5.0
Fly.io,1176,132.9,5.0
Fly.io,1177,300.2,5.0
Fly.io,1178,150.3,5.0
Fly.io,1179,147.1,5.0
Fly.io,1180,216.1,5.0
Fly.io,1181,297.5,5.0
Fly.io,1182,148.8,5.0
Fly.io,1183,300.2,5.0
Fly.io,1184,229.1,5.0
Fly.io,1185,134.1,5.0
Fly.io,1186,164.9,5.0
Fly.io,1187,304.8,5.0
Fly.io,1188,144.6,5.0
Fly.io,1189,296.4,5.0
Fly.io,1190,177.7,5.0
Fly.io,1191,140.8,5.0
Fly.io,1192,275.7,5.0
Fly.io,1193,297.8,5.0
Fly.io,1194,142.7,5.0
Fly.io,1195,326.3,5.0
Fly.io,1196,148.4,5.0
Fly.io,1197,149.1,5.0
Fly.io,1198,252.7,5.5
Fly.io,1199,251.3,5.0
Fly.io,1200,152.1,5.0
Fly.io,1201,272.0,5.0
Fly.io,1202,149.5,5.0
Fly.io,1203,143.4,5.0
Fly.io,1204,297.0,5.0
Fly.io,1205,254.0,5.0
Fly.io,1206,145.9,5.0
Fly.io,1207,150.7,5.0
Fly.io,1208,270.2,5.0
Fly.io,1209,140.1,5.0
Fly.io,1210,231.9,5.0
Fly.io,1211,274.7,5.0
Fly.io,1212,208.0,5.0
Fly.io,1213,155.3,5.0
Fly.io,1214,278.9,5.0
Fly.io,1215,143.4,5.0
Fly.io,1216,195.2,5.0
Fly.io,1217,322.5,5.0
Fly.io,1218,234.0,5.5
Fly.io,1219,145.0,5.0
Fly.io,1220,272.5,5.0
Fly.io,1221,143.7,5.0
Fly.io,1222,234.6,5.0
Fly.io,1223,297.4,5.0
Fly.io,1224,187.5,5.0
Fly.io,1225,141.5,5.0
Fly.io,1226,229.4,5.0
Fly.io,1227,145.8,5.0
Fly.io,1228,222.2,5.0
Fly.io,1229,283.8,5.0
Fly.io,1230,226.0,5.0
Fly.io,1231,150.3,5.0
Fly.io,1232,264.2,5.0
Fly.io,1233,155.0,5.0
Fly.io,1234,150.1,5.0
Fly.io,1235,276.5,5.0
Fly.io,1236,214.0,5.0
Fly.io,1237,149.0,5.0
Fly.io,1238,152.6,5.0
Fly.io,1239,150.0,5.0
Fly.io,1240,137.8,5.0
Fly.io,1241,296.7,5.0
Fly.io,1242,210.2,5.0
Fly.io,1243,137.8,5.0
Fly.io,1244,235.4,5.0
Fly.io,1245,161.8,5.0
Fly.io,1246,143.3,5.0
Fly.io,1247,248.4,5.0
Fly.io,1248,331.2,5.0
Fly.io,1249,158.3,5.0
Fly.io,1250,229.9,5.0
Fly.io,1251,152.1,5.0
Fly.io,1252,139.0,5.0
Fly.io,1253,278.8,5.0
Fly.io,1254,211.3,5.0
Fly.io,1255,198.3,5.0
Fly.io,1256,175.7,5.0
Fly.io,1257,161.3,5.0
Fly.io,1258,144.5,5.0
Fly.io,1259,300.7,5.0
Fly.io,1260,206.6,5.0
Fly.io,1261,246.7,5.0
Fly.io,1262,252.3,5.0
Fly.io,1263,159.6,5.0
Fly.io,1264,147.0,5.0
Fly.io,1265,306.3,5.0
Fly.io,1266,155.8,5.0
Fly.io,1267,175.1,5.0
Fly.io,1268,236.1,5.0
Fly.io,1269,142.4,5.0
Fly.io,1270,145.4,5.0
Fly.io,1271,266.4,5.0
Fly.io,1272,140.5,5.0
Fly.io,1273,191.0,5.0
Fly.io,1274,292.2,5.0
Fly.io,1275,139.5,5.0
Fly.io,1276,279.7,5.0
Fly.io,1277,187.9,5.0
Fly.io,1278,228.7,5.0
Fly.io,1279,179.9,5.0
Fly.io,1280,307.0,5.0
Fly.io,1281,278.0,5.0
Fly.io,1282,227.4,5.0
Fly.io,1283,213.8,5.0
Fly.io,1284,215.9,5.0
Fly.io,1285,189.8,5.0
Fly.io,1286,215.3,5.0
Fly.io,1287,202.8,5.0
Fly.io,1288,227.1,5.0
Fly.io,1289,232.2,5.0
Fly.io,1290,245.6,5.0
Fly.io,1291,223.8,5.0
Fly.io,1292,219.6,5.0
Fly.io,1293,298.6,5.0
Fly.io,1294,230.9,5.0
Fly.io,1295,293.5,5.0
Fly.io,1296,197.9,5.0
Fly.io,1297,225.1,5.0
Fly.io,1298,155.3,5.0
Fly.io,1299,233.3,5.0
Fly.io,1300,209.5,5.0
Fly.io,1301,276.7,5.0
Fly.io,1302,197.5,5.0
Fly.io,1303,238.5,5.0
Fly.io,1304,213.2,5.0
Fly.io,1305,297.8,5.0
Fly.io,1306,284.8,5.0
Fly.io,1307,316.2,5.0
Fly.io,1308,191.7,5.0
Fly.io,1309,271.9,5.0
Fly.io,1310,165.2,5.0
Fly.io,1311,158.0,5.0
Fly.io,1312,292.0,5.0
Fly.io,1313,304.8,5.0
Fly.io,1314,203.3,5.0
Fly.io,1315,276.0,5.0
Fly.io,1316,167.7,5.0
Fly.io,1317,222.8,5.0
Fly.io,1318,292.4,5.0
Fly.io,1319,293.7,5.0
Fly.io,1320,218.6,5.0
Fly.io,1321,261.2,5.0
Fly.io,1322,213.9,5.0
Fly.io,1323,162.2,5.0
Fly.io,1324,333.3,4.5
Fly.io,1325,303.0,5.0
Fly.io,1326,291.8,5.0
Fly.io,1327,161.5,5.0
Fly.io,1328,144.0,5.0
Fly.io,1329,151.4,5.0
Fly.io,1330,300.5,5.0
Fly.io,1331,280.6,5.0
Fly.io,1332,185.1,5.0
Fly.io,1333,322.2,5.0
Fly.io,1334,146.9,5.0
Fly.io,1335,321.0,5.0
Fly.io,1336,308.5,5.0
Fly.io,1337,311.1,5.5
Fly.io,1338,194.8,5.0
Fly.io,1339,214.3,5.0
Fly.io,1340,203.4,5.0
Fly.io,1341,160.7,5.0
Fly.io,1342,165.3,5.0
Fly.io,1343,306.5,5.0
Fly.io,1344,267.8,5.0
Fly.io,1345,294.6,5.0
Fly.io,1346,204.1,5.0
Fly.io,1347,137.0,5.0
Fly.io,1348,142.4,5.0
Fly.io,1349,295.4,5.0
Fly.io,1350,199.2,5.0
Fly.io,1351,145.5,5.0
Fly.io,1352,145.1,5.0
Fly.io,1353,196.8,5.0
Fly.io,1354,159.8,4.5
Fly.io,1355,301.3,5.0
Fly.io,1356,266.7,5.0
Fly.io,1357,232.6,5.0
Fly.io,1358,261.9,5.0
Fly.io,1359,142.4,5.0
Fly.io,1360,143.3,5.0
Fly.io,1361,341.4,5.0
Fly.io,1362,147.2,5.0
Fly.io,1363,294.5,5.0
Fly.io,1364,139.3,5.0
Fly.io,1365,152.8,5.0
Fly.io,1366,234.9,4.5
Fly.io,1367,307.7,5.0
Fly.io,1368,271.4,5.0
Fly.io,1369,307.4,5.0
Fly.io,1370,145.9,5.0
Fly.io,1371,146.0,5.0
Fly.io,1372,309.7,5.0
Fly.io,1373,286.1,5.0
Fly.io,1374,272.2,5.0
Fly.io,1375,205.9,5.0
Fly.io,1376,249.9,5.0
Fly.io,1377,158.2,5.0
Fly.io,1378,336.8,4.5
Fly.io,1379,291.2,5.0
Fly.io,1380,205.1,5.0
Fly.io,1381,248.3,5.0
Fly.io,1382,204.8,5.0
Fly.io,1383,141.6,5.0
Fly.io,1384,156.8,4.5
Fly.io,1385,257.0,5.0
Fly.io,1386,366.1,5.0
Fly.io,1387,211.4,5.0
Fly.io,1388,237.9,5.0
Fly.io,1389,149.9,5.0
Fly.io,1390,204.4,4.0
Fly.io,1391,285.4,6.0
Fly.io,1392,239.0,5.0
Fly.io,1393,205.3,5.0
Fly.io,1394,207.5,5.0
Fly.io,1395,144.4,5.0
Fly.io,1396,163.9,5.0
Fly.io,1397,214.4,5.0
Fly.io,1398,238.8,5.0
Fly.io,1399,265.3,5.0
Fly.io,1400,264.2,5.0
Fly.io,1401,136.7,5.0
Fly.io,1402,137.1,4.0
Fly.io,1403,276.7,5.5
Fly.io,1404,285.4,5.0
Fly.io,1405,283.2,5.0
Fly.io,1406,211.7,5.0
Fly.io,1407,132.4,5.0
Fly.io,1408,331.1,5.0
Fly.io,1409,293.3,5.0
Fly.io,1410,311.4,5.0
Fly.io,1411,287.5,5.0
Fly.io,1412,159.4,5.0
Fly.io,1413,142.6,5.0
Fly.io,1414,236.7,5.0
Fly.io,1415,276.4,5.5
Fly.io,1416,265.5,5.0
Fly.io,1417,296.9,5.0
Fly.io,1418,142.7,5.0
Fly.io,1419,143.1,5.0
Fly.io,1420,165.8,5.0
Fly.io,1421,268.8,5.0
Fly.io,1422,298.6,5.0
Fly.io,1423,155.2,5.0
Fly.io,1424,236.2,5.0
Fly.io,1425,148.4,5.0
Fly.io,1426,280.8,4.5
Fly.io,1427,219.9,5.0
Fly.io,1428,145.0,5.0
Fly.io,1429,264.9,4.0
Fly.io,1430,263.4,6.0
Fly.io,1431,136.6,5.0
Fly.io,1432,213.8,5.0
Fly.io,1433,139.8,5.0
Fly.io,1434,155.6,5.0
Fly.io,1435,309.4,5.0
Fly.io,1436,152.0,5.0
Fly.io,1437,324.1,5.0
Fly.io,1438,203.6,5.0
Fly.io,1439,212.9,5.0
Fly.io,1440,145.6,5.0
Fly.io,1441,295.6,5.0
Fly.io,1442,147.1,4.5
Fly.io,1443,286.8,5.0
Fly.io,1444,153.1,5.0
Fly.io,1445,207.2,5.0
Fly.io,1446,243.7,5.0
Fly.io,1447,239.6,5.0
Fly.io,1448,300.1,5.0
Fly.io,1449,286.2,5.5
Fly.io,1450,160.1,5.0
Fly.io,1451,180.0,5.0
Fly.io,1452,209.7,5.0
Fly.io,1453,182.6,5.0
Fly.io,1454,296.8,5.0
Fly.io,1455,136.1,5.0
Fly.io,1456,146.2,5.0
Fly.io,1457,245.1,5.0
Fly.io,1458,182.9,5.0
Fly.io,1459,167.7,5.0
Fly.io,1460,285.9,5.0
Fly.io,1461,143.6,5.0
Fly.io,1462,232.1,5.0
Fly.io,1463,171.2,5.0
Fly.io,1464,146.0,5.0
Fly.io,1465,164.0,5.0
Fly.io,1466,179.2,5.0
Fly.io,1467,225.4,5.0
Fly.io,1468,283.0,5.0
Fly.io,1469,201.9,5.0
Fly.io,1470,139.2,5.0
Fly.io,1471,255.7,5.0
Fly.io,1472,187.5,5.0
Fly.io,1473,244.0,5.0
Fly.io,1474,319.0,5.0
Fly.io,1475,189.0,5.0
Fly.io,1476,140.2,5.0
Fly.io,1477,281.8,5.0
Fly.io,1478,143.2,5.0
Fly.io,1479,309.5,5.0
Fly.io,1480,332.1,5.0
Fly.io,1481,178.2,5.0
Fly.io,1482,152.0,5.0
Fly.io,1483,313.8,5.0
Fly.io,1484,285.0,5.0
Fly.io,1485,333.0,5.0
Fly.io,1486,248.1,5.0
Fly.io,1487,184.5,5.0
Fly.io,1488,143.0,5.0
Fly.io,1489,289.0,5.0
Fly.io,1490,206.4,5.0
Fly.io,1491,269.6,5.0
Fly.io,1492,235.0,5.0
Fly.io,1493,336.3,5.5
Fly.io,1494,203.9,5.0
Fly.io,1495,290.4,5.0
Fly.io,1496,147.1,5.0
Fly.io,1497,242.7,5.0
Fly.io,1498,262.5,5.0
Fly.io,1499,317.2,5.0
Fly.io,1500,160.6,5.0
Fly.io,1501,199.5,5.0
Fly.io,1502,252.1,5.0
Fly.io,1503,227.3,5.0
Fly.io,1504,170.0,5.0
Fly.io,1505,145.4,5.0
Fly.io,1506,185.1,5.0
Fly.io,1507,310.0,4.5
Fly.io,1508,290.9,5.5
Fly.io,1509,293.1,5.0
Fly.io,1510,260.2,5.0
Fly.io,1511,150.2,5.0
Fly.io,1512,147.9,5.0
Fly.io,1513,254.4,5.0
Fly.io,1514,197.9,5.0
Fly.io,1515,292.8,5.0
Fly.io,1516,263.0,5.0
Fly.io,1517,152.0,5.0
Fly.io,1518,170.1,5.0
Fly.io,1519,160.4,5.0
Fly.io,1520,308.4,5.0
Fly.io,1522,261.8,5.0
Fly.io,1523,192.9,5.0
Fly.io,1524,146.0,5.0
Fly.io,1525,253.9,5.0
Fly.io,1526,221.2,5.0
Fly.io,1527,186.9,5.0
Fly.io,1528,273.6,5.0
Fly.io,1529,220.0,5.0
Fly.io,1530,144.9,5.0
Fly.io,1531,256.5,5.0
Fly.io,1532,202.1,5.0
Fly.io,1533,298.2,5.0
Fly.io,1534,296.1,5.0
Fly.io,1535,232.8,5.0
Fly.io,1536,139.2,5.0
Fly.io,1537,215.0,5.0
Fly.io,1538,142.3,5.0
Fly.io,1539,327.9,5.0
Fly.io,1540,259.6,5.0
Fly.io,1541,285.2,5.0
Fly.io,1542,265.3,5.5
Fly.io,1543,273.5,5.0
Fly.io,1544,238.5,5.0
Fly.io,1545,281.9,5.0
Fly.io,1546,264.9,5.0
Fly.io,1547,150.9,5.0
Fly.io,1548,309.5,5.0
Fly.io,1549,152.0,5.0
Fly.io,1550,290.2,5.0
Fly.io,1551,296.4,5.0
Fly.io,1552,347.2,5.0
Fly.io,1553,165.6,5.0
Fly.io,1554,140.5,5.0
Fly.io,1555,137.8,5.0
Fly.io,1556,254.4,5.0
Fly.io,1558,301.7,5.0
Fly.io,1559,220.8,5.0
Fly.io,1560,198.8,5.0
Fly.io,1561,204.2,5.0
Fly.io,1562,270.1,5.0
Fly.io,1563,308.0,5.0
Fly.io,1564,321.9,5.0
Fly.io,1565,211.3,5.0
Fly.io,1566,162.9,5.0
Fly.io,1567,154.1,5.0
Fly.io,1568,262.2,5.0
Fly.io,1569,234.1,5.0
Fly.io,1570,268.5,5.0
Fly.io,1571,200.2,5.0
Fly.io,1572,301.8,5.0
Fly.io,1573,172.2,5.0
Fly.io,1574,289.8,5.0
Fly.io,1575,235.2,5.0
Fly.io,1576,268.4,5.0
Fly.io,1577,279.1,5.5
Fly.io,1578,147.7,5.0
Fly.io,1579,162.5,5.0
Fly.io,1580,322.1,5.0
Fly.io,1581,239.5,5.0
Fly.io,1582,296.5,5.0
Fly.io,1583,317.5,5.5
Fly.io,1584,142.9,5.0
Fly.io,1585,148.5,5.0
Fly.io,1586,278.4,5.0
Fly.io,1587,143.8,5.0
Fly.io,1588,262.0,5.0
Fly.io,1589,274.7,5.0
Fly.io,1590,146.7,5.0
Fly.io,1591,159.9,5.0
Fly.io,1592,257.8,5.0
Fly.io,1593,142.7,5.0
Fly.io,1594,216.6,5.0
Fly.io,1595,296.7,5.0
Fly.io,1596,147.1,5.0
Fly.io,1597,162.3,5.0
Fly.io,1598,251.1,5.0
Fly.io,1599,155.1,5.0
Fly.io,1600,202.6,5.0
Fly.io,1601,312.9,5.0
Fly.io,1602,157.6,5.0
Fly.io,1603,147.6,5.0
Fly.io,1604,282.3,5.0
Fly.io,1605,183.9,5.0
Fly.io,1606,162.1,4.5
Fly.io,1607,159.1,5.0
Fly.io,1608,218.4,5.0
Fly.io,1609,149.0,5.0
Fly.io,1610,276.6,5.0
Fly.io,1611,214.0,5.0
Fly.io,1612,269.4,5.0
Fly.io,1613,212.1,5.0
Fly.io,1614,225.5,5.0
Fly.io,1615,150.5,5.0
Fly.io,1616,305.6,5.0
Fly.io,1617,249.7,5.0
Fly.io,1618,254.6,5.0
Fly.io,1619,282.9,5.0
Fly.io,1620,240.4,5.0
Fly.io,1621,152.8,5.0
Fly.io,1622,300.9,5.0
Fly.io,1623,262.1,5.0
Fly.io,1624,345.0,5.0
Fly.io,1625,208.0,5.0
Fly.io,1626,236.4,5.0
Fly.io,1627,157.4,5.0
Fly.io,1628,200.6,5.0
Fly.io,1629,274.0,5.0
Fly.io,1630,153.1,4.5
Fly.io,1631,266.6,6.0
Fly.io,1632,151.0,4.5
Fly.io,1633,161.0,5.0
Fly.io,1634,142.6,5.0
Fly.io,1635,278.5,5.0
Fly.io,1636,167.2,5.0
Fly.io,1637,261.6,5.0
Fly.io,1638,157.1,5.0
Fly.io,1639,139.7,5.0
Fly.io,1640,136.1,5.0
Fly.io,1641,326.6,5.0
Fly.io,1642,193.0,5.0
Fly.io,1643,279.8,5.0
Fly.io,1644,145.4,5.0
Fly.io,1645,143.4,5.0
Fly.io,1646,139.6,5.0
Fly.io,1647,322.7,5.0
Fly.io,1648,140.0,5.0
Fly.io,1649,265.3,5.0
Fly.io,1650,172.0,5.0
Fly.io,1651,147.8,5.0
Fly.io,1652,142.1,5.0
Fly.io,1653,321.6,5.0
Fly.io,1654,170.2,5.0
Fly.io,1655,206.5,5.0
Fly.io,1656,222.9,5.0
Fly.io,1657,142.0,5.0
Fly.io,1658,150.3,5.0
Fly.io,1659,235.8,5.0
Fly.io,1660,294.8,5.0
Fly.io,1661,271.9,5.0
Fly.io,1662,153.5,5.0
Fly.io,1663,141.5,5.0
Fly.io,1664,148.6,5.0
Fly.io,1665,278.3,5.0
Fly.io,1666,318.2,5.0
Fly.io,1667,167.1,5.0
Fly.io,1668,225.0,5.0
Fly.io,1669,208.0,5.0
Fly.io,1670,147.1,5.0
Fly.io,1671,266.1,5.0
Fly.io,1672,172.2,5.0
Fly.io,1673,282.6,5.0
Fly.io,1674,243.0,5.0
Fly.io,1675,144.7,5.0
Fly.io,1676,144.4,5.0
Fly.io,1677,207.8,5.0
Fly.io,1678,144.3,5.0
Fly.io,1679,234.7,5.0
Fly.io,1680,273.1,5.0
Fly.io,1681,143.5,5.0
Fly.io,1682,138.8,5.0
Fly.io,1683,212.8,5.0
Fly.io,1684,131.9,5.0
Fly.io,1685,315.3,5.0
Fly.io,1686,263.5,5.0
Fly.io,1687,221.7,5.0
Fly.io,1688,138.8,5.0
Fly.io,1689,157.7,5.0
Fly.io,1690,208.2,5.0
Fly.io,1691,330.6,5.0
Fly.io,1692,303.8,5.0
Fly.io,1693,155.9,5.0
Fly.io,1694,140.4,5.0
Fly.io,1695,169.7,5.0
Fly.io,1696,239.9,5.0
Fly.io,1697,301.1,5.0
Fly.io,1698,201.2,5.0
Fly.io,1699,145.3,5.0
Fly.io,1700,141.0,5.0
Fly.io,1701,155.8,5.0
Fly.io,1702,190.4,5.0
Fly.io,1703,156.7,4.5
Fly.io,1704,305.6,5.0
Fly.io,1705,275.0,5.0
Fly.io,1706,151.0,5.0
Fly.io,1707,144.9,5.0
Fly.io,1708,242.3,5.0
Fly.io,1709,147.3,5.0
Fly.io,1710,304.4,5.0
Fly.io,1711,267.3,5.0
Fly.io,1712,139.2,5.0
Fly.io,1713,148.9,5.0
Fly.io,1714,245.6,5.0
Fly.io,1715,145.5,5.0
Fly.io,1716,278.6,5.0
Fly.io,1717,260.3,5.0
Fly.io,1718,146.6,5.0
Fly.io,1719,145.9,5.0
Fly.io,1720,249.7,5.0
Fly.io,1721,146.0,5.0
Fly.io,1722,327.7,5.0
Fly.io,1723,268.1,5.0
Fly.io,1724,149.2,5.0
Fly.io,1725,161.7,5.0
Fly.io,1726,236.4,5.0
Fly.io,1727,181.1,5.0
Fly.io,1728,285.9,5.0
Fly.io,1729,191.1,5.0
Fly.io,1730,141.7,5.0
Fly.io,1731,197.4,5.0
Fly.io,1732,199.9,5.0
Fly.io,1733,298.0,5.0
Fly.io,1734,202.4,5.0
Fly.io,1735,241.8,5.0
Fly.io,1736,153.5,5.0
Fly.io,1737,259.8,5.0
Fly.io,1738,255.3,5.0
Fly.io,1739,150.5,5.0
Fly.io,1740,258.2,5.0
Fly.io,1741,196.9,5.0
Fly.io,1742,142.5,5.0
Fly.io,1743,171.1,5.0
Fly.io,1744,191.4,5.0
Fly.io,1745,247.6,5.0
Fly.io,1746,217.5,5.0
Fly.io,1747,281.4,5.0
Fly.io,1748,146.8,5.0
Fly.io,1749,232.2,5.0
Fly.io,1750,257.7,5.0
Fly.io,1751,175.4,5.0
Fly.io,1752,186.2,5.0
Fly.io,1753,190.8,5.0
Fly.io,1754,158.9,5.0
Fly.io,1755,268.5,5.0
Fly.io,1756,261.3,5.0
Fly.io,1757,141.9,5.0
Fly.io,1758,275.4,5.0
Fly.io,1759,219.5,5.0
Fly.io,1760,210.3,5.0
Fly.io,1761,284.0,5.0
Fly.io,1762,277.9,5.0
Fly.io,1763,154.6,5.0
Fly.io,1764,247.7,5.0
Fly.io,1765,287.6,5.0
Fly.io,1766,187.5,5.0
Fly.io,1767,153.0,5.0
Fly.io,1768,152.2,5.0
Fly.io,1769,204.6,4.5
Fly.io,1770,299.1,5.0
Fly.io,1771,196.7,4.5
Fly.io,1772,284.2,5.0
Fly.io,1773,224.7,5.0
Fly.io,1774,191.3,5.0
Fly.io,1775,141.5,5.0
Fly.io,1776,266.1,5.0
Fly.io,1777,266.0,5.0
Fly.io,1778,262.7,5.0
Fly.io,1779,162.4,5.0
Fly.io,1780,201.1,5.0
Fly.io,1781,142.8,5.0
Fly.io,1782,266.2,5.0
Fly.io,1783,254.6,5.0
Fly.io,1784,249.7,5.0
Fly.io,1785,148.7,5.0
Fly.io,1786,166.2,5.0
Fly.io,1787,187.0,5.0
Fly.io,1788,281.0,5.0
Fly.io,1789,238.7,5.0
Fly.io,1790,283.8,5.0
Fly.io,1791,140.7,5.0
Fly.io,1792,296.4,5.0
Fly.io,1793,140.9,5.0
Fly.io,1794,312.7,5.0
Fly.io,1795,232.1,5.0
Fly.io,1796,280.8,5.0
Fly.io,1797,220.4,5.0
Fly.io,1798,285.4,5.0
Fly.io,1799,180.6,4.5
Fly.io,1803,19258.4,1.0
Fly.io,1807,19247.1,1.0
Fly.io,1815,19236.0,1.0
Fly.io,728,284.5,40.0
Fly.io,729,283.4,40.0
Fly.io,730,289.9,40.0
Fly.io,731,282.7,40.5
Fly.io,799,330.8,40.0
Fly.io,800,326.3,40.0
Fly.io,801,340.3,40.0
Fly.io,802,304.5,40.0
Fly.io,803,304.2,39.0
Fly.io,832,348.3,40.0
Fly.io,838,352.2,40.0
Fly.io,1027,302.7,5.0
Fly.io,1033,257.4,5.0
Fly.io,1036,158.5,5.0
Fly.io,1041,332.2,5.0
Fly.io,1521,259.9,5.0
Fly.io,1557,236.1,5.0
Fly.io,1800,132.6,1.0
IIS,0,134.3,3.0
IIS,1,152.9,5.0
IIS,2,143.4,5.0
IIS,3,137.3,5.0
IIS,4,136.4,5.0
IIS,5,134.0,5.0
IIS,6,149.7,5.0
IIS,7,179.3,5.0
IIS,8,177.0,5.0
IIS,9,194.1,5.0
IIS,10,168.9,5.0
IIS,11,162.3,5.0
IIS,12,166.5,5.0
IIS,13,148.8,5.0
IIS,14,147.6,5.0
IIS,15,192.9,5.0
IIS,16,152.3,5.0
IIS,17,163.2,5.0
IIS,18,160.9,5.0
IIS,19,195.0,5.0
IIS,20,174.5,5.0
IIS,21,180.6,5.0
IIS,22,183.8,5.0
IIS,23,178.8,5.0
IIS,24,160.4,5.0
IIS,25,157.8,5.0
IIS,26,161.7,5.0
IIS,27,160.9,5.0
IIS,28,179.6,5.0
IIS,29,188.0,5.0
IIS,30,186.8,5.0
IIS,31,159.3,5.0
IIS,32,194.1,5.0
IIS,33,166.1,5.0
IIS,34,183.9,5.0
IIS,35,163.9,5.0
IIS,36,167.8,5.0
IIS,37,173.2,5.0
IIS,38,167.5,5.0
IIS,39,193.8,5.0
IIS,40,157.6,5.0
IIS,41,166.7,5.0
IIS,42,148.6,5.0
IIS,43,171.6,5.0
IIS,44,160.3,5.0
IIS,45,161.2,5.0
IIS,46,147.0,5.0
IIS,47,175.0,5.0
IIS,48,193.6,5.0
IIS,49,173.7,5.0
IIS,50,143.3,5.0
IIS,51,128.5,5.0
IIS,52,168.4,5.0
IIS,53,143.9,5.0
IIS,54,140.2,5.0
IIS,55,184.3,5.0
IIS,56,581.8,5.0
IIS,57,147.7,5.0
IIS,58,140.8,5.0
IIS,59,172.5,5.0
IIS,60,185.0,5.0
IIS,61,203.7,5.0
IIS,62,198.2,5.0
IIS,63,171.6,5.0
IIS,64,165.6,5.0
IIS,65,223.8,5.0
IIS,66,159.4,5.0
IIS,67,159.4,5.0
IIS,68,151.3,5.0
IIS,69,147.4,5.0
IIS,70,155.1,5.0
IIS,71,190.4,5.0
IIS,72,174.5,5.0
IIS,73,157.3,5.0
IIS,74,138.2,5.0
IIS,75,188.4,5.0
IIS,76,143.9,5.0
IIS,77,165.0,5.0
IIS,78,158.6,5.0
IIS,79,164.3,5.0
IIS,80,169.1,5.0
IIS,81,181.8,5.0
IIS,82,142.2,5.0
IIS,83,173.6,5.0
IIS,84,169.3,5.0
IIS,85,156.0,5.0
IIS,86,149.4,5.0
IIS,87,153.5,5.0
IIS,88,145.3,5.0
IIS,89,163.5,5.0
IIS,90,142.5,5.0
IIS,91,179.9,5.0
IIS,92,156.0,5.0
IIS,93,156.1,5.0
IIS,94,144.0,5.0
IIS,95,142.0,5.0
IIS,96,197.3,5.0
IIS,97,192.8,5.0
IIS,98,144.2,5.0
IIS,99,158.5,5.0
IIS,100,183.5,5.0
IIS,101,167.8,5.0
IIS,102,165.0,5.0
IIS,103,174.1,5.0
IIS,104,200.3,5.0
IIS,105,180.0,5.0
IIS,106,148.8,5.0
IIS,107,155.0,5.0
IIS,108,181.4,5.0
IIS,109,201.6,5.0
IIS,110,141.8,5.0
IIS,111,145.4,5.0
IIS,112,144.0,5.0
IIS,113,137.4,5.0
IIS,114,143.8,5.0
IIS,115,146.0,5.0
IIS,116,138.2,5.0
IIS,117,183.1,5.0
IIS,118,162.6,5.0
IIS,119,179.9,5.0
IIS,120,176.1,5.0
IIS,121,182.3,5.0
IIS,122,173.8,5.0
IIS,123,196.7,5.0
IIS,124,183.2,5.0
IIS,125,165.1,5.0
IIS,126,176.5,5.0
IIS,127,171.8,5.0
IIS,128,154.7,5.0
IIS,129,157.0,5.0
IIS,130,164.5,5.0
IIS,131,164.8,5.0
IIS,132,202.2,5.0
IIS,133,179.7,5.0
IIS,134,192.0,5.0
IIS,135,175.6,5.0
IIS,136,178.8,5.0
IIS,137,174.7,5.0
IIS,138,175.6,5.0
IIS,139,186.9,5.0
IIS,140,134.5,5.0
IIS,141,175.4,5.0
IIS,142,188.9,5.0
IIS,143,162.5,5.0
IIS,144,156.8,5.0
IIS,145,173.9,5.0
IIS,146,179.7,5.0
IIS,147,195.2,5.0
IIS,148,185.8,5.0
IIS,149,172.0,5.0
IIS,150,158.0,5.0
IIS,151,169.3,5.0
IIS,152,142.1,5.0
IIS,153,148.7,5.0
IIS,154,165.8,5.0
IIS,155,160.2,5.0
IIS,156,167.2,5.0
IIS,157,178.0,5.0
IIS,158,175.9,5.0
IIS,159,150.3,5.0
IIS,160,177.2,5.0
IIS,161,132.1,5.0
IIS,162,159.2,5.0
IIS,163,149.3,5.0
IIS,164,155.0,5.0
IIS,165,179.2,5.0
IIS,166,162.1,5.0
IIS,167,154.9,5.0
IIS,168,146.9,5.0
IIS,169,176.5,5.0
IIS,170,157.8,5.0
IIS,171,137.3,5.0
IIS,172,238.3,5.0
IIS,173,145.3,5.0
IIS,174,149.9,5.0
IIS,175,198.7,5.0
IIS,176,174.2,5.0
IIS,177,151.9,5.0
IIS,178,180.2,5.0
IIS,179,336.8,5.0
IIS,180,144.6,5.0
IIS,181,157.1,5.0
IIS,182,179.2,5.0
IIS,183,157.9,5.0
IIS,184,170.5,5.0
IIS,185,132.7,5.0
IIS,186,166.5,5.0
IIS,187,160.5,5.0
IIS,188,172.3,5.0
IIS,189,149.6,5.0
IIS,190,162.7,5.0
IIS,191,169.7,5.0
IIS,192,152.6,5.0
IIS,193,181.2,5.0
IIS,194,152.9,5.0
IIS,195,145.3,5.0
IIS,196,161.7,5.0
IIS,197,139.8,5.0
IIS,198,175.8,5.0
IIS,199,176.1,5.0
IIS,200,138.3,5.0
IIS,201,165.9,5.0
IIS,202,174.1,5.0
IIS,203,152.3,5.0
IIS,204,164.9,5.0
IIS,205,175.0,5.0
IIS,206,158.0,5.0
IIS,207,180.1,5.0
IIS,208,155.2,5.0
IIS,209,164.8,5.0
IIS,210,148.9,5.0
IIS,211,168.3,5.0
IIS,212,152.5,5.0
IIS,213,145.8,5.0
IIS,214,149.8,5.0
IIS,215,142.5,5.0
IIS,216,140.6,5.0
IIS,217,140.9,5.0
IIS,218,151.6,5.0
IIS,219,138.7,5.0
IIS,220,187.4,5.0
IIS,221,135.7,5.0
IIS,222,142.2,5.0
IIS,223,140.0,5.0
IIS,224,165.7,5.0
IIS,225,137.9,5.0
IIS,226,175.0,5.0
IIS,227,168.1,5.0
IIS,228,148.8,5.0
IIS,229,146.2,5.0
IIS,230,141.3,5.0
IIS,231,122.9,5.0
IIS,232,174.8,5.0
IIS,233,169.7,5.0
IIS,234,136.6,5.0
IIS,235,159.5,5.0
IIS,236,147.9,5.0
IIS,237,139.0,5.0
IIS,238,139.1,5.0
IIS,239,133.4,5.0
IIS,240,173.2,5.0
IIS,241,146.1,5.0
IIS,242,167.0,5.0
IIS,243,176.3,5.0
IIS,244,147.1,5.0
IIS,245,169.7,5.0
IIS,246,146.6,5.0
IIS,247,141.0,5.0
IIS,248,144.0,5.0
IIS,249,145.2,5.0
IIS,250,159.4,5.0
IIS,251,157.8,5.0
IIS,252,161.2,5.0
IIS,253,137.7,5.0
IIS,254,138.1,5.0
IIS,255,152.7,5.0
IIS,256,158.3,5.0
IIS,257,162.1,5.0
IIS,258,160.2,5.0
IIS,259,136.3,5.0
IIS,260,144.5,5.0
IIS,261,153.0,5.0
IIS,262,135.1,5.0
IIS,263,141.3,5.0
IIS,264,144.1,5.0
IIS,265,144.0,5.0
IIS,266,139.1,5.0
IIS,267,151.4,5.0
IIS,268,140.8,5.0
IIS,269,161.0,5.0
IIS,270,146.4,5.0
IIS,271,159.8,5.0
IIS,272,148.5,5.0
IIS,273,136.1,5.0
IIS,274,140.4,5.0
IIS,275,137.8,5.0
IIS,276,138.0,5.0
IIS,277,147.2,5.0
IIS,278,172.1,5.0
IIS,279,151.0,5.0
IIS,280,141.0,5.0
IIS,281,141.3,5.0
IIS,282,130.9,5.0
IIS,283,167.5,5.0
IIS,284,143.2,5.0
IIS,285,138.0,5.0
IIS,286,172.2,5.0
IIS,287,140.9,5.0
IIS,288,160.4,5.0
IIS,289,144.1,5.0
IIS,290,140.8,5.0
IIS,291,146.1,5.0
IIS,292,140.2,5.0
IIS,293,133.5,5.0
IIS,294,136.8,5.0
IIS,295,168.1,5.0
IIS,296,193.8,5.0
IIS,297,211.1,5.0
IIS,298,159.1,5.0
IIS,299,175.3,5.0
IIS,300,174.7,5.0
IIS,301,169.7,6.0
IIS,302,136.3,6.0
IIS,303,149.6,7.0
IIS,304,146.5,8.0
IIS,305,146.9,8.0
IIS,306,145.0,9.0
IIS,307,137.4,9.0
IIS,308,144.7,10.0
IIS,309,133.0,10.0
IIS,310,180.5,11.5
IIS,311,165.8,12.0
IIS,312,137.8,12.0
IIS,313,226.6,13.0
IIS,314,260.7,13.0
IIS,315,169.9,14.0
IIS,316,146.9,14.5
IIS,317,143.1,15.0
IIS,318,165.1,16.0
IIS,319,142.4,16.0
IIS,320,228.7,17.0
IIS,321,144.1,18.0
IIS,322,157.4,18.0
IIS,323,199.3,19.0
IIS,324,149.3,19.0
IIS,325,180.1,19.5
IIS,326,145.6,20.5
IIS,327,158.2,21.5
IIS,328,152.2,21.0
IIS,329,202.0,22.0
IIS,330,144.0,23.0
IIS,331,149.7,23.0
IIS,332,144.9,24.0
IIS,333,146.8,25.0
IIS,334,153.3,24.0
IIS,335,137.8,26.0
IIS,336,152.6,26.0
IIS,337,144.7,27.0
IIS,338,184.8,27.0
IIS,339,151.1,27.5
IIS,340,147.5,28.0
IIS,341,148.6,29.0
IIS,342,144.7,30.0
IIS,343,195.0,30.0
IIS,344,181.5,31.0
IIS,345,149.5,32.0
IIS,346,150.0,31.5
IIS,347,145.6,33.0
IIS,348,142.6,33.0
IIS,349,262.4,34.5
IIS,350,213.3,34.5
IIS,351,147.4,34.0
IIS,352,150.8,35.0
IIS,353,252.6,36.5
IIS,354,146.2,37.0
IIS,355,145.8,36.5
IIS,356,144.4,38.0
IIS,357,182.9,38.5
IIS,358,141.2,39.0
IIS,359,184.0,39.0
IIS,360,186.1,39.0
IIS,361,165.9,40.0
IIS,362,147.2,40.0
IIS,363,148.5,39.5
IIS,364,178.5,40.0
IIS,365,168.9,39.5
IIS,366,147.3,40.0
IIS,367,145.6,41.0
IIS,368,147.0,40.0
IIS,369,143.3,39.0
IIS,370,143.3,40.0
IIS,371,151.2,40.0
IIS,372,186.0,41.0
IIS,373,153.6,40.0
IIS,374,153.4,40.5
IIS,375,141.3,40.0
IIS,376,150.9,39.5
IIS,377,152.2,40.5
IIS,378,152.2,40.5
IIS,379,144.8,40.0
IIS,380,209.1,40.0
IIS,381,148.7,40.0
IIS,382,143.2,40.0
IIS,383,149.2,40.0
IIS,384,144.5,40.0
IIS,385,146.4,40.5
IIS,386,144.7,40.0
IIS,387,150.8,40.5
IIS,388,147.4,40.5
IIS,389,140.4,40.0
IIS,390,150.2,40.0
IIS,391,148.5,40.0
IIS,392,138.5,40.0
IIS,393,154.9,40.0
IIS,394,152.9,39.5
IIS,395,149.3,41.0
IIS,396,143.9,39.5
IIS,397,190.2,39.5
IIS,398,148.6,39.5
IIS,399,146.6,40.0
IIS,400,147.9,40.0
IIS,401,146.2,40.0
IIS,402,152.2,40.0
IIS,403,146.8,40.0
IIS,404,145.7,40.0
IIS,405,149.7,40.0
IIS,406,149.6,40.0
IIS,407,144.9,40.5
IIS,408,156.6,40.0
IIS,409,147.1,40.0
IIS,410,146.3,40.0
IIS,411,144.5,39.0
IIS,412,155.4,41.0
IIS,413,146.6,40.5
IIS,414,147.3,39.5
IIS,415,151.4,40.0
IIS,416,143.9,40.0
IIS,417,149.1,40.0
IIS,418,142.6,39.0
IIS,419,148.4,40.5
IIS,420,144.8,40.0
IIS,421,140.2,39.5
IIS,422,142.1,39.5
IIS,423,152.5,40.0
IIS,424,149.7,40.0
IIS,425,157.6,40.5
IIS,426,147.2,40.0
IIS,427,156.0,40.0
IIS,428,143.2,40.0
IIS,429,150.9,39.0
IIS,430,144.8,40.0
IIS,431,148.8,41.0
IIS,432,144.4,40.0
IIS,433,150.3,39.5
IIS,434,236.5,40.0
IIS,435,189.4,40.5
IIS,436,143.8,39.5
IIS,437,139.2,40.0
IIS,438,145.6,39.5
IIS,439,168.8,40.0
IIS,440,147.7,40.0
IIS,441,149.0,40.0
IIS,442,152.3,40.0
IIS,443,153.7,41.5
IIS,444,144.6,40.0
IIS,445,145.2,39.5
IIS,446,141.9,40.0
IIS,447,158.9,38.0
IIS,448,443.5,40.5
IIS,449,220.2,40.0
IIS,450,152.4,40.0
IIS,451,143.6,40.0
IIS,452,157.8,40.0
IIS,453,152.5,40.0
IIS,454,147.7,39.5
IIS,455,153.3,40.0
IIS,456,147.9,41.0
IIS,457,213.1,40.0
IIS,458,149.3,40.5
IIS,459,142.5,40.0
IIS,460,151.0,40.0
IIS,461,142.8,39.5
IIS,462,152.1,40.5
IIS,463,150.2,40.0
IIS,464,163.0,40.0
IIS,465,154.6,40.5
IIS,466,154.7,39.5
IIS,467,153.6,40.0
IIS,468,149.7,40.0
IIS,469,146.1,40.0
IIS,470,151.3,39.5
IIS,471,154.4,40.0
IIS,472,141.6,40.0
IIS,473,147.9,39.5
IIS,474,148.5,41.0
IIS,475,144.9,39.5
IIS,476,146.3,40.0
IIS,477,181.3,39.5
IIS,478,200.4,40.0
IIS,479,146.6,40.0
IIS,480,146.4,40.0
IIS,481,144.7,40.0
IIS,482,149.7,39.5
IIS,483,149.0,40.0
IIS,484,156.4,41.0
IIS,485,205.4,39.5
IIS,486,146.7,40.5
IIS,487,151.0,40.0
IIS,488,140.0,40.0
IIS,489,151.2,40.0
IIS,490,144.8,40.0
IIS,491,146.7,39.5
IIS,492,145.0,41.0
IIS,493,145.9,39.5
IIS,494,146.7,40.0
IIS,495,148.2,40.5
IIS,496,147.8,40.0
IIS,497,144.5,39.5
IIS,498,148.4,39.5
IIS,499,147.0,40.5
IIS,500,150.6,39.0
IIS,501,151.3,40.5
IIS,502,147.0,41.0
IIS,503,154.4,39.5
IIS,504,155.9,40.0
IIS,505,155.7,40.0
IIS,506,149.9,40.0
IIS,507,142.0,40.0
IIS,508,144.1,40.0
IIS,509,150.5,39.5
IIS,510,139.8,40.0
IIS,511,158.1,40.5
IIS,512,144.3,40.0
IIS,513,145.2,39.5
IIS,514,180.3,39.0
IIS,515,160.5,41.0
IIS,516,151.2,40.0
IIS,517,150.7,40.5
IIS,518,157.6,40.0
IIS,519,145.1,40.0
IIS,520,140.6,39.5
IIS,521,148.6,40.0
IIS,522,194.8,40.0
IIS,523,150.1,40.5
IIS,524,142.4,40.0
IIS,525,152.2,40.0
IIS,526,154.1,40.0
IIS,527,147.5,40.5
IIS,528,168.4,39.0
IIS,529,169.5,40.0
IIS,530,173.0,40.0
IIS,531,143.6,39.0
IIS,532,148.4,41.0
IIS,533,146.4,40.0
IIS,534,144.8,40.0
IIS,535,147.5,40.0
IIS,536,149.2,39.0
IIS,537,152.0,40.5
IIS,538,148.3,40.0
IIS,539,145.1,39.5
IIS,540,146.8,40.5
IIS,541,145.2,39.5
IIS,542,182.1,40.0
IIS,543,160.6,40.0
IIS,544,152.0,39.5
IIS,545,213.9,40.5
IIS,546,148.7,40.0
IIS,547,149.2,40.5
IIS,548,150.1,39.0
IIS,549,187.4,40.0
IIS,550,155.0,40.0
IIS,551,144.3,40.0
IIS,552,170.6,41.0
IIS,553,150.1,39.0
IIS,554,149.7,41.0
IIS,555,158.8,40.0
IIS,556,156.3,40.0
IIS,557,148.9,40.0
IIS,558,141.6,39.5
IIS,559,150.9,41.0
IIS,560,154.0,40.0
IIS,561,140.8,40.0
IIS,562,149.1,40.5
IIS,563,146.4,39.5
IIS,564,144.0,40.0
IIS,565,141.7,40.5
IIS,566,142.3,40.0
IIS,567,153.8,40.5
IIS,568,139.1,40.5
IIS,569,141.1,39.5
IIS,570,150.3,40.0
IIS,571,146.0,40.0
IIS,572,147.4,41.0
IIS,573,148.2,40.0
IIS,574,150.8,40.0
IIS,575,169.0,39.0
IIS,576,156.8,41.0
IIS,577,141.3,40.0
IIS,578,150.2,40.0
IIS,579,141.9,40.0
IIS,580,145.3,40.0
IIS,581,161.3,40.0
IIS,582,220.6,40.5
IIS,583,150.2,39.0
IIS,584,152.2,40.0
IIS,585,167.8,40.0
IIS,586,154.2,40.5
IIS,587,148.5,40.0
IIS,588,145.5,41.0
IIS,589,144.0,39.0
IIS,590,145.3,41.0
IIS,591,143.4,40.0
IIS,592,147.2,39.5
IIS,593,152.5,40.5
IIS,594,144.9,40.0
IIS,595,143.9,40.0
IIS,596,140.2,40.0
IIS,597,151.5,40.0
IIS,598,147.9,40.5
IIS,599,140.9,40.0
IIS,600,145.9,39.5
IIS,601,143.6,40.0
IIS,602,142.9,40.0
IIS,603,140.9,40.0
IIS,604,145.8,39.0
IIS,605,152.5,39.5
IIS,606,146.2,40.5
IIS,607,149.2,40.0
IIS,608,146.5,40.0
IIS,609,150.5,40.0
IIS,610,144.8,41.0
IIS,611,148.9,40.0
IIS,612,148.7,40.0
IIS,613,146.6,40.5
IIS,614,143.1,40.0
IIS,615,151.0,39.5
IIS,616,156.1,40.5
IIS,617,143.4,40.0
IIS,618,144.3,40.0
IIS,619,144.7,40.0
IIS,620,146.5,40.5
IIS,621,149.8,40.0
IIS,622,144.6,40.0
IIS,623,154.6,40.0
IIS,624,143.9,40.0
IIS,625,144.0,38.5
IIS,626,232.8,41.5
IIS,627,143.1,39.5
IIS,628,153.1,40.0
IIS,629,147.4,40.0
IIS,630,145.9,39.5
IIS,631,162.0,40.0
IIS,632,165.0,40.0
IIS,633,145.8,41.0
IIS,634,141.5,40.0
IIS,635,140.7,39.5
IIS,636,144.3,40.0
IIS,637,151.0,40.0
IIS,638,144.1,40.5
IIS,639,150.7,40.5
IIS,640,148.8,40.0
IIS,641,143.3,39.0
IIS,642,218.1,40.0
IIS,643,152.2,40.0
IIS,644,144.1,40.0
IIS,645,148.7,40.0
IIS,646,168.2,40.0
IIS,647,149.6,40.0
IIS,648,173.8,40.5
IIS,649,167.5,40.0
IIS,650,147.0,39.5
IIS,651,154.1,40.5
IIS,652,175.8,40.0
IIS,653,148.4,40.0
IIS,654,146.8,40.0
IIS,655,148.6,40.0
IIS,656,145.7,40.0
IIS,657,149.9,40.0
IIS,658,158.0,40.0
IIS,659,146.8,40.5
IIS,660,143.6,40.0
IIS,661,146.7,40.0
IIS,662,148.5,39.0
IIS,663,143.4,40.5
IIS,664,142.1,39.5
IIS,665,162.3,40.0
IIS,666,144.9,40.0
IIS,667,143.7,39.5
IIS,668,146.9,40.0
IIS,669,147.6,40.5
IIS,670,145.5,40.0
IIS,671,150.6,40.0
IIS,672,148.3,40.0
IIS,673,143.5,40.0
IIS,674,145.4,39.5
IIS,675,145.3,40.0
IIS,676,147.0,40.0
IIS,677,145.4,40.0
IIS,678,148.4,39.0
IIS,679,146.5,41.0
IIS,680,155.8,40.0
IIS,681,144.4,40.0
IIS,682,141.1,39.5
IIS,683,144.0,39.5
IIS,684,142.4,40.0
IIS,685,145.8,39.0
IIS,686,142.3,40.5
IIS,687,139.5,40.0
IIS,688,141.7,40.0
IIS,689,151.1,40.0
IIS,690,194.7,40.5
IIS,691,142.5,40.0
IIS,692,188.8,39.5
IIS,693,158.6,41.0
IIS,694,166.2,40.0
IIS,695,165.3,40.5
IIS,696,186.2,40.0
IIS,697,150.5,39.5
IIS,698,157.0,40.5
IIS,699,152.4,40.0
IIS,700,140.5,40.0
IIS,701,148.6,39.5
IIS,702,196.9,40.0
IIS,703,141.5,39.5
IIS,704,153.7,40.5
IIS,705,165.8,40.0
IIS,706,176.9,40.0
IIS,707,146.1,39.0
IIS,708,148.0,41.0
IIS,709,162.5,40.0
IIS,710,144.6,40.5
IIS,711,157.6,40.5
IIS,712,143.8,40.5
IIS,713,157.7,41.0
IIS,714,141.8,39.0
IIS,715,150.2,41.0
IIS,716,143.2,40.0
IIS,717,156.6,40.0
IIS,718,153.0,39.0
IIS,719,186.7,41.0
IIS,720,156.3,40.0
IIS,721,145.7,39.5
IIS,722,146.2,40.0
IIS,723,145.5,40.0
IIS,724,149.6,39.0
IIS,725,153.4,40.5
IIS,726,185.8,40.0
IIS,727,287.5,40.0
IIS,728,153.4,40.0
IIS,729,145.9,40.0
IIS,730,162.6,39.5
IIS,731,141.8,40.0
IIS,732,145.3,41.0
IIS,733,140.9,39.5
IIS,734,163.3,41.0
IIS,735,151.6,40.0
IIS,736,146.4,40.0
IIS,737,150.0,40.5
IIS,738,153.4,39.0
IIS,739,151.2,40.5
IIS,740,146.4,40.0
IIS,741,146.9,40.0
IIS,742,149.0,40.0
IIS,743,174.8,39.0
IIS,744,148.7,41.0
IIS,745,148.3,40.0
IIS,746,142.8,41.0
IIS,747,156.4,39.5
IIS,748,147.1,40.5
IIS,749,146.4,40.0
IIS,750,148.0,39.5
IIS,751,148.3,40.5
IIS,752,143.2,40.0
IIS,753,145.4,40.5
IIS,754,146.9,40.0
IIS,755,142.3,40.0
IIS,756,202.9,40.0
IIS,757,160.8,40.0
IIS,758,144.4,40.0
IIS,759,142.8,40.0
IIS,760,162.0,40.5
IIS,761,141.0,39.5
IIS,762,146.2,40.5
IIS,763,144.3,40.0
IIS,764,158.3,39.5
IIS,765,152.4,41.0
IIS,766,148.3,39.5
IIS,767,142.4,40.0
IIS,768,144.4,40.0
IIS,769,155.7,40.0
IIS,770,162.3,40.0
IIS,771,147.3,40.5
IIS,772,148.5,40.0
IIS,773,142.1,40.5
IIS,774,148.7,40.0
IIS,775,144.9,39.5
IIS,776,147.8,40.5
IIS,777,142.1,39.5
IIS,778,142.2,40.5
IIS,779,142.7,39.5
IIS,780,147.2,40.0
IIS,781,143.7,40.0
IIS,782,147.1,39.5
IIS,783,141.6,40.0
IIS,784,153.9,40.0
IIS,785,140.5,40.0
IIS,786,159.5,40.0
IIS,787,163.1,40.0
IIS,788,145.6,39.5
IIS,789,162.0,40.0
IIS,790,142.2,40.5
IIS,791,146.4,40.5
IIS,792,150.1,40.0
IIS,793,146.4,40.5
IIS,794,142.2,39.5
IIS,795,141.2,39.0
IIS,796,147.4,40.0
IIS,797,147.2,40.0
IIS,798,148.7,40.0
IIS,799,150.3,41.0
IIS,800,154.2,40.0
IIS,801,214.4,40.0
IIS,802,168.9,40.0
IIS,803,166.0,41.0
IIS,804,154.5,40.0
IIS,805,152.7,40.0
IIS,806,146.9,39.5
IIS,807,149.9,40.0
IIS,808,148.1,40.0
IIS,809,155.0,39.5
IIS,810,151.8,40.0
IIS,811,154.3,40.0
IIS,812,143.6,40.0
IIS,813,140.7,40.0
IIS,814,151.3,40.0
IIS,815,139.9,39.5
IIS,816,153.1,40.5
IIS,817,147.5,40.0
IIS,818,147.7,40.0
IIS,819,145.5,39.0
IIS,820,141.4,41.0
IIS,821,145.6,40.0
IIS,822,148.8,41.0
IIS,823,139.0,40.0
IIS,824,170.3,40.0
IIS,825,139.4,39.5
IIS,826,209.1,40.0
IIS,827,153.9,39.5
IIS,828,147.4,40.0
IIS,829,153.5,40.0
IIS,830,145.3,40.0
IIS,831,159.9,39.5
IIS,832,146.5,40.0
IIS,833,142.0,39.0
IIS,834,144.0,40.0
IIS,835,162.9,40.5
IIS,836,143.8,40.0
IIS,837,142.7,40.0
IIS,838,147.8,40.5
IIS,839,143.7,40.0
IIS,840,142.8,39.0
IIS,841,194.5,40.0
IIS,842,147.3,40.0
IIS,843,146.0,39.5
IIS,844,148.8,40.0
IIS,845,153.6,39.5
IIS,846,152.3,39.5
IIS,847,152.1,40.0
IIS,848,142.3,40.0
IIS,849,142.4,40.0
IIS,850,147.0,40.5
IIS,851,152.7,39.5
IIS,852,151.6,40.5
IIS,853,142.6,40.0
IIS,854,151.3,40.0
IIS,855,152.4,40.0
IIS,856,146.4,40.0
IIS,857,147.0,40.0
IIS,858,145.6,39.0
IIS,859,189.4,40.5
IIS,860,150.8,40.0
IIS,861,147.8,41.5
IIS,862,148.3,39.5
IIS,863,142.1,40.0
IIS,864,154.7,39.0
IIS,865,150.1,39.5
IIS,866,172.9,40.0
IIS,867,199.8,40.5
IIS,868,150.2,40.5
IIS,869,145.4,40.0
IIS,870,149.2,39.0
IIS,871,152.3,41.0
IIS,872,144.8,39.0
IIS,873,151.3,40.0
IIS,874,151.4,39.5
IIS,875,144.7,39.5
IIS,876,152.2,40.0
IIS,877,149.4,41.5
IIS,878,150.4,39.0
IIS,879,150.1,40.0
IIS,880,147.2,40.0
IIS,881,156.4,40.5
IIS,882,158.1,39.0
IIS,883,156.1,41.0
IIS,884,153.8,39.0
IIS,885,152.8,40.5
IIS,886,159.8,41.0
IIS,887,148.4,39.5
IIS,888,157.1,40.0
IIS,889,147.9,40.0
IIS,890,150.8,40.0
IIS,891,147.5,40.0
IIS,892,151.5,39.5
IIS,893,160.2,40.0
IIS,894,172.3,41.0
IIS,895,144.8,39.5
IIS,896,165.6,40.0
IIS,897,159.0,40.0
IIS,898,152.3,40.0
IIS,899,150.5,41.0
IIS,900,171.4,40.0
IIS,901,151.1,39.0
IIS,902,159.7,41.0
IIS,903,155.7,40.0
IIS,904,164.4,39.5
IIS,905,153.0,40.0
IIS,906,160.0,40.0
IIS,907,148.0,40.0
IIS,908,147.2,40.0
IIS,909,182.8,39.5
IIS,910,151.1,40.5
IIS,911,150.0,40.0
IIS,912,146.3,40.0
IIS,913,153.2,41.0
IIS,914,147.3,39.0
IIS,915,155.8,41.0
IIS,916,145.1,39.5
IIS,917,145.7,39.5
IIS,918,150.5,40.0
IIS,919,145.1,40.0
IIS,920,160.4,40.0
IIS,921,153.4,40.0
IIS,922,149.0,40.0
IIS,923,184.6,40.0
IIS,924,148.7,40.0
IIS,925,145.3,40.5
IIS,926,150.1,39.5
IIS,927,157.0,40.0
IIS,928,144.6,40.0
IIS,929,151.5,40.0
IIS,930,143.2,40.0
IIS,931,145.7,40.0
IIS,932,145.7,39.0
IIS,933,144.1,40.5
IIS,934,151.8,40.0
IIS,935,157.0,40.0
IIS,936,148.2,39.5
IIS,937,155.0,40.5
IIS,938,144.4,40.0
IIS,939,153.2,41.0
IIS,940,146.6,39.0
IIS,941,169.1,40.5
IIS,942,150.1,40.0
IIS,943,152.0,40.0
IIS,944,147.0,40.0
IIS,945,146.5,40.0
IIS,946,147.7,39.5
IIS,947,146.8,41.0
IIS,948,167.4,40.0
IIS,949,148.6,39.5
IIS,950,152.2,40.0
IIS,951,158.2,39.5
IIS,952,145.9,41.0
IIS,953,151.8,39.5
IIS,954,158.7,40.0
IIS,955,151.2,40.0
IIS,956,161.7,39.5
IIS,957,150.8,40.0
IIS,958,151.7,40.5
IIS,959,150.5,39.5
IIS,960,151.4,40.0
IIS,961,147.9,39.0
IIS,962,164.4,39.0
IIS,963,152.6,38.0
IIS,964,171.2,37.0
IIS,965,146.8,36.5
IIS,966,222.5,37.0
IIS,967,148.3,35.0
IIS,968,147.5,35.5
IIS,969,209.1,35.0
IIS,970,193.2,34.5
IIS,971,148.0,33.0
IIS,972,175.2,33.0
IIS,973,145.9,32.0
IIS,974,149.2,31.5
IIS,975,154.2,31.5
IIS,976,148.2,30.0
IIS,977,149.1,30.5
IIS,978,154.3,28.5
IIS,979,151.2,28.5
IIS,980,148.0,28.0
IIS,981,149.7,28.0
IIS,982,145.7,26.0
IIS,983,168.6,27.0
IIS,984,145.8,25.5
IIS,985,146.5,26.0
IIS,986,151.5,24.0
IIS,987,154.6,24.0
IIS,988,383.0,24.0
IIS,989,147.4,23.0
IIS,990,152.4,22.5
IIS,991,152.3,22.0
IIS,992,147.6,21.0
IIS,993,146.1,20.0
IIS,994,152.5,20.0
IIS,995,152.9,19.5
IIS,996,146.5,19.0
IIS,997,166.3,18.0
IIS,998,143.8,18.0
IIS,999,149.4,17.0
IIS,1000,146.8,16.0
IIS,1001,149.9,15.5
IIS,1002,256.8,15.5
IIS,1003,148.8,15.0
IIS,1004,142.0,13.5
IIS,1005,243.7,13.5
IIS,1006,188.5,13.5
IIS,1007,151.5,12.0
IIS,1008,143.2,12.0
IIS,1009,148.5,11.0
IIS,1010,485.5,10.5
IIS,1011,332.4,10.0
IIS,1012,143.3,10.0
IIS,1013,142.5,9.0
IIS,1014,136.9,8.0
IIS,1015,158.8,8.0
IIS,1016,152.6,7.0
IIS,1017,153.5,6.5
IIS,1018,171.5,6.0
IIS,1019,179.0,5.0
IIS,1020,167.6,5.0
IIS,1021,175.4,5.0
IIS,1022,172.4,5.0
IIS,1023,184.9,5.0
IIS,1024,178.8,5.0
IIS,1025,180.4,5.0
IIS,1026,195.2,5.0
IIS,1027,170.5,5.0
IIS,1028,178.6,5.0
IIS,1029,161.2,5.0
IIS,1030,195.0,5.0
IIS,1031,194.6,5.0
IIS,1032,191.9,5.0
IIS,1033,182.6,5.0
IIS,1034,172.6,5.0
IIS,1035,159.2,5.0
IIS,1036,172.2,5.0
IIS,1037,222.1,5.0
IIS,1038,148.9,5.0
IIS,1039,178.5,5.0
IIS,1040,153.9,5.0
IIS,1041,155.1,5.0
IIS,1042,179.5,5.0
IIS,1043,168.2,5.0
IIS,1044,163.2,5.0
IIS,1045,147.9,5.0
IIS,1046,196.1,5.0
IIS,1047,148.2,5.0
IIS,1048,155.2,4.5
IIS,1049,178.4,5.0
IIS,1050,155.5,5.0
IIS,1051,167.1,5.0
IIS,1052,152.2,5.0
IIS,1053,173.2,5.0
IIS,1054,148.7,5.0
IIS,1055,155.7,5.0
IIS,1056,183.6,5.0
IIS,1057,191.4,5.0
IIS,1058,166.6,5.0
IIS,1059,189.3,5.0
IIS,1060,207.0,5.0
IIS,1061,171.3,5.0
IIS,1062,201.3,5.0
IIS,1063,178.7,5.0
IIS,1064,206.9,5.0
IIS,1065,172.3,5.0
IIS,1066,196.4,5.0
IIS,1067,158.2,5.0
IIS,1068,145.6,5.0
IIS,1069,193.3,5.0
IIS,1070,232.5,5.5
IIS,1071,159.0,5.0
IIS,1072,188.0,5.0
IIS,1073,154.5,5.0
IIS,1074,168.8,5.0
IIS,1075,190.4,5.0
IIS,1076,195.3,5.0
IIS,1077,167.7,5.0
IIS,1078,183.7,5.0
IIS,1079,155.9,5.0
IIS,1080,146.5,5.0
IIS,1081,148.1,5.0
IIS,1082,159.5,5.0
IIS,1083,144.0,5.0
IIS,1084,163.2,5.0
IIS,1085,185.2,5.0
IIS,1086,170.6,5.0
IIS,1087,174.7,5.0
IIS,1088,168.7,5.0
IIS,1089,144.9,5.0
IIS,1090,199.5,5.0
IIS,1091,176.3,5.0
IIS,1092,165.1,5.0
IIS,1093,134.0,5.0
IIS,1094,180.4,5.0
IIS,1095,162.9,5.0
IIS,1096,169.7,5.0
IIS,1097,169.1,5.0
IIS,1098,178.8,5.0
IIS,1099,158.4,5.0
IIS,1100,191.1,5.0
IIS,1101,153.5,5.0
IIS,1102,190.6,5.0
IIS,1103,152.1,5.0
IIS,1104,179.1,5.0
IIS,1105,163.0,5.0
IIS,1106,193.9,5.0
IIS,1107,171.1,5.0
IIS,1108,150.1,5.0
IIS,1109,169.9,5.0
IIS,1110,178.5,5.0
IIS,1111,159.8,5.0
IIS,1112,144.9,5.0
IIS,1113,187.6,5.0
IIS,1114,183.4,5.0
IIS,1115,188.3,5.0
IIS,1116,143.1,5.0
IIS,1117,189.9,5.0
IIS,1118,150.4,5.0
IIS,1119,170.8,5.0
IIS,1120,165.4,5.0
IIS,1121,169.8,5.0
IIS,1122,172.0,5.0
IIS,1123,171.0,5.0
IIS,1124,188.8,5.0
IIS,1125,152.8,5.0
IIS,1126,194.6,5.0
IIS,1127,175.0,5.0
IIS,1128,141.9,5.0
IIS,1129,153.7,5.0
IIS,1130,199.5,5.0
IIS,1131,179.2,5.0
IIS,1132,173.1,5.0
IIS,1133,178.7,5.0
IIS,1134,147.5,5.0
IIS,1135,147.8,5.0
IIS,1136,147.7,5.0
IIS,1137,146.4,5.0
IIS,1138,152.6,5.0
IIS,1139,175.4,5.0
IIS,1140,177.1,5.0
IIS,1141,136.9,5.0
IIS,1142,166.3,5.0
IIS,1143,156.3,5.0
IIS,1144,158.2,5.0
IIS,1145,182.6,5.0
IIS,1146,175.4,5.0
IIS,1147,186.9,5.0
IIS,1148,184.8,5.0
IIS,1149,205.4,5.0
IIS,1150,172.6,5.0
IIS,1151,164.0,5.0
IIS,1152,167.5,5.0
IIS,1153,151.5,5.0
IIS,1154,201.1,5.0
IIS,1155,186.5,5.0
IIS,1156,163.4,5.0
IIS,1157,191.9,5.0
IIS,1158,190.0,5.0
IIS,1159,159.2,5.0
IIS,1160,164.0,5.0
IIS,1161,163.5,5.0
IIS,1162,152.1,5.0
IIS,1163,162.6,5.0
IIS,1164,533.4,5.0
IIS,1165,166.7,5.0
IIS,1166,149.3,5.0
IIS,1167,159.4,5.0
IIS,1168,196.2,5.0
IIS,1169,165.2,5.0
IIS,1170,194.2,5.0
IIS,1171,170.1,5.0
IIS,1172,162.4,5.0
IIS,1173,155.8,5.0
IIS,1174,141.7,5.0
IIS,1175,147.9,5.0
IIS,1176,193.1,5.0
IIS,1177,165.2,5.0
IIS,1178,153.1,5.0
IIS,1179,154.3,5.0
IIS,1180,158.0,5.0
IIS,1181,173.1,5.0
IIS,1182,176.2,5.0
IIS,1183,157.3,5.0
IIS,1184,166.8,5.0
IIS,1185,155.9,5.0
IIS,1186,159.8,5.0
IIS,1187,236.3,5.0
IIS,1188,183.0,5.0
IIS,1189,136.0,5.0
IIS,1190,202.7,5.0
IIS,1191,176.8,5.0
IIS,1192,141.4,5.0
IIS,1193,180.6,5.0
IIS,1194,164.0,5.0
IIS,1195,196.3,5.0
IIS,1196,186.4,5.0
IIS,1197,187.7,5.0
IIS,1198,163.1,5.0
IIS,1199,201.7,5.0
IIS,1200,180.6,5.0
IIS,1201,187.0,5.0
IIS,1202,160.2,5.0
IIS,1203,195.2,5.0
IIS,1204,174.9,5.0
IIS,1205,186.8,5.0
IIS,1206,195.0,5.0
IIS,1207,206.1,5.0
IIS,1208,199.1,5.0
IIS,1209,192.6,5.0
IIS,1210,184.2,5.0
IIS,1211,178.8,5.0
IIS,1212,201.6,5.0
IIS,1213,190.2,5.0
IIS,1214,192.3,5.0
IIS,1215,183.9,5.0
IIS,1216,154.0,5.0
IIS,1217,182.7,5.0
IIS,1218,183.0,5.0
IIS,1219,150.1,5.0
IIS,1220,155.1,5.0
IIS,1221,151.2,5.0
IIS,1222,155.2,5.0
IIS,1223,165.8,5.0
IIS,1224,187.7,5.0
IIS,1225,178.9,5.0
IIS,1226,178.7,5.0
IIS,1227,164.3,5.0
IIS,1228,215.3,5.0
IIS,1229,203.1,5.0
IIS,1230,189.8,5.0
IIS,1231,166.8,5.0
IIS,1232,191.1,5.0
IIS,1233,229.3,5.0
IIS,1234,169.3,5.0
IIS,1235,167.1,5.0
IIS,1236,172.2,5.0
IIS,1237,198.9,5.0
IIS,1238,160.7,5.0
IIS,1239,174.7,5.0
IIS,1240,174.4,5.0
IIS,1241,149.7,5.0
IIS,1242,157.2,5.0
IIS,1243,146.3,5.0
IIS,1244,159.5,5.0
IIS,1245,203.9,5.0
IIS,1246,184.1,5.0
IIS,1247,185.9,5.0
IIS,1248,152.8,5.0
IIS,1249,145.8,5.0
IIS,1250,160.3,5.0
IIS,1251,185.8,5.0
IIS,1252,170.6,5.0
IIS,1253,155.1,5.0
IIS,1254,144.1,5.0
IIS,1255,163.0,5.0
IIS,1256,176.2,5.0
IIS,1257,157.7,5.0
IIS,1258,187.9,5.0
IIS,1259,183.9,5.0
IIS,1260,192.0,5.0
IIS,1261,193.3,5.0
IIS,1262,183.0,5.0
IIS,1263,202.4,5.0
IIS,1264,188.3,5.0
IIS,1265,186.5,5.0
IIS,1266,155.0,5.0
IIS,1267,197.5,5.0
IIS,1268,173.8,5.0
IIS,1269,194.8,5.0
IIS,1270,198.8,5.0
IIS,1271,178.7,5.0
IIS,1272,183.6,5.0
IIS,1273,169.1,5.0
IIS,1274,190.6,5.0
IIS,1275,154.1,5.0
IIS,1276,137.8,4.5
IIS,1277,192.8,5.0
IIS,1278,162.0,5.0
IIS,1279,142.4,5.0
IIS,1280,203.4,5.0
IIS,1281,180.3,5.0
IIS,1282,147.6,5.0
IIS,1283,198.2,5.0
IIS,1284,193.1,5.0
IIS,1285,190.4,5.0
IIS,1286,140.2,5.0
IIS,1287,150.7,5.0
IIS,1288,161.6,5.0
IIS,1289,175.3,5.0
IIS,1290,145.8,5.0
IIS,1291,148.7,5.0
IIS,1292,165.2,5.0
IIS,1293,187.4,5.0
IIS,1294,180.5,5.0
IIS,1295,171.7,5.0
IIS,1296,186.6,5.0
IIS,1297,198.9,5.0
IIS,1298,168.8,5.0
IIS,1299,166.5,5.0
IIS,1300,179.6,5.0
IIS,1301,205.6,5.0
IIS,1302,185.4,5.0
IIS,1303,193.3,5.0
IIS,1304,176.6,5.0
IIS,1305,189.4,5.0
IIS,1306,197.7,5.0
IIS,1307,192.6,5.0
IIS,1308,189.4,5.0
IIS,1309,185.1,5.0
IIS,1310,213.7,5.0
IIS,1311,198.2,5.0
IIS,1312,172.8,5.0
IIS,1313,144.1,5.0
IIS,1314,172.1,5.0
IIS,1315,184.9,5.0
IIS,1316,181.5,5.0
IIS,1317,163.9,5.0
IIS,1318,177.1,5.0
IIS,1319,170.2,5.0
IIS,1320,185.4,5.0
IIS,1321,163.9,5.0
IIS,1322,188.8,5.0
IIS,1323,169.9,5.0
IIS,1324,196.4,5.0
IIS,1325,170.1,5.0
IIS,1326,204.2,5.0
IIS,1327,187.5,5.0
IIS,1328,183.4,5.0
IIS,1329,191.6,5.0
IIS,1330,177.8,5.0
IIS,1331,190.2,5.0
IIS,1332,168.2,5.0
IIS,1333,201.7,5.0
IIS,1334,170.9,5.0
IIS,1335,170.2,5.0
IIS,1336,164.8,5.0
IIS,1337,196.1,5.0
IIS,1338,156.7,5.0
IIS,1339,152.5,5.0
IIS,1340,153.5,5.0
IIS,1341,181.3,5.0
IIS,1342,147.4,5.0
IIS,1343,156.8,5.0
IIS,1344,197.8,5.0
IIS,1345,137.1,5.0
IIS,1346,157.2,5.0
IIS,1347,180.6,5.0
IIS,1348,178.2,5.0
IIS,1349,164.9,5.0
IIS,1350,160.4,5.0
IIS,1351,184.3,5.0
IIS,1352,181.3,5.0
IIS,1353,193.3,5.0
IIS,1354,180.4,5.0
IIS,1355,152.2,5.0
IIS,1356,170.8,5.0
IIS,1357,169.5,5.0
IIS,1358,176.3,5.0
IIS,1359,165.1,5.0
IIS,1360,182.6,5.0
IIS,1361,185.4,5.0
IIS,1362,182.4,5.0
IIS,1363,189.1,5.0
IIS,1364,184.0,5.0
IIS,1365,171.0,5.0
IIS,1366,167.5,5.0
IIS,1367,179.8,5.0
IIS,1368,156.8,5.0
IIS,1369,237.9,5.0
IIS,1370,148.2,5.0
IIS,1371,164.4,5.0
IIS,1372,162.4,5.0
IIS,1373,154.2,5.0
IIS,1374,176.8,5.0
IIS,1375,156.0,5.0
IIS,1376,147.5,5.0
IIS,1377,176.1,5.0
IIS,1378,173.8,5.0
IIS,1379,204.3,5.0
IIS,1380,195.4,5.0
IIS,1381,184.4,5.0
IIS,1382,178.6,5.0
IIS,1383,185.1,5.0
IIS,1384,177.7,5.0
IIS,1385,194.1,5.0
IIS,1386,189.3,5.0
IIS,1387,204.0,5.0
IIS,1388,186.9,5.0
IIS,1389,193.2,5.0
IIS,1390,190.5,5.0
IIS,1391,190.9,5.0
IIS,1392,169.1,5.0
IIS,1393,151.2,5.0
IIS,1394,152.4,5.0
IIS,1395,146.9,5.0
IIS,1396,144.4,5.0
IIS,1397,147.4,5.0
IIS,1398,161.7,5.0
IIS,1399,168.9,5.0
IIS,1400,195.0,5.0
IIS,1401,180.8,5.0
IIS,1402,144.5,5.0
IIS,1403,169.6,5.0
IIS,1404,201.5,5.0
IIS,1405,193.0,5.0
IIS,1406,172.8,5.0
IIS,1407,176.0,5.0
IIS,1408,181.1,5.0
IIS,1409,154.3,5.0
IIS,1410,194.5,5.0
IIS,1411,167.5,5.0
IIS,1412,196.0,5.0
IIS,1413,164.5,5.0
IIS,1414,194.4,5.0
IIS,1415,169.1,5.0
IIS,1416,152.7,4.5
IIS,1417,175.2,5.0
IIS,1418,201.4,5.0
IIS,1419,178.7,4.5
IIS,1420,190.5,5.0
IIS,1421,198.3,5.0
IIS,1422,189.9,5.0
IIS,1423,138.9,5.0
IIS,1424,196.1,5.0
IIS,1425,166.7,5.0
IIS,1426,176.3,5.0
IIS,1427,184.4,5.0
IIS,1428,175.0,5.0
IIS,1429,195.3,5.0
IIS,1430,199.6,5.0
IIS,1431,178.6,5.0
IIS,1432,173.3,5.0
IIS,1433,164.7,5.0
IIS,1434,194.1,5.0
IIS,1435,176.2,5.0
IIS,1436,156.4,5.0
IIS,1437,197.3,5.0
IIS,1438,170.2,5.0
IIS,1439,189.1,5.0
IIS,1440,185.2,5.0
IIS,1441,171.8,5.0
IIS,1442,194.5,5.0
IIS,1443,195.6,5.0
IIS,1444,163.2,5.0
IIS,1445,141.7,5.0
IIS,1446,148.2,4.5
IIS,1447,332.0,5.0
IIS,1448,191.0,5.0
IIS,1449,175.6,5.0
IIS,1450,168.0,5.0
IIS,1451,204.6,5.0
IIS,1452,193.5,5.0
IIS,1453,184.9,5.0
IIS,1454,171.2,5.0
IIS,1455,196.2,5.0
IIS,1456,189.8,5.0
IIS,1457,183.9,5.0
IIS,1458,181.3,5.0
IIS,1459,177.4,5.0
IIS,1460,193.9,5.0
IIS,1461,167.2,5.0
IIS,1462,155.1,5.0
IIS,1463,184.3,5.0
IIS,1464,178.1,5.0
IIS,1465,196.8,5.0
IIS,1466,191.0,5.0
IIS,1467,143.4,4.5
IIS,1468,207.9,5.0
IIS,1469,191.1,5.0
IIS,1470,189.2,5.0
IIS,1471,192.1,5.0
IIS,1472,165.1,5.0
IIS,1473,168.0,5.0
IIS,1474,191.3,5.0
IIS,1475,170.4,5.0
IIS,1476,192.2,5.0
IIS,1477,198.6,5.0
IIS,1478,148.3,5.0
IIS,1479,168.5,5.0
IIS,1480,176.0,5.0
IIS,1481,195.5,5.0
IIS,1482,154.3,5.0
IIS,1483,171.3,5.0
IIS,1484,258.9,5.0
IIS,1485,173.7,5.0
IIS,1486,159.9,5.0
IIS,1487,172.1,5.0
IIS,1488,211.3,5.0
IIS,1489,190.0,5.0
IIS,1490,151.7,5.0
IIS,1491,162.0,5.0
IIS,1492,141.3,5.0
IIS,1493,141.9,5.0
IIS,1494,215.1,5.0
IIS,1495,173.6,5.0
IIS,1496,164.6,4.5
IIS,1497,184.8,5.0
IIS,1498,193.1,5.0
IIS,1499,187.2,5.0
IIS,1500,175.8,5.0
IIS,1501,201.9,5.0
IIS,1502,427.3,5.0
IIS,1503,199.0,5.0
IIS,1504,188.2,5.0
IIS,1505,163.0,5.0
IIS,1506,194.2,5.0
IIS,1507,195.4,5.0
IIS,1508,195.4,5.0
IIS,1509,160.4,5.0
IIS,1510,202.4,5.0
IIS,1511,205.0,5.0
IIS,1512,188.1,5.0
IIS,1513,204.7,5.0
IIS,1514,204.3,5.0
IIS,1515,206.1,5.0
IIS,1516,189.4,5.0
IIS,1517,155.6,5.0
IIS,1518,174.8,5.0
IIS,1519,204.3,5.0
IIS,1520,173.9,5.0
IIS,1521,147.1,5.0
IIS,1522,189.5,5.0
IIS,1523,174.4,5.0
IIS,1524,197.6,5.0
IIS,1525,196.9,5.0
IIS,1526,165.6,5.0
IIS,1527,179.7,5.0
IIS,1528,180.7,5.0
IIS,1529,174.0,5.0
IIS,1530,154.8,5.0
IIS,1531,183.4,5.0
IIS,1532,194.0,5.0
IIS,1533,195.1,5.0
IIS,1534,173.2,5.0
IIS,1535,147.6,5.0
IIS,1536,163.4,5.0
IIS,1537,178.4,5.0
IIS,1538,186.6,5.0
IIS,1539,175.9,5.0
IIS,1540,172.5,5.0
IIS,1541,177.8,5.0
IIS,1542,191.2,5.0
IIS,1543,151.7,5.0
IIS,1544,184.3,5.0
IIS,1545,175.6,5.0
IIS,1546,176.5,5.0
IIS,1547,152.7,5.0
IIS,1548,176.6,5.0
IIS,1549,197.5,5.0
IIS,1550,187.6,5.0
IIS,1551,192.5,5.0
IIS,1552,166.2,5.0
IIS,1553,174.0,5.0
IIS,1554,187.2,5.0
IIS,1555,177.4,5.0
IIS,1556,188.9,5.0
IIS,1557,178.5,5.0
IIS,1558,191.8,5.0
IIS,1559,161.4,5.0
IIS,1560,165.0,5.0
IIS,1561,199.6,5.0
IIS,1562,182.1,5.0
IIS,1563,194.7,5.0
IIS,1564,159.5,5.0
IIS,1565,180.5,5.0
IIS,1566,192.4,5.0
IIS,1567,148.7,5.0
IIS,1568,202.1,5.0
IIS,1569,200.9,5.0
IIS,1570,173.2,5.0
IIS,1571,204.7,5.0
IIS,1572,191.9,5.0
IIS,1573,178.2,5.0
IIS,1574,170.1,5.0
IIS,1575,195.6,5.0
IIS,1576,181.3,5.0
IIS,1577,148.3,5.0
IIS,1578,162.3,5.0
IIS,1579,183.3,5.0
IIS,1580,135.8,5.0
IIS,1581,159.7,5.0
IIS,1582,178.4,5.0
IIS,1583,180.8,5.0
IIS,1584,204.6,5.0
IIS,1585,190.7,5.0
IIS,1586,170.7,5.0
IIS,1587,190.0,5.0
IIS,1588,197.5,5.0
IIS,1589,147.2,5.0
IIS,1590,170.8,5.0
IIS,1591,180.4,5.0
IIS,1592,198.7,5.0
IIS,1593,190.2,5.0
IIS,1594,163.1,5.0
IIS,1595,182.0,5.0
IIS,1596,145.5,5.0
IIS,1597,195.5,5.0
IIS,1598,154.4,5.0
IIS,1599,159.1,5.0
IIS,1600,198.0,5.0
IIS,1601,180.4,5.0
IIS,1602,166.3,5.0
IIS,1603,175.3,5.0
IIS,1604,191.5,5.0
IIS,1605,170.5,5.0
IIS,1606,185.6,5.0
IIS,1607,176.7,5.0
IIS,1608,180.9,5.0
IIS,1609,172.7,5.0
IIS,1610,172.3,5.0
IIS,1611,177.4,5.0
IIS,1612,407.5,5.0
IIS,1613,187.4,5.0
IIS,1614,185.6,5.0
IIS,1615,186.0,5.0
IIS,1616,167.4,5.0
IIS,1617,197.0,5.0
IIS,1618,188.4,5.0
IIS,1619,175.0,5.0
IIS,1620,195.7,5.0
IIS,1621,184.7,5.0
IIS,1622,159.4,5.0
IIS,1623,185.8,5.0
IIS,1624,177.6,5.0
IIS,1625,159.8,5.0
IIS,1626,201.2,5.0
IIS,1627,198.0,5.0
IIS,1628,198.1,5.0
IIS,1629,178.8,5.0
IIS,1630,170.0,5.0
IIS,1631,186.3,5.0
IIS,1632,195.7,5.0
IIS,1633,179.6,5.0
IIS,1634,193.8,5.0
IIS,1635,159.2,5.0
IIS,1636,186.3,5.0
IIS,1637,189.5,5.0
IIS,1638,179.6,5.0
IIS,1639,194.7,5.0
IIS,1640,179.5,5.0
IIS,1641,184.6,5.0
IIS,1642,190.0,5.0
IIS,1643,146.5,5.0
IIS,1644,161.3,5.0
IIS,1645,193.6,5.0
IIS,1646,174.0,5.0
IIS,1647,192.3,5.0
IIS,1648,192.3,5.0
IIS,1649,164.4,5.0
IIS,1650,152.8,5.0
IIS,1651,189.0,5.0
IIS,1652,202.1,5.0
IIS,1653,151.2,5.0
IIS,1654,153.9,5.0
IIS,1655,135.1,5.0
IIS,1656,177.3,5.0
IIS,1657,181.9,5.0
IIS,1658,167.3,5.0
IIS,1659,160.9,5.0
IIS,1660,202.2,5.0
IIS,1661,189.8,5.0
IIS,1662,148.8,5.0
IIS,1663,194.7,5.0
IIS,1664,180.4,5.0
IIS,1665,196.2,5.0
IIS,1666,158.8,5.0
IIS,1667,168.6,5.0
IIS,1668,183.3,5.0
IIS,1669,177.7,5.0
IIS,1670,162.8,5.0
IIS,1671,160.6,5.0
IIS,1672,194.6,5.0
IIS,1673,169.8,5.0
IIS,1674,186.4,5.0
IIS,1675,194.0,5.0
IIS,1676,182.4,5.0
IIS,1677,185.0,5.0
IIS,1678,184.1,5.0
IIS,1679,185.1,5.0
IIS,1680,163.2,5.0
IIS,1681,160.6,5.0
IIS,1682,186.1,5.0
IIS,1683,174.7,5.0
IIS,1684,186.1,5.0
IIS,1685,160.2,5.0
IIS,1686,177.4,5.0
IIS,1687,196.5,5.0
IIS,1688,196.4,5.0
IIS,1689,165.0,5.0
IIS,1690,170.3,5.0
IIS,1691,194.2,5.0
IIS,1692,187.1,5.0
IIS,1693,196.3,5.0
IIS,1694,205.5,5.0
IIS,1695,145.7,5.0
IIS,1696,192.7,5.0
IIS,1697,175.3,5.0
IIS,1698,176.1,5.0
IIS,1699,207.0,5.0
IIS,1700,201.2,5.0
IIS,1701,201.9,5.0
IIS,1702,183.9,5.0
IIS,1703,188.2,5.0
IIS,1704,174.4,5.0
IIS,1705,171.8,5.0
IIS,1706,155.2,5.0
IIS,1707,196.0,5.0
IIS,1708,198.2,5.0
IIS,1709,179.0,5.0
IIS,1710,176.7,5.0
IIS,1711,183.1,5.0
IIS,1712,202.6,5.0
IIS,1713,182.9,5.0
IIS,1714,177.1,5.0
IIS,1715,199.8,5.0
IIS,1716,182.6,5.0
IIS,1717,177.8,5.0
IIS,1718,179.6,5.0
IIS,1719,189.3,5.0
IIS,1720,178.7,5.0
IIS,1721,184.9,5.0
IIS,1722,192.7,5.0
IIS,1723,190.3,5.0
IIS,1724,187.8,5.0
IIS,1725,180.4,5.0
IIS,1726,168.5,5.0
IIS,1727,187.6,5.0
IIS,1728,182.1,5.0
IIS,1729,189.1,5.0
IIS,1730,152.3,5.0
IIS,1731,182.6,5.0
IIS,1732,189.0,5.0
IIS,1733,203.0,5.0
IIS,1734,171.2,5.0
IIS,1735,141.6,5.0
IIS,1736,192.6,5.0
IIS,1737,185.8,5.0
IIS,1738,187.8,5.0
IIS,1739,183.0,5.0
IIS,1740,189.2,5.0
IIS,1741,164.5,5.0
IIS,1742,164.0,5.0
IIS,1743,142.0,5.0
IIS,1744,183.1,5.0
IIS,1745,201.5,5.0
IIS,1746,173.8,5.0
IIS,1747,164.3,5.0
IIS,1748,134.0,5.0
IIS,1749,205.3,5.5
IIS,1750,152.2,5.0
IIS,1751,182.2,5.0
IIS,1752,171.8,5.0
IIS,1753,196.2,5.0
IIS,1754,175.8,5.0
IIS,1755,193.2,5.0
IIS,1756,187.2,5.0
IIS,1757,182.7,5.0
IIS,1758,164.1,5.0
IIS,1759,188.6,5.0
IIS,1760,158.0,5.0
IIS,1761,165.2,5.0
IIS,1762,185.4,5.0
IIS,1763,197.9,5.0
IIS,1764,161.1,5.0
IIS,1765,168.2,5.0
IIS,1766,172.9,5.0
IIS,1767,172.7,5.0
IIS,1768,188.3,5.0
IIS,1769,195.2,5.0
IIS,1770,182.0,5.0
IIS,1771,150.9,5.0
IIS,1772,196.4,5.0
IIS,1773,148.5,5.0
IIS,1774,163.6,5.0
IIS,1775,192.5,5.0
IIS,1776,180.8,5.0
IIS,1777,156.5,5.0
IIS,1778,184.9,5.0
IIS,1779,195.5,5.0
IIS,1780,186.5,5.0
IIS,1781,191.4,5.0
IIS,1782,177.6,5.0
IIS,1783,207.7,5.0
IIS,1784,192.1,5.0
IIS,1785,177.9,5.0
IIS,1786,189.9,5.0
IIS,1787,179.8,5.0
IIS,1788,207.6,5.0
IIS,1789,160.6,5.0
IIS,1790,148.0,5.0
IIS,1791,168.0,5.0
IIS,1792,191.6,5.0
IIS,1793,182.9,5.0
IIS,1794,189.7,5.0
IIS,1795,150.9,5.0
IIS,1796,191.0,5.0
IIS,1797,180.0,5.0
IIS,1798,198.2,5.0
IIS,1799,155.1,5.0
IIS,1800,207.7,3.0
IIS,1801,1167.1,1.0
