timestamp,service,cpu_percent,mem_used_bytes,mem_limit_bytes,mem_percent,net_rx_bytes,net_tx_bytes,blk_read_bytes,blk_write_bytes,pids
1778959269321728171,bench_apache,0.01,152777523,2147483648,7.11,119000000,729000000,0,36200000,22
1778959269321728171,bench_nginx,0.02,192413696,2147483648,8.96,69500000,425000000,0,12300,19
1778959269321728171,bench_django,0.04,132854579,2147483648,6.19,75900000,419000000,0,0,9
1778959269321728171,bench_pgbouncer,0.01,1802502,33651068764,0.01,620000000,602000000,0,8190,1
1778959269321728171,bench_postgres,0.00,71775027,4294967296,1.67,323000000,309000000,532000,1500000000,7
1778959272704350031,bench_apache,23.46,165150720,2147483648,7.69,119000000,729000000,0,36200000,28
1778959272704350031,bench_nginx,0.02,192413696,2147483648,8.96,69500000,425000000,0,12300,19
1778959272704350031,bench_django,0.04,132854579,2147483648,6.19,75900000,419000000,0,0,9
1778959272704350031,bench_pgbouncer,0.36,2584739,33651068764,0.01,620000000,602000000,0,8190,1
1778959272704350031,bench_postgres,4.20,74794926,4294967296,1.74,323000000,309000000,532000,1500000000,8
1778959276092564724,bench_apache,8.36,165884723,2147483648,7.73,120000000,729000000,0,36200000,28
1778959276092564724,bench_nginx,0.02,192413696,2147483648,8.96,69500000,425000000,0,12300,19
1778959276092564724,bench_django,0.03,132854579,2147483648,6.19,75900000,419000000,0,0,9
1778959276092564724,bench_pgbouncer,0.74,2076180,33651068764,0.01,620000000,602000000,0,8190,1
1778959276092564724,bench_postgres,1.09,74627153,4294967296,1.74,323000000,309000000,532000,1500000000,8
1778959279493910697,bench_apache,8.42,165570150,2147483648,7.71,120000000,729000000,0,36200000,28
1778959279493910697,bench_nginx,0.02,192413696,2147483648,8.96,69500000,425000000,0,12300,19
1778959279493910697,bench_django,0.03,132854579,2147483648,6.19,75900000,419000000,0,0,9
1778959279493910697,bench_pgbouncer,0.57,2125463,33651068764,0.01,620000000,602000000,0,8190,1
1778959279493910697,bench_postgres,1.32,74134323,4294967296,1.73,323000000,309000000,532000,1500000000,8
1778959282875788329,bench_apache,7.91,165465292,2147483648,7.71,120000000,730000000,0,36200000,28
1778959282875788329,bench_nginx,0.02,192623411,2147483648,8.97,69500000,425000000,0,12300,19
1778959282875788329,bench_django,0.04,132854579,2147483648,6.19,75900000,419000000,0,0,9
1778959282875788329,bench_pgbouncer,0.54,2453667,33651068764,0.01,620000000,602000000,0,8190,1
1778959282875788329,bench_postgres,5.38,74312581,4294967296,1.73,323000000,309000000,532000,1500000000,8
1778959286286461249,bench_apache,7.17,167457587,2147483648,7.80,120000000,730000000,0,36200000,29
1778959286286461249,bench_nginx,0.02,192413696,2147483648,8.96,69500000,425000000,0,12300,19
1778959286286461249,bench_django,0.04,133378867,2147483648,6.21,75900000,419000000,0,0,9
1778959286286461249,bench_pgbouncer,0.46,2391801,33651068764,0.01,620000000,602000000,0,8190,1
1778959286286461249,bench_postgres,0.84,73924608,4294967296,1.72,323000000,309000000,532000,1500000000,8
1778959289666353671,bench_apache,7.31,167457587,2147483648,7.80,120000000,730000000,0,36200000,29
1778959289666353671,bench_nginx,0.02,192413696,2147483648,8.96,69500000,425000000,0,12300,19
1778959289666353671,bench_django,0.03,133274009,2147483648,6.21,75900000,419000000,0,0,9
1778959289666353671,bench_pgbouncer,0.45,2424307,33651068764,0.01,620000000,602000000,0,8190,1
1778959289666353671,bench_postgres,1.24,74344038,4294967296,1.73,323000000,309000000,532000,1500000000,8
1778959293062818883,bench_apache,6.51,165989580,2147483648,7.73,120000000,731000000,0,36200000,28
1778959293062818883,bench_nginx,0.02,192413696,2147483648,8.96,69500000,425000000,0,12300,19
1778959293062818883,bench_django,0.04,133064294,2147483648,6.20,75900000,419000000,0,0,9
1778959293062818883,bench_pgbouncer,0.34,2318401,33651068764,0.01,621000000,602000000,0,8190,1
1778959293062818883,bench_postgres,3.90,74522296,4294967296,1.74,323000000,310000000,532000,1500000000,8
1778959296446424011,bench_apache,8.55,165989580,2147483648,7.73,120000000,731000000,0,36200000,28
1778959296446424011,bench_nginx,0.01,192413696,2147483648,8.96,69500000,425000000,0,12300,19
1778959296446424011,bench_django,0.04,132854579,2147483648,6.19,75900000,419000000,0,0,9
1778959296446424011,bench_pgbouncer,0.65,2638217,33651068764,0.01,621000000,602000000,0,8190,1
1778959296446424011,bench_postgres,1.34,74752983,4294967296,1.74,323000000,310000000,532000,1500000000,8
1778959299840118778,bench_apache,8.30,165675008,2147483648,7.71,120000000,731000000,0,36200000,28
1778959299840118778,bench_nginx,0.01,192413696,2147483648,8.96,69500000,425000000,0,12300,19
1778959299840118778,bench_django,0.03,132854579,2147483648,6.19,75900000,419000000,0,0,9
1778959299840118778,bench_pgbouncer,0.65,2310012,33651068764,0.01,621000000,602000000,0,8190,1
1778959299840118778,bench_postgres,0.91,74480353,4294967296,1.73,323000000,310000000,532000,1500000000,8
1778959303254742697,bench_apache,7.51,165360435,2147483648,7.70,120000000,732000000,0,36200000,28
1778959303254742697,bench_nginx,0.02,192413696,2147483648,8.96,69500000,425000000,0,12300,19
1778959303254742697,bench_django,0.03,132854579,2147483648,6.19,75900000,419000000,0,0,9
1778959303254742697,bench_pgbouncer,0.49,2338324,33651068764,0.01,621000000,602000000,0,8190,1
1778959303254742697,bench_postgres,4.14,74616668,4294967296,1.74,323000000,310000000,532000,1500000000,8
1778959306647066918,bench_apache,7.55,165779865,2147483648,7.72,120000000,732000000,0,36300000,28
1778959306647066918,bench_nginx,0.02,192413696,2147483648,8.96,69500000,425000000,0,12300,19
1778959306647066918,bench_django,0.04,132854579,2147483648,6.19,75900000,419000000,0,0,9
1778959306647066918,bench_pgbouncer,0.51,2159017,33651068764,0.01,621000000,603000000,0,8190,1
1778959306647066918,bench_postgres,0.98,73935093,4294967296,1.72,323000000,310000000,532000,1500000000,8
1778959310030266761,bench_apache,8.17,165570150,2147483648,7.71,120000000,732000000,0,36300000,28
1778959310030266761,bench_nginx,0.02,192413696,2147483648,8.96,69500000,425000000,0,12300,19
1778959310030266761,bench_django,0.03,132854579,2147483648,6.19,75900000,419000000,0,0,9
1778959310030266761,bench_pgbouncer,0.57,2305818,33651068764,0.01,621000000,603000000,0,8190,1
1778959310030266761,bench_postgres,1.20,74522296,4294967296,1.74,323000000,310000000,532000,1500000000,8
1778959313415879620,bench_apache,8.36,165570150,2147483648,7.71,120000000,733000000,0,36300000,28
1778959313415879620,bench_nginx,0.01,192518553,2147483648,8.97,69500000,425000000,0,12300,19
1778959313415879620,bench_django,0.05,132854579,2147483648,6.19,75900000,419000000,0,0,9
1778959313415879620,bench_pgbouncer,0.55,2481979,33651068764,0.01,621000000,603000000,0,8190,1
1778959313415879620,bench_postgres,4.33,74144808,4294967296,1.73,323000000,310000000,532000,1500000000,8
1778959316825271812,bench_apache,8.36,165570150,2147483648,7.71,120000000,733000000,0,36300000,28
1778959316825271812,bench_nginx,0.01,192413696,2147483648,8.96,69500000,425000000,0,12300,19
1778959316825271812,bench_django,0.03,133064294,2147483648,6.20,75900000,419000000,0,0,9
1778959316825271812,bench_pgbouncer,0.60,2236612,33651068764,0.01,621000000,603000000,0,8190,1
1778959316825271812,bench_postgres,1.13,74123837,4294967296,1.73,323000000,310000000,532000,1500000000,8
1778959320224915527,bench_apache,8.53,165779865,2147483648,7.72,120000000,733000000,0,36300000,28
1778959320224915527,bench_nginx,0.02,192413696,2147483648,8.96,69500000,425000000,0,12300,19
1778959320224915527,bench_django,0.03,133064294,2147483648,6.20,75900000,419000000,0,0,9
1778959320224915527,bench_pgbouncer,0.60,2457862,33651068764,0.01,621000000,603000000,0,8190,1
1778959320224915527,bench_postgres,1.05,74302095,4294967296,1.73,323000000,310000000,532000,1500000000,8
1778959323624934397,bench_apache,12.35,167772160,2147483648,7.81,120000000,734000000,0,36300000,29
1778959323624934397,bench_nginx,0.02,192413696,2147483648,8.96,69500000,425000000,0,12300,19
1778959323624934397,bench_django,0.03,132854579,2147483648,6.19,75900000,419000000,0,0,9
1778959323624934397,bench_pgbouncer,0.56,2228224,33651068764,0.01,621000000,603000000,0,8190,1
1778959323624934397,bench_postgres,4.44,75109498,4294967296,1.75,324000000,310000000,532000,1500000000,8
1778959327042148745,bench_apache,8.18,167667302,2147483648,7.81,120000000,734000000,0,36300000,29
1778959327042148745,bench_nginx,0.02,192413696,2147483648,8.96,69500000,425000000,0,12300,19
1778959327042148745,bench_django,0.04,132854579,2147483648,6.19,75900000,419000000,0,0,9
1778959327042148745,bench_pgbouncer,0.55,2739929,33651068764,0.01,621000000,603000000,0,8190,1
1778959327042148745,bench_postgres,0.95,74323066,4294967296,1.73,324000000,310000000,532000,1500000000,8
1778959330435779863,bench_apache,5.70,167877017,2147483648,7.82,121000000,734000000,0,36300000,29
1778959330435779863,bench_nginx,0.02,192413696,2147483648,8.96,69500000,425000000,0,12300,19
1778959330435779863,bench_django,0.04,132854579,2147483648,6.19,75900000,419000000,0,0,9
1778959330435779863,bench_pgbouncer,0.27,2739929,33651068764,0.01,621000000,603000000,0,8190,1
1778959330435779863,bench_postgres,1.03,74878812,4294967296,1.74,324000000,310000000,532000,1500000000,8
1778959333828786292,bench_apache,3.41,165465292,2147483648,7.71,121000000,735000000,0,36300000,28
1778959333828786292,bench_nginx,0.02,192413696,2147483648,8.96,69500000,425000000,0,12300,19
1778959333828786292,bench_django,0.04,132854579,2147483648,6.19,75900000,419000000,0,0,9
1778959333828786292,bench_pgbouncer,0.20,2653945,33651068764,0.01,622000000,603000000,0,8190,1
1778959333828786292,bench_postgres,3.71,75015127,4294967296,1.75,324000000,310000000,532000,1500000000,8
1778959337256395649,bench_apache,7.31,165570150,2147483648,7.71,121000000,735000000,0,36500000,28
1778959337256395649,bench_nginx,0.01,192413696,2147483648,8.96,69500000,425000000,0,12300,19
1778959337256395649,bench_django,0.04,132854579,2147483648,6.19,75900000,419000000,0,0,9
1778959337256395649,bench_pgbouncer,0.53,2380267,33651068764,0.01,622000000,603000000,0,8190,1
1778959337256395649,bench_postgres,0.83,74228695,4294967296,1.73,324000000,310000000,532000,1500000000,8
1778959340675916705,bench_apache,8.63,165779865,2147483648,7.72,121000000,735000000,0,36500000,28
1778959340675916705,bench_nginx,0.02,192413696,2147483648,8.96,69500000,425000000,0,12300,19
1778959340675916705,bench_django,0.04,132854579,2147483648,6.19,75900000,419000000,0,0,9
1778959340675916705,bench_pgbouncer,0.55,2281701,33651068764,0.01,622000000,603000000,0,8190,1
1778959340675916705,bench_postgres,0.97,74029465,4294967296,1.72,324000000,310000000,532000,1500000000,8
1778959344053935235,bench_apache,8.90,165465292,2147483648,7.71,121000000,736000000,0,36500000,28
1778959344053935235,bench_nginx,0.02,192413696,2147483648,8.96,69500000,425000000,0,12300,19
1778959344053935235,bench_django,0.05,132854579,2147483648,6.19,75900000,419000000,0,0,9
1778959344053935235,bench_pgbouncer,0.65,2154823,33651068764,0.01,622000000,603000000,0,8190,1
1778959344053935235,bench_postgres,4.18,75193384,4294967296,1.75,324000000,310000000,532000,1500000000,8
1778959347439787761,bench_apache,7.39,165989580,2147483648,7.73,121000000,736000000,0,36500000,28
1778959347439787761,bench_nginx,0.02,192413696,2147483648,8.96,69500000,425000000,0,12300,19
1778959347439787761,bench_django,0.04,132854579,2147483648,6.19,75900000,419000000,0,0,9
1778959347439787761,bench_pgbouncer,0.45,2006974,33651068764,0.01,622000000,604000000,0,8190,1
1778959347439787761,bench_postgres,0.91,75119984,4294967296,1.75,324000000,310000000,532000,1500000000,8
1778959350827752543,bench_apache,9.42,165465292,2147483648,7.70,121000000,736000000,0,36500000,28
1778959350827752543,bench_nginx,0.01,192413696,2147483648,8.96,69500000,425000000,0,12300,19
1778959350827752543,bench_django,0.04,132854579,2147483648,6.19,75900000,419000000,0,0,9
1778959350827752543,bench_pgbouncer,0.59,2412773,33651068764,0.01,622000000,604000000,0,8190,1
1778959350827752543,bench_postgres,1.21,74197237,4294967296,1.73,324000000,310000000,532000,1500000000,8
1778959354228393519,bench_apache,9.00,165884723,2147483648,7.73,121000000,737000000,0,36500000,28
1778959354228393519,bench_nginx,0.02,192413696,2147483648,8.96,69500000,425000000,0,12300,19
1778959354228393519,bench_django,0.04,132854579,2147483648,6.19,75900000,419000000,0,0,9
1778959354228393519,bench_pgbouncer,0.63,2514485,33651068764,0.01,622000000,604000000,0,8190,1
1778959354228393519,bench_postgres,1.29,74700554,4294967296,1.74,324000000,310000000,532000,1500000000,8
1778959357613484898,bench_apache,8.77,165884723,2147483648,7.73,121000000,737000000,0,36500000,28
1778959357613484898,bench_nginx,0.02,192413696,2147483648,8.96,69500000,425000000,0,12300,19
1778959357613484898,bench_django,0.04,132854579,2147483648,6.19,75900000,419000000,0,0,9
1778959357613484898,bench_pgbouncer,0.61,2294284,33651068764,0.01,622000000,604000000,0,8190,1
1778959357613484898,bench_postgres,1.00,74564239,4294967296,1.74,324000000,310000000,532000,1500000000,8
1778959361005916423,bench_apache,8.70,166094438,2147483648,7.73,121000000,738000000,0,36500000,28
1778959361005916423,bench_nginx,0.02,192413696,2147483648,8.96,69500000,425000000,0,12300,19
1778959361005916423,bench_django,0.05,132854579,2147483648,6.19,75900000,419000000,0,0,9
1778959361005916423,bench_pgbouncer,0.64,2371878,33651068764,0.01,622000000,604000000,0,8190,1
1778959361005916423,bench_postgres,1.15,74228695,4294967296,1.73,324000000,310000000,532000,1500000000,8
1778959364405676656,bench_apache,8.62,167772160,2147483648,7.81,121000000,738000000,0,36500000,29
1778959364405676656,bench_nginx,0.02,192413696,2147483648,8.96,69500000,425000000,0,12300,19
1778959364405676656,bench_django,0.04,132854579,2147483648,6.19,75900000,419000000,0,0,9
1778959364405676656,bench_pgbouncer,0.61,2285895,33651068764,0.01,622000000,604000000,0,8190,1
1778959364405676656,bench_postgres,4.33,74889297,4294967296,1.74,324000000,310000000,532000,1510000000,8
1778959367793172301,bench_apache,8.76,167877017,2147483648,7.82,121000000,738000000,0,36600000,29
1778959367793172301,bench_nginx,0.02,192413696,2147483648,8.96,69500000,425000000,0,12300,19
1778959367793172301,bench_django,0.03,132854579,2147483648,6.19,75900000,419000000,0,0,9
1778959367793172301,bench_pgbouncer,0.70,2469396,33651068764,0.01,622000000,604000000,0,8190,1
1778959367793172301,bench_postgres,1.19,74490839,4294967296,1.73,324000000,310000000,532000,1510000000,8
1778959371192608420,bench_apache,9.11,167352729,2147483648,7.79,121000000,739000000,0,36600000,29
1778959371192608420,bench_nginx,0.01,192413696,2147483648,8.96,69500000,425000000,0,12300,19
1778959371192608420,bench_django,0.04,132854579,2147483648,6.19,75900000,419000000,0,0,9
1778959371192608420,bench_pgbouncer,0.68,2318401,33651068764,0.01,623000000,604000000,0,8190,1
1778959371192608420,bench_postgres,1.33,74511810,4294967296,1.73,324000000,310000000,532000,1510000000,8
1778959374593791092,bench_apache,9.52,165779865,2147483648,7.72,121000000,739000000,0,36600000,28
1778959374593791092,bench_nginx,0.03,192413696,2147483648,8.96,69500000,425000000,0,12300,19
1778959374593791092,bench_django,0.03,132854579,2147483648,6.19,75900000,419000000,0,0,9
1778959374593791092,bench_pgbouncer,0.66,2174746,33651068764,0.01,623000000,604000000,0,8190,1
1778959374593791092,bench_postgres,1.27,74165780,4294967296,1.73,324000000,310000000,532000,1510000000,8
1778959377995586466,bench_apache,6.95,165570150,2147483648,7.71,121000000,739000000,0,36600000,28
1778959377995586466,bench_nginx,0.02,192413696,2147483648,8.96,69500000,425000000,0,12300,19
1778959377995586466,bench_django,0.04,132854579,2147483648,6.19,75900000,419000000,0,0,9
1778959377995586466,bench_pgbouncer,0.43,2314207,33651068764,0.01,623000000,604000000,0,8190,1
1778959377995586466,bench_postgres,0.72,74690068,4294967296,1.74,324000000,310000000,532000,1510000000,8
1778959381404855555,bench_apache,8.70,165989580,2147483648,7.73,121000000,740000000,0,36600000,28
1778959381404855555,bench_nginx,0.02,192413696,2147483648,8.96,69500000,425000000,0,12300,19
1778959381404855555,bench_django,0.03,132854579,2147483648,6.19,75900000,419000000,0,0,9
1778959381404855555,bench_pgbouncer,0.58,2310012,33651068764,0.01,623000000,604000000,0,8190,1
1778959381404855555,bench_postgres,0.83,74406952,4294967296,1.73,324000000,311000000,532000,1510000000,8
1778959384805786490,bench_apache,7.35,166199296,2147483648,7.74,122000000,740000000,0,36600000,28
1778959384805786490,bench_nginx,0.02,192413696,2147483648,8.96,69500000,425000000,0,12300,19
1778959384805786490,bench_django,0.04,132854579,2147483648,6.19,75900000,419000000,0,0,9
1778959384805786490,bench_pgbouncer,0.45,2240806,33651068764,0.01,623000000,604000000,0,8190,1
1778959384805786490,bench_postgres,0.82,74878812,4294967296,1.74,324000000,311000000,532000,1510000000,8
1778959388202287789,bench_apache,7.58,165570150,2147483648,7.71,122000000,740000000,0,36600000,28
1778959388202287789,bench_nginx,0.02,192413696,2147483648,8.96,69500000,425000000,0,12300,19
1778959388202287789,bench_django,0.04,132854579,2147483648,6.19,75900000,419000000,0,0,9
1778959388202287789,bench_pgbouncer,0.43,2395996,33651068764,0.01,623000000,605000000,0,8190,1
1778959388202287789,bench_postgres,0.99,74952212,4294967296,1.75,324000000,311000000,532000,1510000000,8
1778959391610523057,bench_apache,7.67,165675008,2147483648,7.72,122000000,741000000,0,36600000,28
1778959391610523057,bench_nginx,0.02,192413696,2147483648,8.96,69500000,425000000,0,12300,19
1778959391610523057,bench_django,0.04,132854579,2147483648,6.19,75900000,419000000,0,0,9
1778959391610523057,bench_pgbouncer,0.55,2326790,33651068764,0.01,623000000,605000000,0,8190,1
1778959391610523057,bench_postgres,0.83,74826383,4294967296,1.74,324000000,311000000,532000,1510000000,8
1778959394989652188,bench_apache,5.66,165884723,2147483648,7.72,122000000,741000000,0,36600000,28
1778959394989652188,bench_nginx,0.02,192413696,2147483648,8.96,69500000,425000000,0,12300,19
1778959394989652188,bench_django,0.04,132854579,2147483648,6.19,75900000,419000000,0,0,9
1778959394989652188,bench_pgbouncer,0.35,2412773,33651068764,0.01,623000000,605000000,0,8190,1
1778959394989652188,bench_postgres,4.06,74994155,4294967296,1.75,324000000,311000000,532000,1510000000,8
1778959398402813234,bench_apache,8.10,165779865,2147483648,7.72,122000000,741000000,0,36700000,28
1778959398402813234,bench_nginx,0.02,192413696,2147483648,8.96,69500000,425000000,0,12300,19
1778959398402813234,bench_django,0.04,132854579,2147483648,6.19,75900000,419000000,0,0,9
1778959398402813234,bench_pgbouncer,0.52,2297430,33651068764,0.01,623000000,605000000,0,8190,1
1778959398402813234,bench_postgres,1.26,74480353,4294967296,1.73,324000000,311000000,532000,1510000000,8
1778959401812532457,bench_apache,7.00,165884723,2147483648,7.73,122000000,741000000,0,36700000,28
1778959401812532457,bench_nginx,0.01,192728268,2147483648,8.97,69500000,425000000,0,12300,19
1778959401812532457,bench_django,0.04,132854579,2147483648,6.19,75900000,419000000,0,0,9
1778959401812532457,bench_pgbouncer,0.40,2449473,33651068764,0.01,623000000,605000000,0,8190,1
1778959401812532457,bench_postgres,1.15,74406952,4294967296,1.73,325000000,311000000,532000,1510000000,8
1778959405210418516,bench_apache,7.96,168086732,2147483648,7.83,122000000,742000000,0,36700000,29
1778959405210418516,bench_nginx,0.02,192413696,2147483648,8.96,69500000,425000000,0,12300,19
1778959405210418516,bench_django,0.04,132854579,2147483648,6.19,75900000,419000000,0,0,9
1778959405210418516,bench_pgbouncer,0.54,2047868,33651068764,0.01,623000000,605000000,0,8190,1
1778959405210418516,bench_postgres,4.58,74648125,4294967296,1.74,325000000,311000000,532000,1510000000,8
1778959408610722690,bench_apache,7.91,167772160,2147483648,7.81,122000000,742000000,0,36700000,29
1778959408610722690,bench_nginx,0.02,192413696,2147483648,8.96,69500000,425000000,0,12300,19
1778959408610722690,bench_django,0.03,133169152,2147483648,6.20,75900000,419000000,0,0,9
1778959408610722690,bench_pgbouncer,0.56,2371878,33651068764,0.01,623000000,605000000,0,8190,1
1778959408610722690,bench_postgres,1.01,74648125,4294967296,1.74,325000000,311000000,532000,1510000000,8
1778959412016968052,bench_apache,8.33,167352729,2147483648,7.79,122000000,743000000,0,36700000,29
1778959412016968052,bench_nginx,0.03,192413696,2147483648,8.96,69500000,425000000,0,12300,19
1778959412016968052,bench_django,0.03,132854579,2147483648,6.19,75900000,419000000,0,0,9
1778959412016968052,bench_pgbouncer,0.68,2125463,33651068764,0.01,624000000,605000000,0,8190,1
1778959412016968052,bench_postgres,1.44,74501324,4294967296,1.73,325000000,311000000,532000,1510000000,8
1778959415435381018,bench_apache,8.40,165884723,2147483648,7.72,122000000,743000000,0,36700000,28
1778959415435381018,bench_nginx,0.02,192413696,2147483648,8.96,69500000,425000000,0,12300,19
1778959415435381018,bench_django,0.04,132854579,2147483648,6.19,75900000,419000000,0,0,9
1778959415435381018,bench_pgbouncer,0.66,2490368,33651068764,0.01,624000000,605000000,0,8190,1
1778959415435381018,bench_postgres,1.13,74564239,4294967296,1.74,325000000,311000000,532000,1510000000,8
1778959418835144560,bench_apache,7.44,165989580,2147483648,7.73,122000000,743000000,0,36700000,28
1778959418835144560,bench_nginx,0.03,192413696,2147483648,8.96,69500000,425000000,0,12300,19
1778959418835144560,bench_django,0.03,132854579,2147483648,6.19,75900000,419000000,0,0,9
1778959418835144560,bench_pgbouncer,0.48,2380267,33651068764,0.01,624000000,605000000,0,8190,1
1778959418835144560,bench_postgres,1.43,75308728,4294967296,1.75,325000000,311000000,532000,1510000000,8
1778959422236627494,bench_apache,8.38,165884723,2147483648,7.73,122000000,744000000,0,36700000,28
1778959422236627494,bench_nginx,0.02,192413696,2147483648,8.96,69500000,425000000,0,12300,19
1778959422236627494,bench_django,0.04,132854579,2147483648,6.19,75900000,419000000,0,0,9
1778959422236627494,bench_pgbouncer,0.53,2621440,33651068764,0.01,624000000,605000000,0,8190,1
1778959422236627494,bench_postgres,1.35,74186752,4294967296,1.73,325000000,311000000,532000,1510000000,8
1778959425626583655,bench_apache,9.66,165779865,2147483648,7.72,122000000,744000000,0,36700000,28
1778959425626583655,bench_nginx,0.02,192413696,2147483648,8.96,69500000,425000000,0,12300,19
1778959425626583655,bench_django,0.04,132854579,2147483648,6.19,75900000,419000000,0,0,9
1778959425626583655,bench_pgbouncer,0.62,2432696,33651068764,0.01,624000000,605000000,0,8190,1
1778959425626583655,bench_postgres,4.42,74249666,4294967296,1.73,325000000,311000000,532000,1510000000,8
1778959429035831443,bench_apache,9.09,165989580,2147483648,7.73,122000000,744000000,0,36800000,28
1778959429035831443,bench_nginx,0.02,192413696,2147483648,8.96,69500000,425000000,0,12300,19
1778959429035831443,bench_django,0.04,132854579,2147483648,6.19,75900000,419000000,0,0,9
1778959429035831443,bench_pgbouncer,0.75,2453667,33651068764,0.01,624000000,606000000,0,8190,1
1778959429035831443,bench_postgres,0.93,74469867,4294967296,1.73,325000000,311000000,532000,1510000000,8
1778959432423178100,bench_apache,8.13,165884723,2147483648,7.72,122000000,745000000,0,36800000,28
1778959432423178100,bench_nginx,0.02,192413696,2147483648,8.96,69500000,425000000,0,12300,19
1778959432423178100,bench_django,0.04,132854579,2147483648,6.19,75900000,419000000,0,0,9
1778959432423178100,bench_pgbouncer,0.51,2249195,33651068764,0.01,624000000,606000000,0,8190,1
1778959432423178100,bench_postgres,1.04,74333552,4294967296,1.73,325000000,311000000,532000,1510000000,8
1778959435825751181,bench_apache,3.91,165570150,2147483648,7.71,122000000,745000000,0,36800000,28
1778959435825751181,bench_nginx,0.02,192413696,2147483648,8.96,69500000,425000000,0,12300,19
1778959435825751181,bench_django,0.05,132854579,2147483648,6.19,75900000,419000000,0,0,9
1778959435825751181,bench_pgbouncer,0.21,2380267,33651068764,0.01,624000000,606000000,0,8190,1
1778959435825751181,bench_postgres,0.34,74564239,4294967296,1.74,325000000,311000000,532000,1510000000,8
1778959439214359592,bench_apache,10.97,166304153,2147483648,7.74,123000000,745000000,0,36800000,28
1778959439214359592,bench_nginx,0.02,192413696,2147483648,8.96,69500000,425000000,0,12300,19
1778959439214359592,bench_django,0.04,133064294,2147483648,6.20,75900000,419000000,0,0,9
1778959439214359592,bench_pgbouncer,0.47,2335178,33651068764,0.01,624000000,606000000,0,8190,1
1778959439214359592,bench_postgres,5.24,79094087,4294967296,1.84,325000000,311000000,532000,1510000000,10
1778959442618083893,bench_apache,7.14,165989580,2147483648,7.73,123000000,746000000,0,36800000,28
1778959442618083893,bench_nginx,0.02,192413696,2147483648,8.96,69500000,425000000,0,12300,19
1778959442618083893,bench_django,0.03,132854579,2147483648,6.19,75900000,419000000,0,0,9
1778959442618083893,bench_pgbouncer,0.40,2080374,33651068764,0.01,624000000,606000000,0,8190,1
1778959442618083893,bench_postgres,0.80,78716600,4294967296,1.83,325000000,311000000,532000,1510000000,10
1778959446024115082,bench_apache,7.75,167667302,2147483648,7.81,123000000,746000000,0,36800000,29
1778959446024115082,bench_nginx,0.02,192413696,2147483648,8.96,69500000,425000000,0,12300,19
1778959446024115082,bench_django,0.04,132854579,2147483648,6.19,75900000,419000000,0,0,9
1778959446024115082,bench_pgbouncer,0.55,2441084,33651068764,0.01,624000000,606000000,0,8190,1
1778959446024115082,bench_postgres,4.99,78307655,4294967296,1.82,325000000,311000000,532000,1510000000,10
1778959449444013159,bench_apache,6.38,167877017,2147483648,7.82,123000000,746000000,0,36800000,29
1778959449444013159,bench_nginx,0.02,192413696,2147483648,8.96,69500000,425000000,0,12300,19
1778959449444013159,bench_django,0.04,132854579,2147483648,6.19,75900000,419000000,0,0,9
1778959449444013159,bench_pgbouncer,0.27,2310012,33651068764,0.01,624000000,606000000,0,8190,1
1778959449444013159,bench_postgres,0.76,78265712,4294967296,1.82,325000000,311000000,532000,1510000000,10
1778959452827955361,bench_apache,10.24,168086732,2147483648,7.83,123000000,747000000,0,36800000,29
1778959452827955361,bench_nginx,0.02,192413696,2147483648,8.96,69500000,425000000,0,12300,19
1778959452827955361,bench_django,0.04,132854579,2147483648,6.19,75900000,419000000,0,0,9
1778959452827955361,bench_pgbouncer,0.70,2359296,33651068764,0.01,625000000,606000000,0,8190,1
1778959452827955361,bench_postgres,1.25,78590771,4294967296,1.83,325000000,311000000,532000,1510000000,10
1778959456237941104,bench_apache,0.01,165779865,2147483648,7.72,123000000,747000000,0,36800000,28
1778959456237941104,bench_nginx,0.02,192413696,2147483648,8.96,69500000,425000000,0,12300,19
1778959456237941104,bench_django,0.05,132854579,2147483648,6.19,75900000,419000000,0,0,9
1778959456237941104,bench_pgbouncer,0.01,2335178,33651068764,0.01,625000000,606000000,0,8190,1
1778959456237941104,bench_postgres,1.64,78695628,4294967296,1.83,325000000,311000000,532000,1510000000,10
1778959459635433166,bench_apache,0.03,165465292,2147483648,7.71,123000000,747000000,0,36800000,28
1778959459635433166,bench_nginx,0.01,192413696,2147483648,8.96,69500000,425000000,0,12300,19
1778959459635433166,bench_django,1.45,133903155,2147483648,6.24,75900000,419000000,0,0,9
1778959459635433166,bench_pgbouncer,0.06,2576351,33651068764,0.01,625000000,606000000,0,8190,1
1778959459635433166,bench_postgres,0.03,78339112,4294967296,1.82,325000000,311000000,532000,1510000000,10
1778959463042017784,bench_apache,0.01,165465292,2147483648,7.70,123000000,747000000,0,36800000,28
1778959463042017784,bench_nginx,0.02,192728268,2147483648,8.97,69500000,425000000,0,12300,19
1778959463042017784,bench_django,0.04,133903155,2147483648,6.24,75900000,419000000,0,0,9
1778959463042017784,bench_pgbouncer,0.01,1933574,33651068764,0.01,625000000,606000000,0,8190,1
1778959463042017784,bench_postgres,0.02,78118912,4294967296,1.82,325000000,311000000,532000,1510000000,10
1778959466444431249,bench_apache,0.01,165465292,2147483648,7.70,123000000,747000000,0,36800000,28
1778959466444431249,bench_nginx,0.02,192413696,2147483648,8.96,69500000,425000000,0,12300,19
1778959466444431249,bench_django,0.05,133378867,2147483648,6.21,75900000,419000000,0,0,9
1778959466444431249,bench_pgbouncer,0.01,1835008,33651068764,0.01,625000000,606000000,0,8190,1
1778959466444431249,bench_postgres,0.02,78978744,4294967296,1.84,325000000,311000000,532000,1510000000,10
1778959469848452492,bench_apache,0.16,167247872,2147483648,7.79,123000000,747000000,0,36800000,28
1778959469848452492,bench_nginx,0.02,192413696,2147483648,8.96,69500000,425000000,0,12300,19
1778959469848452492,bench_django,0.06,132959436,2147483648,6.19,75900000,419000000,0,0,9
1778959469848452492,bench_pgbouncer,0.01,2047868,33651068764,0.01,625000000,606000000,0,8190,1
1778959469848452492,bench_postgres,3.32,78464942,4294967296,1.83,325000000,311000000,532000,1510000000,10
1778959473261288591,bench_apache,0.01,165884723,2147483648,7.73,123000000,747000000,0,36800000,28
1778959473261288591,bench_nginx,0.02,192413696,2147483648,8.96,69500000,425000000,0,12300,19
1778959473261288591,bench_django,0.05,132959436,2147483648,6.19,75900000,419000000,0,0,9
1778959473261288591,bench_pgbouncer,0.01,2043674,33651068764,0.01,625000000,606000000,0,8190,1
1778959473261288591,bench_postgres,0.00,78297169,4294967296,1.82,325000000,311000000,532000,1510000000,10
1778959476670737571,bench_apache,0.02,165884723,2147483648,7.73,123000000,747000000,0,36800000,28
1778959476670737571,bench_nginx,0.01,192413696,2147483648,8.96,69500000,425000000,0,12300,19
1778959476670737571,bench_django,0.04,132959436,2147483648,6.19,75900000,419000000,0,0,9
1778959476670737571,bench_pgbouncer,0.01,1835008,33651068764,0.01,625000000,606000000,0,8190,1
1778959476670737571,bench_postgres,0.00,78548828,4294967296,1.83,325000000,311000000,532000,1510000000,10
1778959480065910536,bench_apache,0.02,165884723,2147483648,7.73,123000000,747000000,0,36800000,28
1778959480065910536,bench_nginx,0.02,192413696,2147483648,8.96,69500000,425000000,0,12300,19
1778959480065910536,bench_django,0.04,132959436,2147483648,6.19,75900000,419000000,0,0,9
1778959480065910536,bench_pgbouncer,0.01,1835008,33651068764,0.01,625000000,606000000,0,8190,1
1778959480065910536,bench_postgres,0.02,78926315,4294967296,1.84,325000000,311000000,532000,1510000000,10
1778959483484725225,bench_apache,11.11,169449881,2147483648,7.89,123000000,747000000,0,36800000,29
1778959483484725225,bench_nginx,0.02,192413696,2147483648,8.96,69500000,425000000,0,12300,19
1778959483484725225,bench_django,0.03,132959436,2147483648,6.19,75900000,419000000,0,0,9
1778959483484725225,bench_pgbouncer,0.37,2350907,33651068764,0.01,625000000,606000000,0,8190,1
1778959483484725225,bench_postgres,0.37,78769029,4294967296,1.83,325000000,311000000,532000,1510000000,10
1778959486873475674,bench_apache,6.82,168191590,2147483648,7.83,123000000,747000000,0,36800000,29
1778959486873475674,bench_nginx,0.02,192413696,2147483648,8.96,69500000,425000000,0,12300,19
1778959486873475674,bench_django,0.04,132959436,2147483648,6.19,75900000,419000000,0,0,9
1778959486873475674,bench_pgbouncer,0.58,2531262,33651068764,0.01,625000000,606000000,0,8190,1
1778959486873475674,bench_postgres,0.94,78643200,4294967296,1.83,325000000,311000000,532000,1510000000,10
1778959490267616545,bench_apache,5.57,168296448,2147483648,7.83,123000000,748000000,0,36800000,29
1778959490267616545,bench_nginx,0.01,192413696,2147483648,8.96,69500000,425000000,0,12300,19
1778959490267616545,bench_django,0.04,132959436,2147483648,6.19,75900000,419000000,0,0,9
1778959490267616545,bench_pgbouncer,0.50,2326790,33651068764,0.01,625000000,606000000,0,8190,1
1778959490267616545,bench_postgres,0.51,78653685,4294967296,1.83,325000000,311000000,532000,1510000000,10
1778959493653515143,bench_apache,7.16,166513868,2147483648,7.75,123000000,748000000,0,36800000,28
1778959493653515143,bench_nginx,0.02,192728268,2147483648,8.97,69500000,425000000,0,12300,19
1778959493653515143,bench_django,0.04,132959436,2147483648,6.19,75900000,419000000,0,0,9
1778959493653515143,bench_pgbouncer,0.55,2178940,33651068764,0.01,625000000,606000000,0,8190,1
1778959493653515143,bench_postgres,1.01,78328627,4294967296,1.82,325000000,311000000,532000,1510000000,10
1778959497052894624,bench_apache,7.60,166409011,2147483648,7.75,123000000,748000000,0,36800000,28
1778959497052894624,bench_nginx,0.02,192413696,2147483648,8.96,69500000,425000000,0,12300,19
1778959497052894624,bench_django,17.78,142501478,2147483648,6.63,75900000,419000000,0,0,10
1778959497052894624,bench_pgbouncer,0.42,2387607,33651068764,0.01,625000000,606000000,0,8190,1
1778959497052894624,bench_postgres,0.97,78685143,4294967296,1.83,325000000,311000000,532000,1520000000,10
1778959500483262574,bench_apache,8.60,166933299,2147483648,7.77,123000000,749000000,0,36900000,28
1778959500483262574,bench_nginx,0.02,192413696,2147483648,8.96,69500000,425000000,0,12300,19
1778959500483262574,bench_django,0.04,132959436,2147483648,6.19,75900000,419000000,0,0,9
1778959500483262574,bench_pgbouncer,0.51,2387607,33651068764,0.01,625000000,607000000,0,8190,1
1778959500483262574,bench_postgres,1.08,78349598,4294967296,1.82,325000000,312000000,532000,1520000000,10
1778959503872836141,bench_apache,8.48,166828441,2147483648,7.77,123000000,749000000,0,36900000,28
1778959503872836141,bench_nginx,0.02,192413696,2147483648,8.96,69500000,425000000,0,12300,19
1778959503872836141,bench_django,0.04,132959436,2147483648,6.19,75900000,419000000,0,0,9
1778959503872836141,bench_pgbouncer,0.57,2563768,33651068764,0.01,625000000,607000000,0,8190,1
1778959503872836141,bench_postgres,1.54,79219916,4294967296,1.84,325000000,312000000,532000,1520000000,10
1778959507284269910,bench_apache,9.50,166723584,2147483648,7.76,123000000,749000000,0,36900000,28
1778959507284269910,bench_nginx,0.02,192413696,2147483648,8.96,69500000,425000000,0,12300,19
1778959507284269910,bench_django,0.03,132959436,2147483648,6.19,75900000,419000000,0,0,9
1778959507284269910,bench_pgbouncer,0.67,2638217,33651068764,0.01,625000000,607000000,0,8190,1
1778959507284269910,bench_postgres,1.38,78622228,4294967296,1.83,326000000,312000000,532000,1520000000,10
1778959510705231403,bench_apache,7.69,166618726,2147483648,7.76,123000000,750000000,0,36900000,28
1778959510705231403,bench_nginx,0.02,192413696,2147483648,8.96,69500000,425000000,0,12300,19
1778959510705231403,bench_django,0.04,132959436,2147483648,6.19,75900000,419000000,0,0,9
1778959510705231403,bench_pgbouncer,0.51,2162163,33651068764,0.01,625000000,607000000,0,8190,1
1778959510705231403,bench_postgres,1.51,78265712,4294967296,1.82,326000000,312000000,532000,1520000000,10
1778959514098881486,bench_apache,8.80,166723584,2147483648,7.76,123000000,750000000,0,36900000,28
1778959514098881486,bench_nginx,0.02,192413696,2147483648,8.96,69500000,425000000,0,12300,19
1778959514098881486,bench_django,0.04,132959436,2147483648,6.19,75900000,419000000,0,0,9
1778959514098881486,bench_pgbouncer,0.58,2498756,33651068764,0.01,625000000,607000000,0,8190,1
1778959514098881486,bench_postgres,1.14,78381056,4294967296,1.82,326000000,312000000,532000,1520000000,10
1778959517488193169,bench_apache,5.39,166828441,2147483648,7.77,123000000,750000000,0,36900000,28
1778959517488193169,bench_nginx,0.02,192413696,2147483648,8.96,69500000,425000000,0,12300,19
1778959517488193169,bench_django,0.04,132959436,2147483648,6.19,75900000,419000000,0,0,9
1778959517488193169,bench_pgbouncer,0.39,2507145,33651068764,0.01,625000000,607000000,0,8190,1
1778959517488193169,bench_postgres,1.24,79744204,4294967296,1.86,326000000,312000000,532000,1520000000,11
1778959520913679486,bench_apache,4.78,166933299,2147483648,7.77,123000000,751000000,0,36900000,28
1778959520913679486,bench_nginx,3.55,192728268,2147483648,8.98,69500000,425000000,0,12300,19
1778959520913679486,bench_django,0.04,132959436,2147483648,6.19,75900000,419000000,0,0,9
1778959520913679486,bench_pgbouncer,0.39,2301624,33651068764,0.01,625000000,607000000,0,8190,1
1778959520913679486,bench_postgres,0.64,78674657,4294967296,1.83,326000000,312000000,532000,1520000000,10
1778959524311586511,bench_apache,6.05,168925593,2147483648,7.87,123000000,751000000,0,36900000,29
1778959524311586511,bench_nginx,0.02,192623411,2147483648,8.97,69500000,425000000,0,12300,19
1778959524311586511,bench_django,0.04,132959436,2147483648,6.19,75900000,419000000,0,0,9
1778959524311586511,bench_pgbouncer,0.39,2183135,33651068764,0.01,626000000,607000000,0,8190,1
1778959524311586511,bench_postgres,0.87,78590771,4294967296,1.83,326000000,312000000,532000,1520000000,10
1778959527708129020,bench_apache,7.72,168715878,2147483648,7.86,124000000,751000000,0,36900000,29
1778959527708129020,bench_nginx,0.02,192413696,2147483648,8.96,69500000,425000000,0,12300,19
1778959527708129020,bench_django,34.29,133169152,2147483648,6.20,75900000,419000000,0,0,9
1778959527708129020,bench_pgbouncer,0.50,2462056,33651068764,0.01,626000000,607000000,0,8190,1
1778959527708129020,bench_postgres,0.96,78443970,4294967296,1.83,326000000,312000000,532000,1520000000,10
1778959531105498077,bench_apache,9.05,168925593,2147483648,7.86,124000000,751000000,0,37000000,29
1778959531105498077,bench_nginx,0.01,192413696,2147483648,8.96,69500000,425000000,0,12300,19
1778959531105498077,bench_django,0.03,133064294,2147483648,6.20,75900000,419000000,0,0,9
1778959531105498077,bench_pgbouncer,0.57,2371878,33651068764,0.01,626000000,607000000,0,8190,1
1778959531105498077,bench_postgres,4.20,79073116,4294967296,1.84,326000000,312000000,532000,1520000000,10
1778959534531668996,bench_apache,8.92,166828441,2147483648,7.77,124000000,752000000,0,37000000,28
1778959534531668996,bench_nginx,0.02,192413696,2147483648,8.96,69500000,425000000,0,12300,19
1778959534531668996,bench_django,0.04,133064294,2147483648,6.20,75900000,419000000,0,0,9
1778959534531668996,bench_pgbouncer,0.65,2432696,33651068764,0.01,626000000,607000000,0,8190,1
1778959534531668996,bench_postgres,1.20,79052144,4294967296,1.84,326000000,312000000,532000,1520000000,10
1778959537921424882,bench_apache,8.24,166933299,2147483648,7.77,124000000,752000000,0,37000000,28
1778959537921424882,bench_nginx,0.02,192413696,2147483648,8.96,69500000,425000000,0,12300,19
1778959537921424882,bench_django,0.05,132959436,2147483648,6.19,75900000,419000000,0,0,9
1778959537921424882,bench_pgbouncer,0.58,2449473,33651068764,0.01,626000000,607000000,0,8190,1
1778959537921424882,bench_postgres,1.12,78569799,4294967296,1.83,326000000,312000000,532000,1520000000,10
1778959541332778752,bench_apache,7.93,166828441,2147483648,7.77,124000000,752000000,0,37000000,28
1778959541332778752,bench_nginx,0.02,192413696,2147483648,8.96,69500000,425000000,0,12300,19
1778959541332778752,bench_django,0.04,132959436,2147483648,6.19,75900000,419000000,0,0,9
1778959541332778752,bench_pgbouncer,0.56,2445279,33651068764,0.01,626000000,608000000,0,8190,1
1778959541332778752,bench_postgres,4.38,79136030,4294967296,1.84,326000000,312000000,532000,1520000000,10
1778959544731817464,bench_apache,8.35,167143014,2147483648,7.78,124000000,753000000,0,37000000,28
1778959544731817464,bench_nginx,0.02,192413696,2147483648,8.96,69500000,425000000,0,12300,19
1778959544731817464,bench_django,0.03,132959436,2147483648,6.19,75900000,419000000,0,0,9
1778959544731817464,bench_pgbouncer,0.51,2113929,33651068764,0.01,626000000,608000000,0,8190,1
1778959544731817464,bench_postgres,1.01,78601256,4294967296,1.83,326000000,312000000,532000,1520000000,10
1778959548123865692,bench_apache,8.09,166933299,2147483648,7.77,124000000,753000000,0,37000000,28
1778959548123865692,bench_nginx,0.02,192413696,2147483648,8.96,69500000,425000000,0,12300,19
1778959548123865692,bench_django,0.03,132959436,2147483648,6.19,75900000,419000000,0,0,9
1778959548123865692,bench_pgbouncer,0.54,2896166,33651068764,0.01,626000000,608000000,0,8190,1
1778959548123865692,bench_postgres,0.95,78443970,4294967296,1.83,326000000,312000000,532000,1530000000,10
1778959551583842443,bench_apache,8.39,166828441,2147483648,7.77,124000000,753000000,0,37000000,28
1778959551583842443,bench_nginx,3.61,192728268,2147483648,8.98,69500000,425000000,0,12300,19
1778959551583842443,bench_django,0.04,132959436,2147483648,6.19,75900000,419000000,0,0,9
1778959551583842443,bench_pgbouncer,0.74,2400190,33651068764,0.01,626000000,608000000,0,8190,1
1778959551583842443,bench_postgres,4.68,78779514,4294967296,1.83,326000000,312000000,532000,1530000000,10
1778959554996299418,bench_apache,8.47,166409011,2147483648,7.75,124000000,754000000,0,37000000,28
1778959554996299418,bench_nginx,0.02,192413696,2147483648,8.96,69500000,425000000,0,12300,19
1778959554996299418,bench_django,0.04,132959436,2147483648,6.19,75900000,419000000,0,0,9
1778959554996299418,bench_pgbouncer,0.72,2260729,33651068764,0.01,626000000,608000000,0,8190,1
1778959554996299418,bench_postgres,1.26,78517370,4294967296,1.83,326000000,312000000,532000,1530000000,10
1778959558397517939,bench_apache,8.64,166723584,2147483648,7.76,124000000,754000000,0,37000000,28
1778959558397517939,bench_nginx,0.01,192413696,2147483648,8.96,69500000,425000000,0,12300,19
1778959558397517939,bench_django,34.59,133064294,2147483648,6.20,75900000,419000000,0,0,9
1778959558397517939,bench_pgbouncer,0.48,2150629,33651068764,0.01,626000000,608000000,0,8190,1
1778959558397517939,bench_postgres,0.96,78727086,4294967296,1.83,326000000,312000000,532000,1530000000,10
1778959561789566200,bench_apache,8.38,166828441,2147483648,7.77,124000000,755000000,0,37100000,28
1778959561789566200,bench_nginx,0.02,192413696,2147483648,8.96,69500000,425000000,0,12300,19
1778959561789566200,bench_django,0.03,132959436,2147483648,6.19,75900000,419000000,0,0,9
1778959561789566200,bench_pgbouncer,0.60,2404384,33651068764,0.01,626000000,608000000,0,8190,1
1778959561789566200,bench_postgres,4.91,79062630,4294967296,1.84,326000000,312000000,532000,1530000000,10
1778959565185208104,bench_apache,8.45,168925593,2147483648,7.87,124000000,755000000,0,37100000,29
1778959565185208104,bench_nginx,0.02,192413696,2147483648,8.96,69500000,425000000,0,12300,19
1778959565185208104,bench_django,0.04,132959436,2147483648,6.19,75900000,419000000,0,0,9
1778959565185208104,bench_pgbouncer,0.64,2281701,33651068764,0.01,627000000,608000000,0,8190,1
1778959565185208104,bench_postgres,0.88,79010201,4294967296,1.84,326000000,312000000,532000,1530000000,10
1778959568592309944,bench_apache,8.09,168715878,2147483648,7.86,124000000,755000000,0,37100000,29
1778959568592309944,bench_nginx,0.02,192413696,2147483648,8.96,69500000,425000000,0,12300,19
1778959568592309944,bench_django,0.04,132854579,2147483648,6.19,75900000,419000000,0,0,9
1778959568592309944,bench_pgbouncer,0.55,2174746,33651068764,0.01,627000000,608000000,0,8190,1
1778959568592309944,bench_postgres,1.04,78884372,4294967296,1.84,326000000,312000000,532000,1530000000,10
1778959571996933440,bench_apache,8.99,168925593,2147483648,7.87,124000000,756000000,0,37100000,29
1778959571996933440,bench_nginx,0.01,192413696,2147483648,8.96,69500000,425000000,0,12300,19
1778959571996933440,bench_django,0.03,132854579,2147483648,6.19,75900000,419000000,0,0,9
1778959571996933440,bench_pgbouncer,0.63,2363490,33651068764,0.01,627000000,608000000,0,8190,1
1778959571996933440,bench_postgres,4.46,79240888,4294967296,1.84,326000000,312000000,532000,1530000000,10
1778959575390564090,bench_apache,8.38,166828441,2147483648,7.77,124000000,756000000,0,37100000,28
1778959575390564090,bench_nginx,0.02,192413696,2147483648,8.96,69500000,425000000,0,12300,19
1778959575390564090,bench_django,0.04,132854579,2147483648,6.19,75900000,419000000,0,0,9
1778959575390564090,bench_pgbouncer,0.51,2207252,33651068764,0.01,627000000,608000000,0,8190,1
1778959575390564090,bench_postgres,1.03,78349598,4294967296,1.82,326000000,312000000,532000,1530000000,10
1778959578790668438,bench_apache,6.02,166513868,2147483648,7.75,124000000,756000000,0,37100000,28
1778959578790668438,bench_nginx,0.02,192413696,2147483648,8.96,69500000,425000000,0,12300,19
1778959578790668438,bench_django,0.04,132854579,2147483648,6.19,75900000,419000000,0,0,9
1778959578790668438,bench_pgbouncer,0.38,2473590,33651068764,0.01,627000000,608000000,0,8190,1
1778959578790668438,bench_postgres,0.89,78559313,4294967296,1.83,326000000,312000000,532000,1530000000,10
1778959582212550641,bench_apache,4.54,166723584,2147483648,7.76,124000000,756000000,0,37100000,28
1778959582212550641,bench_nginx,0.01,192728268,2147483648,8.98,69500000,425000000,0,12300,19
1778959582212550641,bench_django,0.04,132854579,2147483648,6.19,75900000,419000000,0,0,9
1778959582212550641,bench_pgbouncer,0.31,2150629,33651068764,0.01,627000000,609000000,0,8190,1
1778959582212550641,bench_postgres,4.31,78695628,4294967296,1.83,326000000,312000000,532000,1530000000,10
1778959585607085263,bench_apache,4.15,166618726,2147483648,7.76,125000000,757000000,0,37100000,28
1778959585607085263,bench_nginx,0.02,192413696,2147483648,8.96,69500000,425000000,0,12300,19
1778959585607085263,bench_django,0.05,132854579,2147483648,6.19,75900000,419000000,0,0,9
1778959585607085263,bench_pgbouncer,0.26,2133852,33651068764,0.01,627000000,609000000,0,8190,1
1778959585607085263,bench_postgres,0.56,78706114,4294967296,1.83,327000000,312000000,532000,1530000000,10
1778959589001462653,bench_apache,7.80,166723584,2147483648,7.76,125000000,757000000,0,37100000,28
1778959589001462653,bench_nginx,0.02,192413696,2147483648,8.96,69500000,425000000,0,12300,19
1778959589001462653,bench_django,34.32,133378867,2147483648,6.21,75900000,419000000,0,0,9
1778959589001462653,bench_pgbouncer,0.43,2273312,33651068764,0.01,627000000,609000000,0,8190,1
1778959589001462653,bench_postgres,0.87,79335260,4294967296,1.85,327000000,312000000,532000,1530000000,10
1778959592413744449,bench_apache,6.63,166618726,2147483648,7.76,125000000,757000000,0,37200000,28
1778959592413744449,bench_nginx,0.02,192413696,2147483648,8.96,69500000,425000000,0,12300,19
1778959592413744449,bench_django,0.04,132854579,2147483648,6.19,75900000,419000000,0,0,9
1778959592413744449,bench_pgbouncer,0.36,2326790,33651068764,0.01,627000000,609000000,0,8190,1
1778959592413744449,bench_postgres,0.76,78905344,4294967296,1.84,327000000,313000000,532000,1530000000,10
1778959595815303559,bench_apache,6.90,166828441,2147483648,7.77,125000000,758000000,0,37200000,28
1778959595815303559,bench_nginx,0.02,192413696,2147483648,8.96,69500000,425000000,0,12300,19
1778959595815303559,bench_django,0.04,132854579,2147483648,6.19,75900000,419000000,0,0,9
1778959595815303559,bench_pgbouncer,0.44,2408579,33651068764,0.01,627000000,609000000,0,8190,1
1778959595815303559,bench_postgres,0.80,78475427,4294967296,1.83,327000000,313000000,532000,1530000000,10
1778959599206196884,bench_apache,7.39,166723584,2147483648,7.76,125000000,758000000,0,37200000,28
1778959599206196884,bench_nginx,0.02,192413696,2147483648,8.96,69500000,425000000,0,12300,19
1778959599206196884,bench_django,0.04,132854579,2147483648,6.19,75900000,419000000,0,0,9
1778959599206196884,bench_pgbouncer,0.45,2531262,33651068764,0.01,627000000,609000000,0,8190,1
1778959599206196884,bench_postgres,1.15,78538342,4294967296,1.83,327000000,313000000,532000,1530000000,10
1778959602584961840,bench_apache,8.25,166933299,2147483648,7.77,125000000,758000000,0,37200000,28
1778959602584961840,bench_nginx,0.02,192413696,2147483648,8.96,69500000,425000000,0,12300,19
1778959602584961840,bench_django,0.04,132854579,2147483648,6.19,75900000,419000000,0,0,9
1778959602584961840,bench_pgbouncer,0.45,2281701,33651068764,0.01,627000000,609000000,0,8190,1
1778959602584961840,bench_postgres,4.72,78831943,4294967296,1.84,327000000,313000000,532000,1530000000,10
1778959606004028131,bench_apache,7.63,169030451,2147483648,7.87,125000000,759000000,0,37200000,29
1778959606004028131,bench_nginx,0.02,192413696,2147483648,8.96,69500000,425000000,0,12300,19
1778959606004028131,bench_django,0.04,132854579,2147483648,6.19,75900000,419000000,0,0,9
1778959606004028131,bench_pgbouncer,0.57,2445279,33651068764,0.01,628000000,609000000,0,8190,1
1778959606004028131,bench_postgres,1.08,79586918,4294967296,1.85,327000000,313000000,532000,1540000000,10
1778959609416015375,bench_apache,8.23,168820736,2147483648,7.86,125000000,759000000,0,37200000,29
1778959609416015375,bench_nginx,0.02,192413696,2147483648,8.96,69500000,425000000,0,12300,19
1778959609416015375,bench_django,0.04,132854579,2147483648,6.19,75900000,419000000,0,0,9
1778959609416015375,bench_pgbouncer,0.58,2634022,33651068764,0.01,628000000,609000000,0,8190,1
1778959609416015375,bench_postgres,1.19,78339112,4294967296,1.82,327000000,313000000,532000,1540000000,10
1778959612804842153,bench_apache,8.56,168925593,2147483648,7.87,125000000,759000000,0,37200000,29
1778959612804842153,bench_nginx,1.59,192728268,2147483648,8.97,69500000,425000000,0,12300,19
1778959612804842153,bench_django,0.03,132854579,2147483648,6.19,75900000,419000000,0,0,9
1778959612804842153,bench_pgbouncer,0.55,2559574,33651068764,0.01,628000000,609000000,0,8190,1
1778959612804842153,bench_postgres,1.08,78852915,4294967296,1.84,327000000,313000000,532000,1540000000,10
1778959616217292583,bench_apache,8.11,166723584,2147483648,7.76,125000000,760000000,0,37200000,28
1778959616217292583,bench_nginx,0.02,192413696,2147483648,8.96,69500000,425000000,0,12300,19
1778959616217292583,bench_django,0.03,132854579,2147483648,6.19,75900000,419000000,0,0,9
1778959616217292583,bench_pgbouncer,0.52,2350907,33651068764,0.01,628000000,609000000,0,8190,1
1778959616217292583,bench_postgres,1.37,78957772,4294967296,1.84,327000000,313000000,532000,1540000000,10
1778959619613588104,bench_apache,8.23,166933299,2147483648,7.78,125000000,760000000,0,37200000,28
1778959619613588104,bench_nginx,0.01,192413696,2147483648,8.96,69500000,425000000,0,12300,19
1778959619613588104,bench_django,10.76,132959436,2147483648,6.19,75900000,419000000,0,0,9
1778959619613588104,bench_pgbouncer,0.40,2621440,33651068764,0.01,628000000,609000000,0,8190,1
1778959619613588104,bench_postgres,0.93,79104573,4294967296,1.84,327000000,313000000,532000,1540000000,10
1778959623015808360,bench_apache,8.85,167038156,2147483648,7.78,125000000,760000000,0,37300000,28
1778959623015808360,bench_nginx,0.02,192413696,2147483648,8.96,69500000,425000000,0,12300,19
1778959623015808360,bench_django,0.03,132854579,2147483648,6.19,75900000,419000000,0,0,9
1778959623015808360,bench_pgbouncer,0.70,2219835,33651068764,0.01,628000000,609000000,0,8190,1
1778959623015808360,bench_postgres,1.38,78664171,4294967296,1.83,327000000,313000000,532000,1540000000,10
1778959626411917448,bench_apache,7.25,166618726,2147483648,7.76,125000000,761000000,0,37300000,28
1778959626411917448,bench_nginx,0.02,192413696,2147483648,8.96,69500000,425000000,0,12300,19
1778959626411917448,bench_django,0.04,132854579,2147483648,6.19,75900000,419000000,0,0,9
1778959626411917448,bench_pgbouncer,0.48,2150629,33651068764,0.01,628000000,610000000,0,8190,1
1778959626411917448,bench_postgres,1.40,79073116,4294967296,1.84,327000000,313000000,532000,1540000000,10
1778959629830901938,bench_apache,6.93,166723584,2147483648,7.76,125000000,761000000,0,37300000,28
1778959629830901938,bench_nginx,0.01,192413696,2147483648,8.96,69500000,425000000,0,12300,19
1778959629830901938,bench_django,0.03,132854579,2147483648,6.19,75900000,419000000,0,0,9
1778959629830901938,bench_pgbouncer,0.44,2133852,33651068764,0.01,628000000,610000000,0,8190,1
1778959629830901938,bench_postgres,0.87,78936801,4294967296,1.84,327000000,313000000,532000,1540000000,10
1778959633236801349,bench_apache,8.86,166723584,2147483648,7.77,125000000,761000000,0,37300000,28
1778959633236801349,bench_nginx,0.02,192413696,2147483648,8.96,69500000,425000000,0,12300,19
1778959633236801349,bench_django,0.04,132854579,2147483648,6.19,75900000,419000000,0,0,9
1778959633236801349,bench_pgbouncer,0.50,2052063,33651068764,0.01,628000000,610000000,0,8190,1
1778959633236801349,bench_postgres,0.89,78884372,4294967296,1.84,327000000,313000000,532000,1540000000,10
1778959636633095298,bench_apache,9.34,166513868,2147483648,7.75,125000000,762000000,0,37300000,28
1778959636633095298,bench_nginx,0.01,192413696,2147483648,8.96,69500000,425000000,0,12300,19
1778959636633095298,bench_django,0.03,132854579,2147483648,6.19,75900000,419000000,0,0,9
1778959636633095298,bench_pgbouncer,0.75,2330984,33651068764,0.01,628000000,610000000,0,8190,1
1778959636633095298,bench_postgres,1.42,78769029,4294967296,1.83,327000000,313000000,532000,1540000000,10
1778959640015515724,bench_apache,5.68,166513868,2147483648,7.75,125000000,762000000,0,37300000,28
1778959640015515724,bench_nginx,0.02,192413696,2147483648,8.96,69500000,425000000,0,12300,19
1778959640015515724,bench_django,0.03,132854579,2147483648,6.19,75900000,419000000,0,0,9
1778959640015515724,bench_pgbouncer,0.44,2380267,33651068764,0.01,628000000,610000000,0,8190,1
1778959640015515724,bench_postgres,1.08,78863400,4294967296,1.84,327000000,313000000,532000,1540000000,10
1778959643434813544,bench_apache,8.18,168191590,2147483648,7.83,126000000,762000000,0,37300000,29
1778959643434813544,bench_nginx,0.01,192518553,2147483648,8.97,69500000,425000000,0,12300,19
1778959643434813544,bench_django,0.04,132854579,2147483648,6.19,75900000,419000000,0,0,9
1778959643434813544,bench_pgbouncer,0.23,2400190,33651068764,0.01,628000000,610000000,0,8190,1
1778959643434813544,bench_postgres,0.50,78601256,4294967296,1.83,327000000,313000000,532000,1540000000,10
1778959646830583184,bench_apache,5.44,168611020,2147483648,7.85,126000000,762000000,0,37300000,29
1778959646830583184,bench_nginx,0.02,192413696,2147483648,8.96,69500000,425000000,0,12300,19
1778959646830583184,bench_django,0.04,132854579,2147483648,6.19,75900000,419000000,0,0,9
1778959646830583184,bench_pgbouncer,0.33,2322595,33651068764,0.01,628000000,610000000,0,8190,1
1778959646830583184,bench_postgres,0.45,78643200,4294967296,1.83,327000000,313000000,532000,1540000000,10
1778959650220198815,bench_apache,9.73,168611020,2147483648,7.85,126000000,763000000,0,37300000,29
1778959650220198815,bench_nginx,0.02,192413696,2147483648,8.96,69500000,425000000,0,12300,19
1778959650220198815,bench_django,0.04,133378867,2147483648,6.21,75900000,419000000,0,0,9
1778959650220198815,bench_pgbouncer,0.62,2617245,33651068764,0.01,629000000,610000000,0,8190,1
1778959650220198815,bench_postgres,0.94,78999715,4294967296,1.84,327000000,313000000,532000,1540000000,10
1778959653619290126,bench_apache,7.07,166513868,2147483648,7.76,126000000,763000000,0,37400000,28
1778959653619290126,bench_nginx,0.02,192413696,2147483648,8.96,69500000,425000000,0,12300,19
1778959653619290126,bench_django,0.03,132854579,2147483648,6.19,75900000,419000000,0,0,9
1778959653619290126,bench_pgbouncer,0.37,2383413,33651068764,0.01,629000000,610000000,0,8190,1
1778959653619290126,bench_postgres,0.64,79157002,4294967296,1.84,327000000,313000000,532000,1540000000,10
1778959657006825853,bench_apache,9.17,166513868,2147483648,7.75,126000000,763000000,0,37400000,28
1778959657006825853,bench_nginx,0.02,192413696,2147483648,8.96,69500000,425000000,0,12300,19
1778959657006825853,bench_django,0.04,132854579,2147483648,6.19,75900000,419000000,0,0,9
1778959657006825853,bench_pgbouncer,0.70,2400190,33651068764,0.01,629000000,610000000,0,8190,1
1778959657006825853,bench_postgres,1.06,78978744,4294967296,1.84,327000000,313000000,532000,1540000000,10
1778959660405394007,bench_apache,7.66,166409011,2147483648,7.75,126000000,764000000,0,37400000,28
1778959660405394007,bench_nginx,0.02,192413696,2147483648,8.96,69500000,425000000,0,12300,19
1778959660405394007,bench_django,0.06,132854579,2147483648,6.19,75900000,419000000,0,0,9
1778959660405394007,bench_pgbouncer,0.46,2428502,33651068764,0.01,629000000,610000000,0,8190,1
1778959660405394007,bench_postgres,0.82,78957772,4294967296,1.84,327000000,313000000,532000,1540000000,10
1778959663812863455,bench_apache,9.57,166409011,2147483648,7.75,126000000,764000000,0,37400000,28
1778959663812863455,bench_nginx,0.02,192413696,2147483648,8.96,69500000,425000000,0,12300,19
1778959663812863455,bench_django,0.04,132854579,2147483648,6.19,75900000,419000000,0,0,9
1778959663812863455,bench_pgbouncer,0.58,2466250,33651068764,0.01,629000000,610000000,0,8190,1
1778959663812863455,bench_postgres,1.03,79052144,4294967296,1.84,327000000,313000000,532000,1540000000,10
1778959667208253940,bench_apache,7.73,166304153,2147483648,7.74,126000000,764000000,0,37400000,28
1778959667208253940,bench_nginx,0.02,192413696,2147483648,8.96,69500000,425000000,0,12300,19
1778959667208253940,bench_django,0.04,132854579,2147483648,6.19,75900000,419000000,0,0,9
1778959667208253940,bench_pgbouncer,0.40,2507145,33651068764,0.01,629000000,610000000,0,8190,1
1778959667208253940,bench_postgres,0.74,78622228,4294967296,1.83,328000000,313000000,532000,1540000000,10
1778959670614797515,bench_apache,8.35,166618726,2147483648,7.76,126000000,765000000,0,37400000,28
1778959670614797515,bench_nginx,0.02,192413696,2147483648,8.96,69500000,425000000,0,12300,19
1778959670614797515,bench_django,0.04,132854579,2147483648,6.19,75900000,419000000,0,0,9
1778959670614797515,bench_pgbouncer,0.59,2211446,33651068764,0.01,629000000,611000000,0,8190,1
1778959670614797515,bench_postgres,1.00,78810972,4294967296,1.83,328000000,313000000,532000,1540000000,10
1778959674010960310,bench_apache,8.11,165989580,2147483648,7.73,126000000,765000000,0,37400000,28
1778959674010960310,bench_nginx,0.02,192413696,2147483648,8.96,69500000,425000000,0,12300,19
1778959674010960310,bench_django,0.04,132854579,2147483648,6.19,75900000,419000000,0,0,9
1778959674010960310,bench_pgbouncer,0.53,2416967,33651068764,0.01,629000000,611000000,0,8190,1
1778959674010960310,bench_postgres,1.09,78999715,4294967296,1.84,328000000,313000000,532000,1540000000,10
1778959677413468951,bench_apache,8.88,166304153,2147483648,7.74,126000000,765000000,0,37400000,28
1778959677413468951,bench_nginx,0.02,192413696,2147483648,8.96,69500000,425000000,0,12300,19
1778959677413468951,bench_django,0.03,132854579,2147483648,6.19,75900000,419000000,0,0,9
1778959677413468951,bench_pgbouncer,0.58,2260729,33651068764,0.01,629000000,611000000,0,8190,1
1778959677413468951,bench_postgres,1.05,79020687,4294967296,1.84,328000000,313000000,532000,1540000000,10
1778959680825829042,bench_apache,7.48,166094438,2147483648,7.73,126000000,766000000,0,37400000,28
1778959680825829042,bench_nginx,0.02,192413696,2147483648,8.96,69500000,425000000,0,12300,19
1778959680825829042,bench_django,0.03,133169152,2147483648,6.20,75900000,419000000,0,0,9
1778959680825829042,bench_pgbouncer,0.46,2462056,33651068764,0.01,629000000,611000000,0,8190,1
1778959680825829042,bench_postgres,1.49,79188459,4294967296,1.84,328000000,313000000,532000,1540000000,10
1778959684229089218,bench_apache,8.13,166094438,2147483648,7.73,126000000,766000000,0,37500000,28
1778959684229089218,bench_nginx,0.02,192413696,2147483648,8.96,69500000,425000000,0,12300,19
1778959684229089218,bench_django,0.04,132854579,2147483648,6.19,75900000,419000000,0,0,9
1778959684229089218,bench_pgbouncer,0.53,2441084,33651068764,0.01,629000000,611000000,0,8190,1
1778959684229089218,bench_postgres,0.97,79115059,4294967296,1.84,328000000,314000000,532000,1540000000,10
1778959687636911209,bench_apache,7.23,168296448,2147483648,7.84,126000000,766000000,0,37500000,29
1778959687636911209,bench_nginx,0.02,192413696,2147483648,8.96,69500000,425000000,0,12300,19
1778959687636911209,bench_django,0.05,132854579,2147483648,6.19,75900000,419000000,0,0,9
1778959687636911209,bench_pgbouncer,0.42,2466250,33651068764,0.01,629000000,611000000,0,8190,1
1778959687636911209,bench_postgres,1.02,78622228,4294967296,1.83,328000000,314000000,532000,1540000000,10
1778959691014927993,bench_apache,7.81,168401305,2147483648,7.84,126000000,767000000,0,37500000,29
1778959691014927993,bench_nginx,0.02,192413696,2147483648,8.96,69500000,425000000,0,12300,19
1778959691014927993,bench_django,0.04,132854579,2147483648,6.19,75900000,419000000,0,0,9
1778959691014927993,bench_pgbouncer,0.49,2387607,33651068764,0.01,630000000,611000000,0,8190,1
1778959691014927993,bench_postgres,0.86,78926315,4294967296,1.84,328000000,314000000,532000,1540000000,10
1778959694397887858,bench_apache,8.27,166409011,2147483648,7.75,126000000,767000000,0,37500000,28
1778959694397887858,bench_nginx,0.02,192413696,2147483648,8.96,69500000,425000000,0,12300,19
1778959694397887858,bench_django,0.03,132854579,2147483648,6.19,75900000,419000000,0,0,9
1778959694397887858,bench_pgbouncer,0.51,2391801,33651068764,0.01,630000000,611000000,0,8190,1
1778959694397887858,bench_postgres,1.02,79387688,4294967296,1.85,328000000,314000000,532000,1540000000,10
1778959697788653256,bench_apache,7.60,166304153,2147483648,7.74,126000000,767000000,0,37500000,28
1778959697788653256,bench_nginx,0.02,192413696,2147483648,8.96,69500000,425000000,0,12300,19
1778959697788653256,bench_django,0.03,132854579,2147483648,6.19,75900000,419000000,0,0,9
1778959697788653256,bench_pgbouncer,0.47,2159017,33651068764,0.01,630000000,611000000,0,8190,1
1778959697788653256,bench_postgres,4.99,79188459,4294967296,1.84,328000000,314000000,532000,1540000000,10
1778959701191060407,bench_apache,5.23,166409011,2147483648,7.75,126000000,768000000,0,37500000,28
1778959701191060407,bench_nginx,3.71,192833126,2147483648,8.98,69500000,425000000,0,12300,19
1778959701191060407,bench_django,0.04,132854579,2147483648,6.19,75900000,419000000,0,0,9
1778959701191060407,bench_pgbouncer,0.29,2683305,33651068764,0.01,630000000,611000000,0,8190,1
1778959701191060407,bench_postgres,0.79,79167488,4294967296,1.84,328000000,314000000,532000,1550000000,10
1778959704614009978,bench_apache,4.53,166618726,2147483648,7.76,127000000,768000000,0,37500000,28
1778959704614009978,bench_nginx,0.02,192623411,2147483648,8.97,69500000,425000000,0,12300,19
1778959704614009978,bench_django,0.05,132854579,2147483648,6.19,75900000,419000000,0,0,9
1778959704614009978,bench_pgbouncer,0.28,2113929,33651068764,0.01,630000000,611000000,0,8190,1
1778959704614009978,bench_postgres,0.63,79198945,4294967296,1.84,328000000,314000000,532000,1550000000,10
1778959708007724992,bench_apache,3.73,166304153,2147483648,7.74,127000000,768000000,0,37500000,28
1778959708007724992,bench_nginx,0.01,192413696,2147483648,8.96,69500000,425000000,0,12300,19
1778959708007724992,bench_django,0.04,132854579,2147483648,6.19,75900000,419000000,0,0,9
1778959708007724992,bench_pgbouncer,0.21,2567962,33651068764,0.01,630000000,611000000,0,8190,1
1778959708007724992,bench_postgres,0.39,79429632,4294967296,1.85,328000000,314000000,532000,1550000000,10
1778959711409207187,bench_apache,8.72,165989580,2147483648,7.73,127000000,768000000,0,37500000,28
1778959711409207187,bench_nginx,0.02,192413696,2147483648,8.96,69500000,425000000,0,12300,19
1778959711409207187,bench_django,0.04,133064294,2147483648,6.20,75900000,419000000,0,0,9
1778959711409207187,bench_pgbouncer,0.58,2232418,33651068764,0.01,630000000,611000000,0,8190,1
1778959711409207187,bench_postgres,0.83,79293317,4294967296,1.85,328000000,314000000,532000,1550000000,10
1778959714804023550,bench_apache,10.02,166094438,2147483648,7.74,127000000,769000000,0,37600000,28
1778959714804023550,bench_nginx,0.02,192413696,2147483648,8.96,69500000,425000000,0,12300,19
1778959714804023550,bench_django,0.04,132959436,2147483648,6.19,75900000,419000000,0,0,9
1778959714804023550,bench_pgbouncer,0.80,2572156,33651068764,0.01,630000000,612000000,0,8190,1
1778959714804023550,bench_postgres,0.74,79293317,4294967296,1.85,328000000,314000000,532000,1550000000,10
1778959718219486924,bench_apache,7.87,166199296,2147483648,7.74,127000000,769000000,0,37600000,28
1778959718219486924,bench_nginx,0.02,192413696,2147483648,8.96,69500000,425000000,0,12300,19
1778959718219486924,bench_django,0.04,132854579,2147483648,6.19,75900000,419000000,0,0,9
1778959718219486924,bench_pgbouncer,0.60,2073034,33651068764,0.01,630000000,612000000,0,8190,1
1778959718219486924,bench_postgres,5.42,79461089,4294967296,1.85,328000000,314000000,532000,1550000000,10
1778959721612350353,bench_apache,7.92,166513868,2147483648,7.75,127000000,769000000,0,37600000,28
1778959721612350353,bench_nginx,0.01,192413696,2147483648,8.96,69500000,425000000,0,12300,19
1778959721612350353,bench_django,0.04,132854579,2147483648,6.19,75900000,419000000,0,0,9
1778959721612350353,bench_pgbouncer,0.50,1970274,33651068764,0.01,630000000,612000000,0,8190,1
1778959721612350353,bench_postgres,1.36,78884372,4294967296,1.84,328000000,314000000,532000,1550000000,10
1778959725046525462,bench_apache,7.74,168191590,2147483648,7.83,127000000,770000000,0,37600000,29
1778959725046525462,bench_nginx,0.02,192413696,2147483648,8.96,69500000,425000000,0,12300,19
1778959725046525462,bench_django,0.03,132854579,2147483648,6.19,75900000,419000000,0,0,9
1778959725046525462,bench_pgbouncer,0.47,2088763,33651068764,0.01,630000000,612000000,0,8190,1
1778959725046525462,bench_postgres,1.07,79293317,4294967296,1.85,328000000,314000000,532000,1550000000,10
1778959728433910962,bench_apache,7.80,168086732,2147483648,7.83,127000000,770000000,0,37600000,29
1778959728433910962,bench_nginx,0.02,192413696,2147483648,8.96,69500000,425000000,0,12300,19
1778959728433910962,bench_django,0.04,132854579,2147483648,6.19,75900000,419000000,0,0,9
1778959728433910962,bench_pgbouncer,0.55,2363490,33651068764,0.01,630000000,612000000,0,8190,1
1778959728433910962,bench_postgres,1.09,79146516,4294967296,1.84,328000000,314000000,532000,1550000000,10
1778959731842320095,bench_apache,8.66,168401305,2147483648,7.84,127000000,770000000,0,37600000,29
1778959731842320095,bench_nginx,3.63,192623411,2147483648,8.97,69500000,425000000,0,12300,19
1778959731842320095,bench_django,0.04,132854579,2147483648,6.19,75900000,419000000,0,0,9
1778959731842320095,bench_pgbouncer,0.58,2342518,33651068764,0.01,631000000,612000000,0,8190,1
1778959731842320095,bench_postgres,1.26,79125544,4294967296,1.84,328000000,314000000,532000,1550000000,10
1778959735235510515,bench_apache,7.08,166199296,2147483648,7.74,127000000,771000000,0,37600000,28
1778959735235510515,bench_nginx,0.02,192413696,2147483648,8.96,69500000,425000000,0,12300,19
1778959735235510515,bench_django,0.04,132854579,2147483648,6.19,75900000,419000000,0,0,9
1778959735235510515,bench_pgbouncer,0.55,2150629,33651068764,0.01,631000000,612000000,0,8190,1
1778959735235510515,bench_postgres,1.11,79293317,4294967296,1.85,328000000,314000000,532000,1550000000,10
1778959738618065893,bench_apache,7.93,166199296,2147483648,7.74,127000000,771000000,0,37600000,28
1778959738618065893,bench_nginx,0.02,192413696,2147483648,8.96,69500000,425000000,0,12300,19
1778959738618065893,bench_django,0.04,132854579,2147483648,6.19,75900000,419000000,0,0,9
1778959738618065893,bench_pgbouncer,0.54,2703228,33651068764,0.01,631000000,612000000,0,8190,1
1778959738618065893,bench_postgres,4.79,79366717,4294967296,1.85,328000000,314000000,532000,1550000000,10
1778959742012973819,bench_apache,8.85,166094438,2147483648,7.73,127000000,771000000,0,37600000,28
1778959742012973819,bench_nginx,0.02,192413696,2147483648,8.96,69500000,425000000,0,12300,19
1778959742012973819,bench_django,0.04,133169152,2147483648,6.20,75900000,419000000,0,0,9
1778959742012973819,bench_pgbouncer,0.58,2064646,33651068764,0.01,631000000,612000000,0,8190,1
1778959742012973819,bench_postgres,0.97,79198945,4294967296,1.84,328000000,314000000,532000,1550000000,10
1778959745417173622,bench_apache,7.96,166094438,2147483648,7.74,127000000,772000000,0,37700000,28
1778959745417173622,bench_nginx,0.02,192413696,2147483648,8.96,69500000,425000000,0,12300,19
1778959745417173622,bench_django,0.03,132854579,2147483648,6.19,75900000,419000000,0,0,9
1778959745417173622,bench_pgbouncer,0.55,2301624,33651068764,0.01,631000000,612000000,0,8190,1
1778959745417173622,bench_postgres,0.90,78999715,4294967296,1.84,329000000,314000000,532000,1550000000,10
1778959748801523960,bench_apache,7.74,165989580,2147483648,7.73,127000000,772000000,0,37700000,28
1778959748801523960,bench_nginx,0.02,192413696,2147483648,8.96,69500000,425000000,0,12300,19
1778959748801523960,bench_django,0.04,132854579,2147483648,6.19,75900000,419000000,0,0,9
1778959748801523960,bench_pgbouncer,0.52,2322595,33651068764,0.01,631000000,612000000,0,8190,1
1778959748801523960,bench_postgres,4.37,79240888,4294967296,1.84,329000000,314000000,532000,1550000000,10
1778959752195245283,bench_apache,6.61,166094438,2147483648,7.73,127000000,772000000,0,37700000,28
1778959752195245283,bench_nginx,0.02,192413696,2147483648,8.96,69500000,425000000,0,12300,19
1778959752195245283,bench_django,0.04,132854579,2147483648,6.19,75900000,419000000,0,0,9
1778959752195245283,bench_pgbouncer,0.40,2252341,33651068764,0.01,631000000,613000000,0,8190,1
1778959752195245283,bench_postgres,1.03,79073116,4294967296,1.84,329000000,314000000,532000,1550000000,10
1778959755610418081,bench_apache,7.60,166304153,2147483648,7.74,127000000,773000000,0,37700000,28
1778959755610418081,bench_nginx,0.02,192413696,2147483648,8.96,69500000,425000000,0,12300,19
1778959755610418081,bench_django,0.03,132854579,2147483648,6.19,75900000,419000000,0,0,9
1778959755610418081,bench_pgbouncer,0.49,2073034,33651068764,0.01,631000000,613000000,0,8190,1
1778959755610418081,bench_postgres,0.96,78926315,4294967296,1.84,329000000,314000000,532000,1550000000,10
1778959759000727702,bench_apache,7.35,166409011,2147483648,7.75,127000000,773000000,0,37700000,28
1778959759000727702,bench_nginx,0.02,192413696,2147483648,8.96,69500000,425000000,0,12300,19
1778959759000727702,bench_django,0.04,132854579,2147483648,6.19,75900000,419000000,0,0,9
1778959759000727702,bench_pgbouncer,0.42,2502950,33651068764,0.01,631000000,613000000,0,8190,1
1778959759000727702,bench_postgres,4.87,79408660,4294967296,1.85,329000000,314000000,532000,1550000000,10
1778959762390422685,bench_apache,5.45,166513868,2147483648,7.76,128000000,773000000,0,37700000,28
1778959762390422685,bench_nginx,0.02,192728268,2147483648,8.98,69500000,425000000,0,12300,19
1778959762390422685,bench_django,0.04,132854579,2147483648,6.19,75900000,419000000,0,0,9
1778959762390422685,bench_pgbouncer,0.33,2522873,33651068764,0.01,631000000,613000000,0,8190,1
1778959762390422685,bench_postgres,1.05,79335260,4294967296,1.85,329000000,314000000,532000,1550000000,10
1778959765834978669,bench_apache,5.81,168191590,2147483648,7.83,128000000,774000000,0,37700000,29
1778959765834978669,bench_nginx,0.01,192623411,2147483648,8.97,69500000,425000000,0,12300,19
1778959765834978669,bench_django,0.04,132854579,2147483648,6.19,75900000,419000000,0,0,9
1778959765834978669,bench_pgbouncer,0.36,2421161,33651068764,0.01,631000000,613000000,0,8190,1
1778959765834978669,bench_postgres,0.64,79765176,4294967296,1.86,329000000,314000000,532000,1550000000,10
1778959769265379538,bench_apache,5.40,168191590,2147483648,7.83,128000000,774000000,0,37700000,29
1778959769265379538,bench_nginx,0.02,192413696,2147483648,8.96,69500000,425000000,0,12300,19
1778959769265379538,bench_django,0.04,132854579,2147483648,6.19,75900000,419000000,0,0,9
1778959769265379538,bench_pgbouncer,0.34,2428502,33651068764,0.01,631000000,613000000,0,8190,1
1778959769265379538,bench_postgres,0.66,79282831,4294967296,1.85,329000000,314000000,532000,1550000000,10
1778959772658548362,bench_apache,8.16,168296448,2147483648,7.84,128000000,774000000,0,37700000,29
1778959772658548362,bench_nginx,0.01,192413696,2147483648,8.96,69500000,425000000,0,12300,19
1778959772658548362,bench_django,0.04,132959436,2147483648,6.19,75900000,419000000,0,0,9
1778959772658548362,bench_pgbouncer,0.54,2428502,33651068764,0.01,631000000,613000000,0,8190,1
1778959772658548362,bench_postgres,0.64,78947287,4294967296,1.84,329000000,314000000,532000,1550000000,10
1778959776053744329,bench_apache,7.20,166618726,2147483648,7.76,128000000,774000000,0,37800000,28
1778959776053744329,bench_nginx,0.01,192413696,2147483648,8.96,69500000,425000000,0,12300,19
1778959776053744329,bench_django,0.04,132959436,2147483648,6.19,75900000,419000000,0,0,9
1778959776053744329,bench_pgbouncer,0.47,2404384,33651068764,0.01,632000000,613000000,0,8190,1
1778959776053744329,bench_postgres,0.98,79639347,4294967296,1.85,329000000,314000000,532000,1550000000,10
1778959779444578904,bench_apache,7.96,166723584,2147483648,7.76,128000000,775000000,0,37800000,28
1778959779444578904,bench_nginx,0.02,192413696,2147483648,8.96,69500000,425000000,0,12300,19
1778959779444578904,bench_django,0.03,132854579,2147483648,6.19,75900000,419000000,0,0,9
1778959779444578904,bench_pgbouncer,0.58,2481979,33651068764,0.01,632000000,613000000,0,8190,1
1778959779444578904,bench_postgres,4.75,79681290,4294967296,1.86,329000000,315000000,532000,1550000000,10
1778959782850387470,bench_apache,7.93,166409011,2147483648,7.75,128000000,775000000,0,37800000,28
1778959782850387470,bench_nginx,0.02,192413696,2147483648,8.96,69500000,425000000,0,12300,19
1778959782850387470,bench_django,0.03,132854579,2147483648,6.19,75900000,419000000,0,0,9
1778959782850387470,bench_pgbouncer,0.51,2625634,33651068764,0.01,632000000,613000000,0,8190,1
1778959782850387470,bench_postgres,1.14,79387688,4294967296,1.85,329000000,315000000,532000,1550000000,10
1778959786241945124,bench_apache,8.09,166513868,2147483648,7.75,128000000,775000000,0,37800000,28
1778959786241945124,bench_nginx,0.02,192413696,2147483648,8.96,69500000,425000000,0,12300,19
1778959786241945124,bench_django,0.04,132854579,2147483648,6.19,75900000,419000000,0,0,9
1778959786241945124,bench_pgbouncer,0.54,2076180,33651068764,0.01,632000000,613000000,0,8190,1
1778959786241945124,bench_postgres,1.23,79796633,4294967296,1.86,329000000,315000000,532000,1550000000,10
1778959789650284094,bench_apache,9.61,166513868,2147483648,7.75,128000000,776000000,0,37800000,28
1778959789650284094,bench_nginx,0.02,192413696,2147483648,8.96,69500000,425000000,0,12300,19
1778959789650284094,bench_django,0.03,132854579,2147483648,6.19,75900000,419000000,0,0,9
1778959789650284094,bench_pgbouncer,0.67,2310012,33651068764,0.01,632000000,613000000,0,8190,1
1778959789650284094,bench_postgres,4.74,79775662,4294967296,1.86,329000000,315000000,532000,1550000000,10
1778959793058575897,bench_apache,8.25,167038156,2147483648,7.78,128000000,776000000,0,37800000,28
1778959793058575897,bench_nginx,0.02,192728268,2147483648,8.97,69500000,425000000,0,12300,19
1778959793058575897,bench_django,0.04,132854579,2147483648,6.19,75900000,419000000,0,0,9
1778959793058575897,bench_pgbouncer,0.44,2252341,33651068764,0.01,632000000,613000000,0,8190,1
1778959793058575897,bench_postgres,1.19,79188459,4294967296,1.84,329000000,315000000,532000,1550000000,10
1778959796443556535,bench_apache,7.78,167247872,2147483648,7.79,128000000,776000000,0,37800000,28
1778959796443556535,bench_nginx,0.02,192413696,2147483648,8.96,69500000,425000000,0,12300,19
1778959796443556535,bench_django,0.04,132854579,2147483648,6.19,75900000,419000000,0,0,9
1778959796443556535,bench_pgbouncer,0.47,2256535,33651068764,0.01,632000000,614000000,0,8190,1
1778959796443556535,bench_postgres,1.16,78915829,4294967296,1.84,329000000,315000000,532000,1550000000,10
1778959799831981503,bench_apache,7.90,166618726,2147483648,7.76,128000000,777000000,0,37800000,28
1778959799831981503,bench_nginx,0.02,192413696,2147483648,8.96,69500000,425000000,0,12300,19
1778959799831981503,bench_django,0.04,132854579,2147483648,6.19,75900000,419000000,0,0,9
1778959799831981503,bench_pgbouncer,0.51,2502950,33651068764,0.01,632000000,614000000,0,8190,1
1778959799831981503,bench_postgres,4.73,79125544,4294967296,1.84,329000000,315000000,532000,1550000000,10
1778959803280753366,bench_apache,8.01,166933299,2147483648,7.77,128000000,777000000,0,37800000,28
1778959803280753366,bench_nginx,0.02,192413696,2147483648,8.96,69500000,425000000,0,12300,19
1778959803280753366,bench_django,0.04,132854579,2147483648,6.19,75900000,419000000,0,0,9
1778959803280753366,bench_pgbouncer,0.51,2264924,33651068764,0.01,632000000,614000000,0,8190,1
1778959803280753366,bench_postgres,4.49,79450603,4294967296,1.85,329000000,315000000,532000,1560000000,10
1778959806683992628,bench_apache,9.00,168296448,2147483648,7.84,128000000,777000000,0,37900000,29
1778959806683992628,bench_nginx,0.02,192413696,2147483648,8.96,69500000,425000000,0,12300,19
1778959806683992628,bench_django,0.03,132854579,2147483648,6.19,75900000,419000000,0,0,9
1778959806683992628,bench_pgbouncer,0.57,2473590,33651068764,0.01,632000000,614000000,0,8190,1
1778959806683992628,bench_postgres,1.02,79314288,4294967296,1.85,329000000,315000000,532000,1560000000,10
1778959810079595778,bench_apache,7.38,168611020,2147483648,7.85,128000000,778000000,0,37900000,29
1778959810079595778,bench_nginx,0.02,192413696,2147483648,8.96,69500000,425000000,0,12300,19
1778959810079595778,bench_django,0.03,132854579,2147483648,6.19,75900000,419000000,0,0,9
1778959810079595778,bench_pgbouncer,0.45,2318401,33651068764,0.01,632000000,614000000,0,8190,1
1778959810079595778,bench_postgres,1.33,79482060,4294967296,1.85,329000000,315000000,532000,1560000000,10
1778959813480754816,bench_apache,7.34,168820736,2147483648,7.86,128000000,778000000,0,37900000,29
1778959813480754816,bench_nginx,0.01,192413696,2147483648,8.96,69500000,425000000,0,12300,19
1778959813480754816,bench_django,0.03,132854579,2147483648,6.19,75900000,419000000,0,0,9
1778959813480754816,bench_pgbouncer,0.45,2645557,33651068764,0.01,633000000,614000000,0,8190,1
1778959813480754816,bench_postgres,1.02,79408660,4294967296,1.85,329000000,315000000,532000,1560000000,10
1778959816874201456,bench_apache,7.89,166723584,2147483648,7.76,128000000,778000000,0,37900000,28
1778959816874201456,bench_nginx,0.01,192413696,2147483648,8.96,69500000,425000000,0,12300,19
1778959816874201456,bench_django,0.03,132854579,2147483648,6.19,75900000,419000000,0,0,9
1778959816874201456,bench_pgbouncer,0.47,2559574,33651068764,0.01,633000000,614000000,0,8190,1
1778959816874201456,bench_postgres,0.86,79534489,4294967296,1.85,329000000,315000000,532000,1560000000,10
1778959820268676864,bench_apache,7.93,166618726,2147483648,7.76,129000000,779000000,0,37900000,28
1778959820268676864,bench_nginx,0.02,192413696,2147483648,8.96,69500000,425000000,0,12300,19
1778959820268676864,bench_django,0.04,132854579,2147483648,6.19,75900000,419000000,0,0,9
1778959820268676864,bench_pgbouncer,0.52,2584739,33651068764,0.01,633000000,614000000,0,8190,1
1778959820268676864,bench_postgres,1.33,79303802,4294967296,1.85,329000000,315000000,532000,1560000000,10
1778959823666480229,bench_apache,7.63,166618726,2147483648,7.76,129000000,779000000,0,37900000,28
1778959823666480229,bench_nginx,0.02,192413696,2147483648,8.96,69500000,425000000,0,12300,19
1778959823666480229,bench_django,0.05,132854579,2147483648,6.19,75900000,419000000,0,0,9
1778959823666480229,bench_pgbouncer,0.50,2421161,33651068764,0.01,633000000,614000000,0,8190,1
1778959823666480229,bench_postgres,1.00,79293317,4294967296,1.85,330000000,315000000,532000,1560000000,10
1778959827094005640,bench_apache,4.81,166933299,2147483648,7.77,129000000,779000000,0,37900000,28
1778959827094005640,bench_nginx,0.01,192413696,2147483648,8.96,69500000,425000000,0,12300,19
1778959827094005640,bench_django,0.05,132854579,2147483648,6.19,75900000,419000000,0,0,9
1778959827094005640,bench_pgbouncer,0.27,2563768,33651068764,0.01,633000000,614000000,0,8190,1
1778959827094005640,bench_postgres,0.65,79209431,4294967296,1.84,330000000,315000000,532000,1560000000,10
1778959830495139997,bench_apache,5.11,166618726,2147483648,7.76,129000000,779000000,0,37900000,28
1778959830495139997,bench_nginx,0.02,192413696,2147483648,8.96,69500000,425000000,0,12300,19
1778959830495139997,bench_django,0.05,132854579,2147483648,6.19,75900000,419000000,0,0,9
1778959830495139997,bench_pgbouncer,0.46,2150629,33651068764,0.01,633000000,614000000,0,8190,1
1778959830495139997,bench_postgres,0.66,79534489,4294967296,1.85,330000000,315000000,532000,1560000000,10
1778959833933555157,bench_apache,5.68,166618726,2147483648,7.76,129000000,780000000,0,37900000,28
1778959833933555157,bench_nginx,0.02,192413696,2147483648,8.96,69500000,425000000,0,12300,19
1778959833933555157,bench_django,0.05,133064294,2147483648,6.19,75900000,419000000,0,0,9
1778959833933555157,bench_pgbouncer,0.39,2432696,33651068764,0.01,633000000,614000000,0,8190,1
1778959833933555157,bench_postgres,4.17,79817605,4294967296,1.86,330000000,315000000,532000,1560000000,10
1778959837369865637,bench_apache,8.87,166828441,2147483648,7.77,129000000,780000000,0,38000000,28
1778959837369865637,bench_nginx,0.02,192413696,2147483648,8.96,69500000,425000000,0,12300,19
1778959837369865637,bench_django,0.03,133064294,2147483648,6.19,75900000,419000000,0,0,9
1778959837369865637,bench_pgbouncer,0.74,2355101,33651068764,0.01,633000000,614000000,0,8190,1
1778959837369865637,bench_postgres,2.06,79744204,4294967296,1.86,330000000,315000000,532000,1560000000,10
1778959840756398728,bench_apache,8.58,166409011,2147483648,7.75,129000000,780000000,0,38000000,28
1778959840756398728,bench_nginx,0.02,192413696,2147483648,8.96,69500000,425000000,0,12300,19
1778959840756398728,bench_django,0.04,132854579,2147483648,6.19,75900000,419000000,0,0,9
1778959840756398728,bench_pgbouncer,0.61,2380267,33651068764,0.01,633000000,615000000,0,8190,1
1778959840756398728,bench_postgres,1.16,79198945,4294967296,1.84,330000000,315000000,532000,1560000000,10
1778959844167958304,bench_apache,12.63,168191590,2147483648,7.83,129000000,781000000,0,38000000,29
1778959844167958304,bench_nginx,0.02,192413696,2147483648,8.96,69500000,425000000,0,12300,19
1778959844167958304,bench_django,0.04,132854579,2147483648,6.19,75900000,419000000,0,0,9
1778959844167958304,bench_pgbouncer,0.61,2264924,33651068764,0.01,633000000,615000000,0,8190,1
1778959844167958304,bench_postgres,1.12,79136030,4294967296,1.84,330000000,315000000,532000,1560000000,10
1778959847566797845,bench_apache,7.54,168506163,2147483648,7.85,129000000,781000000,0,38000000,29
1778959847566797845,bench_nginx,0.02,192413696,2147483648,8.96,69500000,425000000,0,12300,19
1778959847566797845,bench_django,0.04,132854579,2147483648,6.19,75900000,419000000,0,0,9
1778959847566797845,bench_pgbouncer,0.57,2310012,33651068764,0.01,633000000,615000000,0,8190,1
1778959847566797845,bench_postgres,0.96,78926315,4294967296,1.84,330000000,315000000,532000,1560000000,10
1778959850957706109,bench_apache,8.95,168401305,2147483648,7.84,129000000,781000000,0,38000000,29
1778959850957706109,bench_nginx,0.02,192413696,2147483648,8.96,69500000,425000000,0,12300,19
1778959850957706109,bench_django,0.03,132854579,2147483648,6.19,75900000,419000000,0,0,9
1778959850957706109,bench_pgbouncer,0.48,2330984,33651068764,0.01,633000000,615000000,0,8190,1
1778959850957706109,bench_postgres,0.98,79335260,4294967296,1.85,330000000,315000000,532000,1560000000,10
1778959854362004912,bench_apache,4.83,166409011,2147483648,7.75,129000000,782000000,0,38000000,28
1778959854362004912,bench_nginx,0.02,192413696,2147483648,8.96,69500000,425000000,0,12300,19
1778959854362004912,bench_django,0.04,132854579,2147483648,6.19,75900000,419000000,0,0,9
1778959854362004912,bench_pgbouncer,0.29,2228224,33651068764,0.01,633000000,615000000,0,8190,1
1778959854362004912,bench_postgres,0.63,79828090,4294967296,1.86,330000000,315000000,532000,1560000000,10
1778959857757274362,bench_apache,8.68,166618726,2147483648,7.76,129000000,782000000,0,38000000,28
1778959857757274362,bench_nginx,0.02,192413696,2147483648,8.96,69500000,425000000,0,12300,19
1778959857757274362,bench_django,0.03,132854579,2147483648,6.19,75900000,419000000,0,0,9
1778959857757274362,bench_pgbouncer,0.50,2395996,33651068764,0.01,634000000,615000000,0,8190,1
1778959857757274362,bench_postgres,0.97,79167488,4294967296,1.84,330000000,315000000,532000,1570000000,10
1778959861159323868,bench_apache,8.77,166304153,2147483648,7.74,129000000,782000000,0,38000000,28
1778959861159323868,bench_nginx,0.02,192413696,2147483648,8.96,69500000,425000000,0,12300,19
1778959861159323868,bench_django,0.03,132854579,2147483648,6.19,75900000,419000000,0,0,9
1778959861159323868,bench_pgbouncer,0.63,2690646,33651068764,0.01,634000000,615000000,0,8190,1
1778959861159323868,bench_postgres,1.25,79524003,4294967296,1.85,330000000,315000000,532000,1570000000,10
1778959864558511774,bench_apache,7.37,166828441,2147483648,7.77,129000000,783000000,0,38000000,28
1778959864558511774,bench_nginx,0.02,192413696,2147483648,8.96,69500000,425000000,0,12300,19
1778959864558511774,bench_django,0.04,133064294,2147483648,6.20,75900000,419000000,0,0,9
1778959864558511774,bench_pgbouncer,0.51,2240806,33651068764,0.01,634000000,615000000,0,8190,1
1778959864558511774,bench_postgres,4.40,79953920,4294967296,1.86,330000000,315000000,532000,1570000000,10
1778959867950000187,bench_apache,8.24,166723584,2147483648,7.76,129000000,783000000,0,38100000,28
1778959867950000187,bench_nginx,0.02,192413696,2147483648,8.96,69500000,425000000,0,12300,19
1778959867950000187,bench_django,0.04,132854579,2147483648,6.19,75900000,419000000,0,0,9
1778959867950000187,bench_pgbouncer,0.52,2318401,33651068764,0.01,634000000,615000000,0,8190,1
1778959867950000187,bench_postgres,1.20,79880519,4294967296,1.86,330000000,315000000,532000,1570000000,10
1778959871359343279,bench_apache,8.46,166199296,2147483648,7.74,129000000,783000000,0,38100000,28
1778959871359343279,bench_nginx,0.01,192413696,2147483648,8.96,69500000,425000000,0,12300,19
1778959871359343279,bench_django,0.04,132854579,2147483648,6.19,75900000,419000000,0,0,9
1778959871359343279,bench_pgbouncer,0.50,2498756,33651068764,0.01,634000000,615000000,0,8190,1
1778959871359343279,bench_postgres,0.73,79670804,4294967296,1.85,330000000,316000000,532000,1570000000,10
1778959874747208402,bench_apache,5.91,166723584,2147483648,7.76,129000000,784000000,0,38100000,28
1778959874747208402,bench_nginx,0.02,192413696,2147483648,8.96,69500000,425000000,0,12300,19
1778959874747208402,bench_django,0.04,132854579,2147483648,6.19,75900000,419000000,0,0,9
1778959874747208402,bench_pgbouncer,0.43,2249195,33651068764,0.01,634000000,615000000,0,8190,1
1778959874747208402,bench_postgres,2.37,80394321,4294967296,1.87,330000000,316000000,532000,1570000000,16
1778959878183077294,bench_apache,4.73,166199296,2147483648,7.74,129000000,784000000,0,38100000,28
1778959878183077294,bench_nginx,0.02,192413696,2147483648,8.96,69500000,425000000,0,12300,19
1778959878183077294,bench_django,0.04,132854579,2147483648,6.19,75900000,419000000,0,0,9
1778959878183077294,bench_pgbouncer,0.36,2387607,33651068764,0.01,634000000,615000000,0,8190,1
1778959878183077294,bench_postgres,0.58,79314288,4294967296,1.85,330000000,316000000,532000,1570000000,10
1778959881585413149,bench_apache,7.93,166409011,2147483648,7.75,130000000,784000000,0,38100000,28
1778959881585413149,bench_nginx,3.86,192728268,2147483648,8.98,69500000,425000000,0,12300,19
1778959881585413149,bench_django,0.04,132854579,2147483648,6.19,75900000,419000000,0,0,9
1778959881585413149,bench_pgbouncer,0.52,2269118,33651068764,0.01,634000000,615000000,0,8190,1
1778959881585413149,bench_postgres,1.26,79094087,4294967296,1.84,330000000,316000000,532000,1570000000,10
1778959884996121493,bench_apache,9.28,168715878,2147483648,7.86,130000000,784000000,0,38100000,29
1778959884996121493,bench_nginx,0.02,192413696,2147483648,8.96,69500000,425000000,0,12300,19
1778959884996121493,bench_django,0.04,132854579,2147483648,6.19,75900000,419000000,0,0,9
1778959884996121493,bench_pgbouncer,0.71,2260729,33651068764,0.01,634000000,616000000,0,8190,1
1778959884996121493,bench_postgres,4.76,79513518,4294967296,1.85,330000000,316000000,532000,1570000000,10
1778959888409790051,bench_apache,5.71,168611020,2147483648,7.85,130000000,785000000,0,38100000,29
1778959888409790051,bench_nginx,0.02,192413696,2147483648,8.96,69500000,425000000,0,12300,19
1778959888409790051,bench_django,0.04,132854579,2147483648,6.19,75900000,419000000,0,0,9
1778959888409790051,bench_pgbouncer,0.46,2593128,33651068764,0.01,634000000,616000000,0,8190,1
1778959888409790051,bench_postgres,0.79,79209431,4294967296,1.84,330000000,316000000,532000,1570000000,10
1778959891797482663,bench_apache,7.86,168611020,2147483648,7.85,130000000,785000000,0,38100000,29
1778959891797482663,bench_nginx,0.02,192413696,2147483648,8.96,69500000,425000000,0,12300,19
1778959891797482663,bench_django,6.93,141138329,2147483648,6.57,75900000,419000000,0,0,10
1778959891797482663,bench_pgbouncer,0.63,2174746,33651068764,0.01,634000000,616000000,0,8190,1
1778959891797482663,bench_postgres,1.07,79062630,4294967296,1.84,330000000,316000000,532000,1570000000,10
1778959895228060168,bench_apache,6.80,166723584,2147483648,7.76,130000000,785000000,0,38100000,28
1778959895228060168,bench_nginx,0.02,192413696,2147483648,8.96,69500000,425000000,0,12300,19
1778959895228060168,bench_django,0.03,132959436,2147483648,6.19,75900000,419000000,0,0,9
1778959895228060168,bench_pgbouncer,0.41,2342518,33651068764,0.01,634000000,616000000,0,8190,1
1778959895228060168,bench_postgres,0.89,79440117,4294967296,1.85,330000000,316000000,532000,1570000000,10
1778959898618302976,bench_apache,4.60,166828441,2147483648,7.77,130000000,786000000,0,38200000,28
1778959898618302976,bench_nginx,0.02,192413696,2147483648,8.96,69500000,425000000,0,12300,19
1778959898618302976,bench_django,0.04,132854579,2147483648,6.19,75900000,419000000,0,0,9
1778959898618302976,bench_pgbouncer,0.27,2580545,33651068764,0.01,634000000,616000000,0,8190,1
1778959898618302976,bench_postgres,1.31,79272345,4294967296,1.85,330000000,316000000,532000,1570000000,10
1778959902015749167,bench_apache,6.35,166304153,2147483648,7.75,130000000,786000000,0,38200000,28
1778959902015749167,bench_nginx,0.02,192413696,2147483648,8.96,69500000,425000000,0,12300,19
1778959902015749167,bench_django,0.05,132854579,2147483648,6.19,75900000,419000000,0,0,9
1778959902015749167,bench_pgbouncer,0.35,2453667,33651068764,0.01,635000000,616000000,0,8190,1
1778959902015749167,bench_postgres,0.70,79272345,4294967296,1.85,330000000,316000000,532000,1570000000,10
1778959905430610225,bench_apache,7.50,166828441,2147483648,7.77,130000000,786000000,0,38200000,28
1778959905430610225,bench_nginx,0.02,192413696,2147483648,8.96,69500000,425000000,0,12300,19
1778959905430610225,bench_django,0.05,132854579,2147483648,6.19,75900000,419000000,0,0,9
1778959905430610225,bench_pgbouncer,0.38,2170552,33651068764,0.01,635000000,616000000,0,8190,1
1778959905430610225,bench_postgres,0.80,79524003,4294967296,1.85,331000000,316000000,532000,1570000000,10
1778959908821139024,bench_apache,5.51,166618726,2147483648,7.76,130000000,786000000,0,38200000,28
1778959908821139024,bench_nginx,0.02,192413696,2147483648,8.96,69500000,425000000,0,12300,19
1778959908821139024,bench_django,0.04,132854579,2147483648,6.19,75900000,419000000,0,0,9
1778959908821139024,bench_pgbouncer,0.40,2252341,33651068764,0.01,635000000,616000000,0,8190,1
1778959908821139024,bench_postgres,1.10,79209431,4294967296,1.84,331000000,316000000,532000,1570000000,10
1778959912234365523,bench_apache,6.17,166723584,2147483648,7.76,130000000,787000000,0,38200000,28
1778959912234365523,bench_nginx,3.72,192833126,2147483648,8.98,69500000,425000000,0,12300,19
1778959912234365523,bench_django,0.04,132854579,2147483648,6.19,75900000,419000000,0,0,9
1778959912234365523,bench_pgbouncer,0.47,2445279,33651068764,0.01,635000000,616000000,0,8190,1
1778959912234365523,bench_postgres,0.80,79482060,4294967296,1.85,331000000,316000000,532000,1570000000,10
1778959915629998990,bench_apache,7.63,166513868,2147483648,7.76,130000000,787000000,0,38200000,28
1778959915629998990,bench_nginx,0.01,192413696,2147483648,8.96,69500000,425000000,0,12300,19
1778959915629998990,bench_django,0.04,132854579,2147483648,6.19,75900000,419000000,0,0,9
1778959915629998990,bench_pgbouncer,0.46,2728394,33651068764,0.01,635000000,616000000,0,8190,1
1778959915629998990,bench_postgres,4.46,79450603,4294967296,1.85,331000000,316000000,532000,1570000000,10
1778959919022812231,bench_apache,5.32,166409011,2147483648,7.75,130000000,787000000,0,38200000,28
1778959919022812231,bench_nginx,0.02,192413696,2147483648,8.96,69500000,425000000,0,12300,19
1778959919022812231,bench_django,0.04,132854579,2147483648,6.19,75900000,419000000,0,0,9
1778959919022812231,bench_pgbouncer,0.35,2617245,33651068764,0.01,635000000,616000000,0,8190,1
1778959919022812231,bench_postgres,1.41,79712747,4294967296,1.86,331000000,316000000,532000,1580000000,10
1778959922432617579,bench_apache,5.72,166409011,2147483648,7.75,130000000,787000000,0,38200000,28
1778959922432617579,bench_nginx,0.02,192413696,2147483648,8.96,69500000,425000000,0,12300,19
1778959922432617579,bench_django,33.18,147010355,2147483648,6.85,75900000,419000000,0,0,10
1778959922432617579,bench_pgbouncer,0.31,2367684,33651068764,0.01,635000000,616000000,0,8190,1
1778959922432617579,bench_postgres,0.68,79104573,4294967296,1.84,331000000,316000000,532000,1580000000,10
1778959925834731521,bench_apache,8.29,168086732,2147483648,7.83,130000000,788000000,0,38200000,29
1778959925834731521,bench_nginx,0.01,192413696,2147483648,8.96,69500000,425000000,0,12300,19
1778959925834731521,bench_django,0.05,132854579,2147483648,6.19,75900000,419000000,0,0,9
1778959925834731521,bench_pgbouncer,0.58,2522873,33651068764,0.01,635000000,616000000,0,8190,1
1778959925834731521,bench_postgres,1.14,79943434,4294967296,1.86,331000000,316000000,532000,1580000000,10
1778959929251876532,bench_apache,5.99,168506163,2147483648,7.85,130000000,788000000,0,38200000,29
1778959929251876532,bench_nginx,0.02,192413696,2147483648,8.96,69500000,425000000,0,12300,19
1778959929251876532,bench_django,0.04,132854579,2147483648,6.19,75900000,419000000,0,0,9
1778959929251876532,bench_pgbouncer,0.35,2043674,33651068764,0.01,635000000,616000000,0,8190,1
1778959929251876532,bench_postgres,0.96,79691776,4294967296,1.86,331000000,316000000,532000,1580000000,10
1778959932657147071,bench_apache,6.06,168401305,2147483648,7.84,130000000,788000000,0,38200000,29
1778959932657147071,bench_nginx,0.02,192413696,2147483648,8.96,69500000,425000000,0,12300,19
1778959932657147071,bench_django,0.05,132854579,2147483648,6.19,75900000,419000000,0,0,9
1778959932657147071,bench_pgbouncer,0.41,2408579,33651068764,0.01,635000000,617000000,0,8190,1
1778959932657147071,bench_postgres,0.99,79209431,4294967296,1.84,331000000,316000000,532000,1580000000,10
1778959936072617364,bench_apache,8.28,166513868,2147483648,7.76,130000000,788000000,0,38200000,28
1778959936072617364,bench_nginx,0.02,192413696,2147483648,8.96,69500000,425000000,0,12300,19
1778959936072617364,bench_django,0.04,132854579,2147483648,6.19,75900000,419000000,0,0,9
1778959936072617364,bench_pgbouncer,0.62,2232418,33651068764,0.01,635000000,617000000,0,8190,1
1778959936072617364,bench_postgres,1.15,79901491,4294967296,1.86,331000000,316000000,532000,1580000000,10
1778959939486730093,bench_apache,6.91,166513868,2147483648,7.75,130000000,789000000,0,38200000,28
1778959939486730093,bench_nginx,0.02,192413696,2147483648,8.96,69500000,425000000,0,12300,19
1778959939486730093,bench_django,0.03,132854579,2147483648,6.19,75900000,419000000,0,0,9
1778959939486730093,bench_pgbouncer,0.48,2466250,33651068764,0.01,635000000,617000000,0,8190,1
1778959939486730093,bench_postgres,1.69,79544975,4294967296,1.85,331000000,316000000,532000,1580000000,10
1778959942882397842,bench_apache,6.03,166828441,2147483648,7.77,130000000,789000000,0,38200000,28
1778959942882397842,bench_nginx,0.02,192518553,2147483648,8.96,69500000,425000000,0,12300,19
1778959942882397842,bench_django,0.04,132854579,2147483648,6.19,75900000,419000000,0,0,9
1778959942882397842,bench_pgbouncer,0.38,2584739,33651068764,0.01,635000000,617000000,0,8190,1
1778959942882397842,bench_postgres,0.84,79838576,4294967296,1.86,331000000,316000000,532000,1580000000,10
1778959946303310424,bench_apache,5.44,166828441,2147483648,7.77,130000000,789000000,0,38200000,28
1778959946303310424,bench_nginx,0.02,192413696,2147483648,8.96,69500000,425000000,0,12300,19
1778959946303310424,bench_django,0.05,132854579,2147483648,6.19,75900000,419000000,0,0,9
1778959946303310424,bench_pgbouncer,0.29,2486173,33651068764,0.01,635000000,617000000,0,8190,1
1778959946303310424,bench_postgres,3.75,79660318,4294967296,1.85,331000000,316000000,532000,1580000000,10
1778959949700448139,bench_apache,6.76,166513868,2147483648,7.76,131000000,790000000,0,38200000,28
1778959949700448139,bench_nginx,0.02,192413696,2147483648,8.96,69500000,425000000,0,12300,19
1778959949700448139,bench_django,0.04,132854579,2147483648,6.19,75900000,419000000,0,0,9
1778959949700448139,bench_pgbouncer,0.44,1978662,33651068764,0.01,635000000,617000000,0,8190,1
1778959949700448139,bench_postgres,0.77,79503032,4294967296,1.85,331000000,316000000,532000,1580000000,10
1778959953112151216,bench_apache,5.90,166409011,2147483648,7.75,131000000,790000000,0,38200000,28
1778959953112151216,bench_nginx,0.02,192413696,2147483648,8.96,69500000,425000000,0,12300,19
1778959953112151216,bench_django,34.06,133064294,2147483648,6.20,75900000,419000000,0,0,9
1778959953112151216,bench_pgbouncer,0.36,2052063,33651068764,0.01,636000000,617000000,0,8190,1
1778959953112151216,bench_postgres,0.94,79524003,4294967296,1.85,331000000,316000000,532000,1580000000,10
1778959956509233408,bench_apache,6.18,166409011,2147483648,7.75,131000000,790000000,0,38200000,28
1778959956509233408,bench_nginx,0.02,192413696,2147483648,8.96,69500000,425000000,0,12300,19
1778959956509233408,bench_django,0.03,132854579,2147483648,6.19,75900000,419000000,0,0,9
1778959956509233408,bench_pgbouncer,0.43,2105540,33651068764,0.01,636000000,617000000,0,8190,1
1778959956509233408,bench_postgres,4.70,79974891,4294967296,1.86,331000000,316000000,532000,1580000000,10
1778959959940511434,bench_apache,7.63,166618726,2147483648,7.76,131000000,790000000,0,38300000,28
1778959959940511434,bench_nginx,0.01,192413696,2147483648,8.96,69500000,425000000,0,12300,19
1778959959940511434,bench_django,0.04,132854579,2147483648,6.19,75900000,419000000,0,0,9
1778959959940511434,bench_pgbouncer,0.49,2642411,33651068764,0.01,636000000,617000000,0,8190,1
1778959959940511434,bench_postgres,1.35,79492546,4294967296,1.85,331000000,316000000,532000,1580000000,10
1778959963339733876,bench_apache,6.48,166409011,2147483648,7.75,131000000,791000000,0,38300000,28
1778959963339733876,bench_nginx,0.02,192413696,2147483648,8.96,69500000,425000000,0,12300,19
1778959963339733876,bench_django,0.04,132854579,2147483648,6.19,75900000,419000000,0,0,9
1778959963339733876,bench_pgbouncer,0.47,2457862,33651068764,0.01,636000000,617000000,0,8190,1
1778959963339733876,bench_postgres,0.93,79377203,4294967296,1.85,331000000,316000000,532000,1580000000,10
1778959966733109910,bench_apache,6.21,168296448,2147483648,7.83,131000000,791000000,0,38300000,29
1778959966733109910,bench_nginx,0.02,192413696,2147483648,8.96,69500000,425000000,0,12300,19
1778959966733109910,bench_django,0.05,132854579,2147483648,6.19,75900000,419000000,0,0,9
1778959966733109910,bench_pgbouncer,0.47,2342518,33651068764,0.01,636000000,617000000,0,8190,1
1778959966733109910,bench_postgres,0.97,79639347,4294967296,1.85,331000000,316000000,532000,1580000000,10
1778959970143610471,bench_apache,7.60,168401305,2147483648,7.84,131000000,791000000,0,38300000,29
1778959970143610471,bench_nginx,0.02,192413696,2147483648,8.96,69500000,425000000,0,12300,19
1778959970143610471,bench_django,0.03,132854579,2147483648,6.19,75900000,419000000,0,0,9
1778959970143610471,bench_pgbouncer,0.47,2228224,33651068764,0.01,636000000,617000000,0,8190,1
1778959970143610471,bench_postgres,0.92,79723233,4294967296,1.86,331000000,316000000,532000,1580000000,10
1778959973536983380,bench_apache,6.95,168611020,2147483648,7.85,131000000,791000000,0,38300000,29
1778959973536983380,bench_nginx,0.02,192728268,2147483648,8.97,69500000,425000000,0,12300,19
1778959973536983380,bench_django,0.04,132854579,2147483648,6.19,75900000,419000000,0,0,9
1778959973536983380,bench_pgbouncer,0.51,2297430,33651068764,0.01,636000000,617000000,0,8190,1
1778959973536983380,bench_postgres,1.12,79544975,4294967296,1.85,331000000,316000000,532000,1580000000,10
1778959976930454228,bench_apache,6.19,166513868,2147483648,7.75,131000000,792000000,0,38300000,28
1778959976930454228,bench_nginx,0.02,192413696,2147483648,8.96,69500000,425000000,0,12300,19
1778959976930454228,bench_django,0.04,132854579,2147483648,6.19,75900000,419000000,0,0,9
1778959976930454228,bench_pgbouncer,0.49,2162163,33651068764,0.01,636000000,617000000,0,8190,1
1778959976930454228,bench_postgres,0.55,79870033,4294967296,1.86,331000000,317000000,532000,1580000000,10
1778959980333051780,bench_apache,8.26,166723584,2147483648,7.76,131000000,792000000,0,38300000,28
1778959980333051780,bench_nginx,0.02,192413696,2147483648,8.96,69500000,425000000,0,12300,19
1778959980333051780,bench_django,0.04,132854579,2147483648,6.19,75900000,419000000,0,0,9
1778959980333051780,bench_pgbouncer,0.57,2273312,33651068764,0.01,636000000,617000000,0,8190,1
1778959980333051780,bench_postgres,0.62,79765176,4294967296,1.86,331000000,317000000,532000,1580000000,10
1778959983734634243,bench_apache,7.38,166723584,2147483648,7.76,131000000,792000000,0,38300000,28
1778959983734634243,bench_nginx,0.02,192413696,2147483648,8.96,69500000,425000000,0,12300,19
1778959983734634243,bench_django,34.49,133378867,2147483648,6.21,75900000,419000000,0,0,9
1778959983734634243,bench_pgbouncer,0.36,2383413,33651068764,0.01,636000000,618000000,0,8190,1
1778959983734634243,bench_postgres,1.00,79471575,4294967296,1.85,331000000,317000000,532000,1580000000,10
1778959987139616292,bench_apache,6.57,166723584,2147483648,7.76,131000000,793000000,0,38300000,28
1778959987139616292,bench_nginx,0.01,192413696,2147483648,8.96,69500000,425000000,0,12300,19
1778959987139616292,bench_django,0.04,132854579,2147483648,6.19,75900000,419000000,0,0,9
1778959987139616292,bench_pgbouncer,0.49,2531262,33651068764,0.01,636000000,618000000,0,8190,1
1778959987139616292,bench_postgres,0.94,80163635,4294967296,1.87,331000000,317000000,532000,1580000000,10
1778959990542873543,bench_apache,6.02,166618726,2147483648,7.76,131000000,793000000,0,38400000,28
1778959990542873543,bench_nginx,0.02,192413696,2147483648,8.96,69500000,425000000,0,12300,19
1778959990542873543,bench_django,0.04,132854579,2147483648,6.19,75900000,419000000,0,0,9
1778959990542873543,bench_pgbouncer,0.66,2412773,33651068764,0.01,636000000,618000000,0,8190,1
1778959990542873543,bench_postgres,0.66,79534489,4294967296,1.85,331000000,317000000,532000,1580000000,10
1778959993934299713,bench_apache,8.20,166933299,2147483648,7.77,131000000,793000000,0,38400000,28
1778959993934299713,bench_nginx,0.01,192413696,2147483648,8.96,69500000,425000000,0,12300,19
1778959993934299713,bench_django,0.04,132854579,2147483648,6.19,75900000,419000000,0,0,9
1778959993934299713,bench_pgbouncer,0.50,2498756,33651068764,0.01,636000000,618000000,0,8190,1
1778959993934299713,bench_postgres,1.25,79314288,4294967296,1.85,331000000,317000000,532000,1590000000,10
1778959997363243198,bench_apache,6.28,166409011,2147483648,7.75,131000000,793000000,0,38400000,28
1778959997363243198,bench_nginx,0.02,192413696,2147483648,8.96,69500000,425000000,0,12300,19
1778959997363243198,bench_django,0.03,132854579,2147483648,6.19,75900000,419000000,0,0,9
1778959997363243198,bench_pgbouncer,0.46,2142240,33651068764,0.01,636000000,618000000,0,8190,1
1778959997363243198,bench_postgres,0.97,79461089,4294967296,1.85,331000000,317000000,532000,1590000000,10
1778960000769076770,bench_apache,6.22,166723584,2147483648,7.76,131000000,794000000,0,38400000,28
1778960000769076770,bench_nginx,0.02,192413696,2147483648,8.96,69500000,425000000,0,12300,19
1778960000769076770,bench_django,0.03,132854579,2147483648,6.19,75900000,419000000,0,0,9
1778960000769076770,bench_pgbouncer,0.42,2559574,33651068764,0.01,637000000,618000000,0,8190,1
1778960000769076770,bench_postgres,0.56,79157002,4294967296,1.84,332000000,317000000,532000,1590000000,10
1778960004193618561,bench_apache,12.76,168401305,2147483648,7.84,131000000,794000000,0,38400000,29
1778960004193618561,bench_nginx,0.02,192413696,2147483648,8.96,69500000,425000000,0,12300,19
1778960004193618561,bench_django,0.04,132854579,2147483648,6.19,75900000,419000000,0,0,9
1778960004193618561,bench_pgbouncer,0.66,2720006,33651068764,0.01,637000000,618000000,0,8190,1
1778960004193618561,bench_postgres,1.11,79744204,4294967296,1.86,332000000,317000000,532000,1590000000,10
1778960007596789450,bench_apache,8.09,168296448,2147483648,7.84,131000000,794000000,0,38400000,29
1778960007596789450,bench_nginx,0.02,192413696,2147483648,8.96,69500000,425000000,0,12300,19
1778960007596789450,bench_django,0.04,132854579,2147483648,6.19,75900000,419000000,0,0,9
1778960007596789450,bench_pgbouncer,0.49,2346713,33651068764,0.01,637000000,618000000,0,8190,1
1778960007596789450,bench_postgres,0.92,79314288,4294967296,1.85,332000000,317000000,532000,1590000000,10
1778960010991129555,bench_apache,5.72,168401305,2147483648,7.84,131000000,795000000,0,38400000,29
1778960010991129555,bench_nginx,0.02,192413696,2147483648,8.96,69500000,425000000,0,12300,19
1778960010991129555,bench_django,0.04,132854579,2147483648,6.19,75900000,419000000,0,0,9
1778960010991129555,bench_pgbouncer,0.42,2297430,33651068764,0.01,637000000,618000000,0,8190,1
1778960010991129555,bench_postgres,0.97,79482060,4294967296,1.85,332000000,317000000,532000,1590000000,10
1778960014400879429,bench_apache,6.76,166618726,2147483648,7.76,132000000,795000000,0,38400000,28
1778960014400879429,bench_nginx,0.02,192413696,2147483648,8.96,69500000,425000000,0,12300,19
1778960014400879429,bench_django,15.16,133169152,2147483648,6.20,75900000,419000000,0,0,9
1778960014400879429,bench_pgbouncer,0.35,2191523,33651068764,0.01,637000000,618000000,0,8190,1
1778960014400879429,bench_postgres,0.80,79471575,4294967296,1.85,332000000,317000000,532000,1590000000,10
1778960017798853223,bench_apache,6.32,166513868,2147483648,7.76,132000000,795000000,0,38400000,28
1778960017798853223,bench_nginx,0.01,192413696,2147483648,8.96,69500000,425000000,0,12300,19
1778960017798853223,bench_django,0.03,132854579,2147483648,6.19,75900000,419000000,0,0,9
1778960017798853223,bench_pgbouncer,0.42,2350907,33651068764,0.01,637000000,618000000,0,8190,1
1778960017798853223,bench_postgres,1.16,79985377,4294967296,1.86,332000000,317000000,532000,1590000000,10
1778960021197515494,bench_apache,6.39,166304153,2147483648,7.75,132000000,795000000,0,38500000,28
1778960021197515494,bench_nginx,0.02,192413696,2147483648,8.96,69500000,425000000,0,12300,19
1778960021197515494,bench_django,0.05,132854579,2147483648,6.19,75900000,419000000,0,0,9
1778960021197515494,bench_pgbouncer,0.42,2113929,33651068764,0.01,637000000,618000000,0,8190,1
1778960021197515494,bench_postgres,0.75,80090234,4294967296,1.86,332000000,317000000,532000,1590000000,10
1778960024598040542,bench_apache,8.58,166513868,2147483648,7.76,132000000,796000000,0,38500000,28
1778960024598040542,bench_nginx,0.02,192413696,2147483648,8.96,69500000,425000000,0,12300,19
1778960024598040542,bench_django,0.04,132854579,2147483648,6.19,75900000,419000000,0,0,9
1778960024598040542,bench_pgbouncer,0.61,2252341,33651068764,0.01,637000000,618000000,0,8190,1
1778960024598040542,bench_postgres,0.97,80404807,4294967296,1.87,332000000,317000000,532000,1590000000,10
1778960027979989348,bench_apache,7.54,166513868,2147483648,7.75,132000000,796000000,0,38500000,28
1778960027979989348,bench_nginx,0.02,192413696,2147483648,8.96,69500000,425000000,0,12300,19
1778960027979989348,bench_django,0.05,132854579,2147483648,6.19,75900000,419000000,0,0,9
1778960027979989348,bench_pgbouncer,0.47,2318401,33651068764,0.01,637000000,618000000,0,8190,1
1778960027979989348,bench_postgres,0.95,80027320,4294967296,1.86,332000000,317000000,532000,1590000000,10
1778960031389185106,bench_apache,7.40,166513868,2147483648,7.76,132000000,796000000,0,38500000,28
1778960031389185106,bench_nginx,0.01,192413696,2147483648,8.96,69500000,425000000,0,12300,19
1778960031389185106,bench_django,0.04,132854579,2147483648,6.19,75900000,419000000,0,0,9
1778960031389185106,bench_pgbouncer,0.49,2604662,33651068764,0.01,637000000,619000000,0,8190,1
1778960031389185106,bench_postgres,0.56,79461089,4294967296,1.85,332000000,317000000,532000,1590000000,10
1778960034790474657,bench_apache,6.06,166828441,2147483648,7.77,132000000,797000000,0,38500000,28
1778960034790474657,bench_nginx,0.02,192413696,2147483648,8.96,69500000,425000000,0,12300,19
1778960034790474657,bench_django,0.04,132854579,2147483648,6.19,75900000,419000000,0,0,9
1778960034790474657,bench_pgbouncer,0.40,2105540,33651068764,0.01,637000000,619000000,0,8190,1
1778960034790474657,bench_postgres,0.69,79356231,4294967296,1.85,332000000,317000000,532000,1590000000,10
1778960038218030574,bench_apache,7.20,166513868,2147483648,7.75,132000000,797000000,0,38500000,28
1778960038218030574,bench_nginx,0.02,192413696,2147483648,8.96,69500000,425000000,0,12300,19
1778960038218030574,bench_django,0.03,132854579,2147483648,6.19,75900000,419000000,0,0,9
1778960038218030574,bench_pgbouncer,0.54,2432696,33651068764,0.01,637000000,619000000,0,8190,1
1778960038218030574,bench_postgres,1.82,78286684,4294967296,1.82,332000000,317000000,532000,1590000000,9
1778960041603698588,bench_apache,7.92,166409011,2147483648,7.75,132000000,797000000,0,38500000,28
1778960041603698588,bench_nginx,0.02,192413696,2147483648,8.96,69500000,425000000,0,12300,19
1778960041603698588,bench_django,0.04,132854579,2147483648,6.19,75900000,419000000,0,0,9
1778960041603698588,bench_pgbouncer,0.44,2559574,33651068764,0.01,637000000,619000000,0,8190,1
1778960041603698588,bench_postgres,0.76,78087454,4294967296,1.82,332000000,317000000,532000,1590000000,9
1778960045001447809,bench_apache,7.03,168401305,2147483648,7.84,132000000,797000000,0,38500000,29
1778960045001447809,bench_nginx,0.02,192413696,2147483648,8.96,69500000,425000000,0,12300,19
1778960045001447809,bench_django,0.04,133064294,2147483648,6.20,75900000,419000000,0,0,9
1778960045001447809,bench_pgbouncer,0.54,2023751,33651068764,0.01,637000000,619000000,0,8190,1
1778960045001447809,bench_postgres,0.80,77741424,4294967296,1.81,332000000,317000000,532000,1590000000,9
1778960048398432222,bench_apache,8.40,168401305,2147483648,7.84,132000000,798000000,0,38500000,29
1778960048398432222,bench_nginx,0.02,192413696,2147483648,8.96,69500000,425000000,0,12300,19
1778960048398432222,bench_django,0.04,133064294,2147483648,6.19,75900000,419000000,0,0,9
1778960048398432222,bench_pgbouncer,0.65,2424307,33651068764,0.01,638000000,619000000,0,8190,1
1778960048398432222,bench_postgres,1.39,78097940,4294967296,1.82,332000000,317000000,532000,1590000000,9
1778960051800873868,bench_apache,6.12,169240166,2147483648,7.88,132000000,798000000,0,38600000,29
1778960051800873868,bench_nginx,0.02,192413696,2147483648,8.96,69500000,425000000,0,12300,19
1778960051800873868,bench_django,0.04,132854579,2147483648,6.19,75900000,419000000,0,0,9
1778960051800873868,bench_pgbouncer,0.61,2273312,33651068764,0.01,638000000,619000000,0,8190,1
1778960051800873868,bench_postgres,1.16,77972111,4294967296,1.82,332000000,317000000,532000,1590000000,9
1778960055228251472,bench_apache,5.29,166828441,2147483648,7.77,132000000,798000000,0,38600000,28
1778960055228251472,bench_nginx,0.02,192413696,2147483648,8.96,69500000,425000000,0,12300,19
1778960055228251472,bench_django,0.03,132854579,2147483648,6.19,75900000,419000000,0,0,9
1778960055228251472,bench_pgbouncer,0.37,2314207,33651068764,0.01,638000000,619000000,0,8190,1
1778960055228251472,bench_postgres,0.80,77563166,4294967296,1.81,332000000,317000000,532000,1590000000,9
1778960058621753253,bench_apache,5.73,167038156,2147483648,7.78,132000000,799000000,0,38600000,28
1778960058621753253,bench_nginx,0.02,192413696,2147483648,8.96,69500000,425000000,0,12300,19
1778960058621753253,bench_django,0.04,132854579,2147483648,6.19,75900000,419000000,0,0,9
1778960058621753253,bench_pgbouncer,0.38,2285895,33651068764,0.01,638000000,619000000,0,8190,1
1778960058621753253,bench_postgres,1.14,77594624,4294967296,1.81,332000000,317000000,532000,1590000000,9
1778960062016505776,bench_apache,7.06,166618726,2147483648,7.76,132000000,799000000,0,38600000,28
1778960062016505776,bench_nginx,3.62,192728268,2147483648,8.97,69500000,425000000,0,12300,19
1778960062016505776,bench_django,0.04,132854579,2147483648,6.19,75900000,419000000,0,0,9
1778960062016505776,bench_pgbouncer,0.43,2305818,33651068764,0.01,638000000,619000000,0,8190,1
1778960062016505776,bench_postgres,4.39,78307655,4294967296,1.82,332000000,317000000,532000,1590000000,9
1778960065436588674,bench_apache,5.74,167038156,2147483648,7.78,132000000,799000000,0,38600000,28
1778960065436588674,bench_nginx,0.02,192413696,2147483648,8.96,69500000,425000000,0,12300,19
1778960065436588674,bench_django,0.04,132854579,2147483648,6.19,75900000,419000000,0,0,9
1778960065436588674,bench_pgbouncer,0.40,2604662,33651068764,0.01,638000000,619000000,0,8190,1
1778960065436588674,bench_postgres,0.81,77458309,4294967296,1.80,332000000,317000000,532000,1590000000,9
1778960068854839484,bench_apache,7.90,166409011,2147483648,7.75,132000000,799000000,0,38600000,28
1778960068854839484,bench_nginx,0.02,192413696,2147483648,8.96,69500000,425000000,0,12300,19
1778960068854839484,bench_django,0.04,132854579,2147483648,6.19,75900000,419000000,0,0,9
1778960068854839484,bench_pgbouncer,0.64,2597322,33651068764,0.01,638000000,619000000,0,8190,1
1778960068854839484,bench_postgres,1.25,78003568,4294967296,1.82,332000000,317000000,532000,1590000000,9
1778960072265903831,bench_apache,6.67,166618726,2147483648,7.76,132000000,800000000,0,38600000,28
1778960072265903831,bench_nginx,0.01,192413696,2147483648,8.96,69500000,425000000,0,12300,19
1778960072265903831,bench_django,0.04,132854579,2147483648,6.19,75900000,419000000,0,0,9
1778960072265903831,bench_pgbouncer,0.43,2412773,33651068764,0.01,638000000,619000000,0,8190,1
1778960072265903831,bench_postgres,0.81,78255226,4294967296,1.82,332000000,317000000,532000,1590000000,9
1778960075657876852,bench_apache,6.09,166304153,2147483648,7.74,133000000,800000000,0,38600000,28
1778960075657876852,bench_nginx,0.01,192413696,2147483648,8.96,69500000,425000000,0,12300,19
1778960075657876852,bench_django,0.03,133064294,2147483648,6.20,75900000,419000000,0,0,9
1778960075657876852,bench_pgbouncer,0.51,2707423,33651068764,0.01,638000000,620000000,0,8190,1
1778960075657876852,bench_postgres,0.95,77720453,4294967296,1.81,332000000,317000000,532000,1590000000,9
1778960079055106617,bench_apache,5.82,166513868,2147483648,7.75,133000000,800000000,0,38600000,28
1778960079055106617,bench_nginx,0.02,192413696,2147483648,8.96,69500000,425000000,0,12300,19
1778960079055106617,bench_django,0.04,132854579,2147483648,6.19,75900000,419000000,0,0,9
1778960079055106617,bench_pgbouncer,0.35,2428502,33651068764,0.01,638000000,620000000,0,8190,1
1778960079055106617,bench_postgres,0.49,77772881,4294967296,1.81,332000000,317000000,532000,1590000000,9
1778960082462500250,bench_apache,8.33,166723584,2147483648,7.77,133000000,800000000,0,38700000,28
1778960082462500250,bench_nginx,0.02,192413696,2147483648,8.96,69500000,425000000,0,12300,19
1778960082462500250,bench_django,0.04,132854579,2147483648,6.19,75900000,419000000,0,0,9
1778960082462500250,bench_pgbouncer,0.73,2219835,33651068764,0.01,638000000,620000000,0,8190,1
1778960082462500250,bench_postgres,1.25,78328627,4294967296,1.82,332000000,318000000,532000,1590000000,9
1778960085884267082,bench_apache,6.69,168611020,2147483648,7.85,133000000,801000000,0,38700000,29
1778960085884267082,bench_nginx,0.02,192413696,2147483648,8.96,69500000,425000000,0,12300,19
1778960085884267082,bench_django,0.04,132854579,2147483648,6.19,75900000,419000000,0,0,9
1778960085884267082,bench_pgbouncer,0.38,2462056,33651068764,0.01,638000000,620000000,0,8190,1
1778960085884267082,bench_postgres,0.92,78223769,4294967296,1.82,332000000,318000000,532000,1590000000,9
1778960089286908276,bench_apache,7.25,168506163,2147483648,7.84,133000000,801000000,0,38700000,29
1778960089286908276,bench_nginx,0.02,192413696,2147483648,8.96,69500000,425000000,0,12300,19
1778960089286908276,bench_django,0.06,132854579,2147483648,6.19,75900000,419000000,0,0,9
1778960089286908276,bench_pgbouncer,0.46,2277507,33651068764,0.01,638000000,620000000,0,8190,1
1778960089286908276,bench_postgres,0.86,77793853,4294967296,1.81,333000000,318000000,532000,1590000000,9
1778960092676209473,bench_apache,8.51,168191590,2147483648,7.83,133000000,801000000,0,38700000,29
1778960092676209473,bench_nginx,0.02,192413696,2147483648,8.96,69500000,425000000,0,12300,19
1778960092676209473,bench_django,0.04,132854579,2147483648,6.19,75900000,419000000,0,0,9
1778960092676209473,bench_pgbouncer,0.63,2183135,33651068764,0.01,639000000,620000000,0,8190,1
1778960092676209473,bench_postgres,1.35,78244741,4294967296,1.82,333000000,318000000,532000,1590000000,9
1778960096080185248,bench_apache,7.07,166304153,2147483648,7.74,133000000,802000000,0,38700000,28
1778960096080185248,bench_nginx,0.02,192413696,2147483648,8.96,69500000,425000000,0,12300,19
1778960096080185248,bench_django,0.03,132854579,2147483648,6.19,75900000,419000000,0,0,9
1778960096080185248,bench_pgbouncer,0.37,2281701,33651068764,0.01,639000000,620000000,0,8190,1
1778960096080185248,bench_postgres,0.68,77835796,4294967296,1.81,333000000,318000000,532000,1590000000,9
1778960099478285760,bench_apache,5.26,166618726,2147483648,7.76,133000000,802000000,0,38700000,28
1778960099478285760,bench_nginx,0.02,192413696,2147483648,8.96,69500000,425000000,0,12300,19
1778960099478285760,bench_django,0.04,132854579,2147483648,6.19,75900000,419000000,0,0,9
1778960099478285760,bench_pgbouncer,0.38,2436890,33651068764,0.01,639000000,620000000,0,8190,1
1778960099478285760,bench_postgres,0.73,77500252,4294967296,1.80,333000000,318000000,532000,1590000000,9
1778960102883484548,bench_apache,5.48,166933299,2147483648,7.77,133000000,802000000,0,38700000,28
1778960102883484548,bench_nginx,0.02,192413696,2147483648,8.96,69500000,425000000,0,12300,19
1778960102883484548,bench_django,0.04,132854579,2147483648,6.19,75900000,419000000,0,0,9
1778960102883484548,bench_pgbouncer,0.41,2125463,33651068764,0.01,639000000,620000000,0,8190,1
1778960102883484548,bench_postgres,4.06,78360084,4294967296,1.82,333000000,318000000,532000,1600000000,9
1778960106284366609,bench_apache,7.04,166723584,2147483648,7.76,133000000,802000000,0,38700000,28
1778960106284366609,bench_nginx,0.02,192413696,2147483648,8.96,69500000,425000000,0,12300,19
1778960106284366609,bench_django,0.04,132959436,2147483648,6.19,75900000,419000000,0,0,9
1778960106284366609,bench_pgbouncer,0.47,2355101,33651068764,0.01,639000000,620000000,0,8190,1
1778960106284366609,bench_postgres,1.01,77751910,4294967296,1.81,333000000,318000000,532000,1600000000,9
1778960109674795424,bench_apache,6.60,166304153,2147483648,7.74,133000000,803000000,0,38700000,28
1778960109674795424,bench_nginx,0.01,192413696,2147483648,8.96,69500000,425000000,0,12300,19
1778960109674795424,bench_django,0.04,132854579,2147483648,6.19,75900000,419000000,0,0,9
1778960109674795424,bench_pgbouncer,0.36,1884291,33651068764,0.01,639000000,620000000,0,8190,1
1778960109674795424,bench_postgres,0.65,77940654,4294967296,1.81,333000000,318000000,532000,1600000000,9
1778960113085290861,bench_apache,6.81,166513868,2147483648,7.75,133000000,803000000,0,38800000,28
1778960113085290861,bench_nginx,0.02,192413696,2147483648,8.96,69500000,425000000,0,12300,19
1778960113085290861,bench_django,0.04,132854579,2147483648,6.19,75900000,419000000,0,0,9
1778960113085290861,bench_pgbouncer,0.46,2269118,33651068764,0.01,639000000,620000000,0,8190,1
1778960113085290861,bench_postgres,0.96,78055997,4294967296,1.82,333000000,318000000,532000,1600000000,9
1778960116485541904,bench_apache,8.03,166723584,2147483648,7.76,133000000,803000000,0,38800000,28
1778960116485541904,bench_nginx,0.02,192413696,2147483648,8.96,69500000,425000000,0,12300,19
1778960116485541904,bench_django,0.04,132854579,2147483648,6.19,75900000,419000000,0,0,9
1778960116485541904,bench_pgbouncer,0.37,2162163,33651068764,0.01,639000000,620000000,0,8190,1
1778960116485541904,bench_postgres,4.33,77867253,4294967296,1.81,333000000,318000000,532000,1600000000,9
1778960119876123055,bench_apache,6.37,166513868,2147483648,7.76,133000000,804000000,0,38800000,28
1778960119876123055,bench_nginx,0.02,192413696,2147483648,8.96,69500000,425000000,0,12300,19
1778960119876123055,bench_django,0.04,132854579,2147483648,6.19,75900000,419000000,0,0,9
1778960119876123055,bench_pgbouncer,0.43,2118123,33651068764,0.01,639000000,620000000,0,8190,1
1778960119876123055,bench_postgres,0.82,77793853,4294967296,1.81,333000000,318000000,532000,1600000000,9
1778960123267325510,bench_apache,6.36,166723584,2147483648,7.76,133000000,804000000,0,38800000,28
1778960123267325510,bench_nginx,0.02,192518553,2147483648,8.96,69500000,425000000,0,12300,19
1778960123267325510,bench_django,0.04,132854579,2147483648,6.19,75900000,419000000,0,0,9
1778960123267325510,bench_pgbouncer,0.39,2400190,33651068764,0.01,639000000,620000000,0,8190,1
1778960123267325510,bench_postgres,4.14,77563166,4294967296,1.81,333000000,318000000,532000,1600000000,9
1778960126677851300,bench_apache,6.29,168401305,2147483648,7.84,133000000,804000000,0,38800000,29
1778960126677851300,bench_nginx,0.02,192413696,2147483648,8.96,69500000,425000000,0,12300,19
1778960126677851300,bench_django,0.04,132854579,2147483648,6.19,75900000,419000000,0,0,9
1778960126677851300,bench_pgbouncer,0.54,2395996,33651068764,0.01,639000000,621000000,0,8190,1
1778960126677851300,bench_postgres,4.15,78076968,4294967296,1.82,333000000,318000000,532000,1600000000,9
1778960130073097387,bench_apache,6.88,168715878,2147483648,7.86,133000000,804000000,0,38800000,29
1778960130073097387,bench_nginx,0.02,192413696,2147483648,8.96,69500000,425000000,0,12300,19
1778960130073097387,bench_django,0.04,132854579,2147483648,6.19,75900000,419000000,0,0,9
1778960130073097387,bench_pgbouncer,0.50,2294284,33651068764,0.01,639000000,621000000,0,8190,1
1778960130073097387,bench_postgres,0.81,78014054,4294967296,1.82,333000000,318000000,532000,1600000000,9
1778960133465318935,bench_apache,5.74,168296448,2147483648,7.84,133000000,805000000,0,38800000,29
1778960133465318935,bench_nginx,0.02,192413696,2147483648,8.96,69500000,425000000,0,12300,19
1778960133465318935,bench_django,0.03,132854579,2147483648,6.19,75900000,419000000,0,0,9
1778960133465318935,bench_pgbouncer,0.36,2355101,33651068764,0.01,639000000,621000000,0,8190,1
1778960133465318935,bench_postgres,0.67,77783367,4294967296,1.81,333000000,318000000,532000,1600000000,9
1778960136902442143,bench_apache,8.27,166304153,2147483648,7.75,133000000,805000000,0,38800000,28
1778960136902442143,bench_nginx,0.02,192413696,2147483648,8.96,69500000,425000000,0,12300,19
1778960136902442143,bench_django,0.04,133064294,2147483648,6.20,75900000,419000000,0,0,9
1778960136902442143,bench_pgbouncer,0.65,2350907,33651068764,0.01,639000000,621000000,0,8190,1
1778960136902442143,bench_postgres,4.52,78108426,4294967296,1.82,333000000,318000000,532000,1600000000,9
1778960140309881458,bench_apache,7.27,166409011,2147483648,7.75,134000000,805000000,0,38800000,28
1778960140309881458,bench_nginx,0.02,192413696,2147483648,8.96,69500000,425000000,0,12300,19
1778960140309881458,bench_django,0.04,133064294,2147483648,6.20,75900000,419000000,0,0,9
1778960140309881458,bench_pgbouncer,0.50,2408579,33651068764,0.01,639000000,621000000,0,8190,1
1778960140309881458,bench_postgres,1.33,77783367,4294967296,1.81,333000000,318000000,532000,1600000000,9
1778960143697507092,bench_apache,6.19,166933299,2147483648,7.78,134000000,805000000,0,38900000,28
1778960143697507092,bench_nginx,0.02,192413696,2147483648,8.96,69500000,425000000,0,12300,19
1778960143697507092,bench_django,0.04,132854579,2147483648,6.19,75900000,419000000,0,0,9
1778960143697507092,bench_pgbouncer,0.41,2584739,33651068764,0.01,640000000,621000000,0,8190,1
1778960143697507092,bench_postgres,0.73,78192312,4294967296,1.82,333000000,318000000,532000,1600000000,9
1778960147088840036,bench_apache,5.43,166618726,2147483648,7.76,134000000,806000000,0,38900000,28
1778960147088840036,bench_nginx,0.02,192413696,2147483648,8.96,69500000,425000000,0,12300,19
1778960147088840036,bench_django,0.03,132854579,2147483648,6.19,75900000,419000000,0,0,9
1778960147088840036,bench_pgbouncer,0.36,2531262,33651068764,0.01,640000000,621000000,0,8190,1
1778960147088840036,bench_postgres,4.43,78433484,4294967296,1.83,333000000,318000000,532000,1600000000,9
1778960150490733861,bench_apache,6.06,166513868,2147483648,7.75,134000000,806000000,0,38900000,28
1778960150490733861,bench_nginx,0.02,192413696,2147483648,8.96,69500000,425000000,0,12300,19
1778960150490733861,bench_django,0.04,132854579,2147483648,6.19,75900000,419000000,0,0,9
1778960150490733861,bench_pgbouncer,0.40,2449473,33651068764,0.01,640000000,621000000,0,8190,1
1778960150490733861,bench_postgres,0.82,77930168,4294967296,1.81,333000000,318000000,532000,1600000000,9
1778960153868277924,bench_apache,6.48,166618726,2147483648,7.76,134000000,806000000,0,38900000,28
1778960153868277924,bench_nginx,0.02,192413696,2147483648,8.96,69500000,425000000,0,12300,19
1778960153868277924,bench_django,0.03,132854579,2147483648,6.19,75900000,419000000,0,0,9
1778960153868277924,bench_pgbouncer,0.48,2572156,33651068764,0.01,640000000,621000000,0,8190,1
1778960153868277924,bench_postgres,0.89,77594624,4294967296,1.81,333000000,318000000,532000,1600000000,9
1778960157307882640,bench_apache,5.86,166723584,2147483648,7.77,134000000,806000000,0,38900000,28
1778960157307882640,bench_nginx,0.02,192413696,2147483648,8.96,69500000,425000000,0,12300,19
1778960157307882640,bench_django,0.05,132854579,2147483648,6.19,75900000,419000000,0,0,9
1778960157307882640,bench_pgbouncer,0.40,2511339,33651068764,0.01,640000000,621000000,0,8190,1
1778960157307882640,bench_postgres,0.66,78097940,4294967296,1.82,333000000,318000000,532000,1600000000,9
1778960160719101943,bench_apache,7.91,166618726,2147483648,7.76,134000000,807000000,0,38900000,28
1778960160719101943,bench_nginx,0.01,192413696,2147483648,8.96,69500000,425000000,0,12300,19
1778960160719101943,bench_django,0.06,132854579,2147483648,6.19,75900000,419000000,0,0,9
1778960160719101943,bench_pgbouncer,0.56,2290089,33651068764,0.01,640000000,621000000,0,8190,1
1778960160719101943,bench_postgres,1.27,77856768,4294967296,1.81,333000000,318000000,532000,1600000000,9
1778960164110756469,bench_apache,11.12,168925593,2147483648,7.87,134000000,807000000,0,38900000,29
1778960164110756469,bench_nginx,0.02,192413696,2147483648,8.96,69500000,425000000,0,12300,19
1778960164110756469,bench_django,0.03,132854579,2147483648,6.19,75900000,419000000,0,0,9
1778960164110756469,bench_pgbouncer,0.56,2240806,33651068764,0.01,640000000,621000000,0,8190,1
1778960164110756469,bench_postgres,1.23,78328627,4294967296,1.82,333000000,318000000,532000,1600000000,9
1778960167510801292,bench_apache,6.50,168401305,2147483648,7.84,134000000,807000000,0,38900000,29
1778960167510801292,bench_nginx,0.02,192413696,2147483648,8.96,69500000,425000000,0,12300,19
1778960167510801292,bench_django,0.03,132959436,2147483648,6.19,75900000,419000000,0,0,9
1778960167510801292,bench_pgbouncer,0.49,2273312,33651068764,0.01,640000000,621000000,0,8190,1
1778960167510801292,bench_postgres,4.65,78810972,4294967296,1.83,333000000,318000000,532000,1600000000,9
1778960170901781859,bench_apache,6.67,168401305,2147483648,7.84,134000000,808000000,0,38900000,29
1778960170901781859,bench_nginx,0.02,192413696,2147483648,8.96,69500000,425000000,0,12300,19
1778960170901781859,bench_django,0.04,132854579,2147483648,6.19,75900000,419000000,0,0,9
1778960170901781859,bench_pgbouncer,0.41,2142240,33651068764,0.01,640000000,621000000,0,8190,1
1778960170901781859,bench_postgres,0.87,78370570,4294967296,1.82,333000000,318000000,532000,1600000000,9
1778960174298972377,bench_apache,7.87,166723584,2147483648,7.76,134000000,808000000,0,38900000,28
1778960174298972377,bench_nginx,0.02,192413696,2147483648,8.96,69500000,425000000,0,12300,19
1778960174298972377,bench_django,0.04,132959436,2147483648,6.19,75900000,419000000,0,0,9
1778960174298972377,bench_pgbouncer,0.60,2150629,33651068764,0.01,640000000,622000000,0,8190,1
1778960174298972377,bench_postgres,1.04,77951139,4294967296,1.82,333000000,318000000,532000,1600000000,9
1778960177686838548,bench_apache,6.19,166933299,2147483648,7.77,134000000,808000000,0,38900000,28
1778960177686838548,bench_nginx,0.02,192413696,2147483648,8.96,69500000,425000000,0,12300,19
1778960177686838548,bench_django,0.04,132959436,2147483648,6.19,75900000,419000000,0,0,9
1778960177686838548,bench_pgbouncer,0.36,2183135,33651068764,0.01,640000000,622000000,0,8190,1
1778960177686838548,bench_postgres,4.75,78213283,4294967296,1.82,334000000,318000000,532000,1600000000,9
1778960181074944773,bench_apache,7.94,166304153,2147483648,7.75,134000000,808000000,0,38900000,28
1778960181074944773,bench_nginx,0.02,192413696,2147483648,8.96,69500000,425000000,0,12300,19
1778960181074944773,bench_django,0.04,132959436,2147483648,6.19,75900000,419000000,0,0,9
1778960181074944773,bench_pgbouncer,0.55,2178940,33651068764,0.01,640000000,622000000,0,8190,1
1778960181074944773,bench_postgres,0.89,77877739,4294967296,1.81,334000000,318000000,532000,1610000000,9
1778960184513507491,bench_apache,5.88,166513868,2147483648,7.75,134000000,809000000,0,38900000,28
1778960184513507491,bench_nginx,0.01,192623411,2147483648,8.97,69500000,425000000,0,12300,19
1778960184513507491,bench_django,0.03,132959436,2147483648,6.19,76000000,419000000,0,0,9
1778960184513507491,bench_pgbouncer,0.30,2338324,33651068764,0.01,640000000,622000000,0,8190,1
1778960184513507491,bench_postgres,0.65,77573652,4294967296,1.81,334000000,318000000,532000,1610000000,9
1778960187918270013,bench_apache,7.54,166618726,2147483648,7.76,134000000,809000000,0,38900000,28
1778960187918270013,bench_nginx,0.02,192413696,2147483648,8.96,69500000,425000000,0,12300,19
1778960187918270013,bench_django,0.03,133169152,2147483648,6.20,76000000,419000000,0,0,9
1778960187918270013,bench_pgbouncer,0.54,2285895,33651068764,0.01,640000000,622000000,0,8190,1
1778960187918270013,bench_postgres,0.74,77856768,4294967296,1.81,334000000,319000000,532000,1610000000,9
1778960191316361348,bench_apache,5.67,166723584,2147483648,7.77,134000000,809000000,0,38900000,28
1778960191316361348,bench_nginx,0.02,192413696,2147483648,8.96,69500000,425000000,0,12300,19
1778960191316361348,bench_django,0.03,133169152,2147483648,6.20,76000000,419000000,0,0,9
1778960191316361348,bench_pgbouncer,0.39,2522873,33651068764,0.01,641000000,622000000,0,8190,1
1778960191316361348,bench_postgres,0.86,78139883,4294967296,1.82,334000000,319000000,532000,1610000000,9
1778960194707493039,bench_apache,7.37,166723584,2147483648,7.76,134000000,810000000,0,38900000,28
1778960194707493039,bench_nginx,0.01,192413696,2147483648,8.96,69500000,425000000,0,12300,19
1778960194707493039,bench_django,0.04,133169152,2147483648,6.20,76000000,419000000,0,0,9
1778960194707493039,bench_pgbouncer,0.48,2113929,33651068764,0.01,641000000,622000000,0,8190,1
1778960194707493039,bench_postgres,0.77,77741424,4294967296,1.81,334000000,319000000,532000,1610000000,9
1778960198116157429,bench_apache,7.81,166513868,2147483648,7.75,134000000,810000000,0,38900000,28
1778960198116157429,bench_nginx,0.02,192413696,2147483648,8.96,69500000,425000000,0,12300,19
1778960198116157429,bench_django,0.04,133064294,2147483648,6.19,76000000,419000000,0,0,9
1778960198116157429,bench_pgbouncer,0.53,2453667,33651068764,0.01,641000000,622000000,0,8190,1
1778960198116157429,bench_postgres,1.47,77751910,4294967296,1.81,334000000,319000000,532000,1610000000,9
1778960201521202821,bench_apache,7.13,166409011,2147483648,7.75,134000000,810000000,0,38900000,28
1778960201521202821,bench_nginx,0.02,192413696,2147483648,8.96,69500000,425000000,0,12300,19
1778960201521202821,bench_django,0.04,133064294,2147483648,6.19,76000000,419000000,0,0,9
1778960201521202821,bench_pgbouncer,0.57,2187329,33651068764,0.01,641000000,622000000,0,8190,1
1778960201521202821,bench_postgres,1.20,77678510,4294967296,1.81,334000000,319000000,532000,1610000000,9
1778960204918819970,bench_apache,11.49,168611020,2147483648,7.85,135000000,810000000,0,39000000,29
1778960204918819970,bench_nginx,0.02,192413696,2147483648,8.96,69500000,425000000,0,12300,19
1778960204918819970,bench_django,0.04,133064294,2147483648,6.19,76000000,419000000,0,0,9
1778960204918819970,bench_pgbouncer,0.51,2207252,33651068764,0.01,641000000,622000000,0,8190,1
1778960204918819970,bench_postgres,1.00,78601256,4294967296,1.83,334000000,319000000,532000,1610000000,9
1778960208328255921,bench_apache,5.90,168715878,2147483648,7.86,135000000,811000000,0,39000000,29
1778960208328255921,bench_nginx,0.02,192413696,2147483648,8.96,69500000,425000000,0,12300,19
1778960208328255921,bench_django,0.04,132854579,2147483648,6.19,76000000,419000000,0,0,9
1778960208328255921,bench_pgbouncer,0.35,2453667,33651068764,0.01,641000000,622000000,0,8190,1
1778960208328255921,bench_postgres,0.76,78422999,4294967296,1.83,334000000,319000000,532000,1610000000,9
1778960211734710141,bench_apache,6.36,168506163,2147483648,7.85,135000000,811000000,0,39000000,29
1778960211734710141,bench_nginx,0.02,192413696,2147483648,8.96,69500000,425000000,0,12300,19
1778960211734710141,bench_django,0.04,132854579,2147483648,6.19,76000000,419000000,0,0,9
1778960211734710141,bench_pgbouncer,0.32,2445279,33651068764,0.01,641000000,622000000,0,8190,1
1778960211734710141,bench_postgres,0.62,77846282,4294967296,1.81,334000000,319000000,532000,1610000000,9
1778960215148597690,bench_apache,6.42,166933299,2147483648,7.77,135000000,811000000,0,39000000,28
1778960215148597690,bench_nginx,0.02,192413696,2147483648,8.96,69500000,425000000,0,12300,19
1778960215148597690,bench_django,0.03,132854579,2147483648,6.19,76000000,419000000,0,0,9
1778960215148597690,bench_pgbouncer,0.40,2490368,33651068764,0.01,641000000,622000000,0,8190,1
1778960215148597690,bench_postgres,0.85,78160855,4294967296,1.82,334000000,319000000,532000,1610000000,9
1778960218557406216,bench_apache,8.34,166513868,2147483648,7.76,135000000,812000000,0,39000000,28
1778960218557406216,bench_nginx,0.01,192413696,2147483648,8.96,69500000,425000000,0,12300,19
1778960218557406216,bench_django,0.03,132854579,2147483648,6.19,76000000,419000000,0,0,9
1778960218557406216,bench_pgbouncer,0.54,2421161,33651068764,0.01,641000000,622000000,0,8190,1
1778960218557406216,bench_postgres,4.45,78443970,4294967296,1.83,334000000,319000000,532000,1610000000,9
1778960221942890186,bench_apache,6.34,166828441,2147483648,7.77,135000000,812000000,0,39000000,28
1778960221942890186,bench_nginx,0.02,192413696,2147483648,8.96,69500000,425000000,0,12300,19
1778960221942890186,bench_django,0.04,132854579,2147483648,6.19,76000000,419000000,0,0,9
1778960221942890186,bench_pgbouncer,0.37,2531262,33651068764,0.01,641000000,623000000,0,8190,1
1778960221942890186,bench_postgres,0.75,78097940,4294967296,1.82,334000000,319000000,532000,1610000000,9
1778960225367895548,bench_apache,8.09,166304153,2147483648,7.75,135000000,812000000,0,39000000,28
1778960225367895548,bench_nginx,0.02,192413696,2147483648,8.96,69500000,425000000,0,12300,19
1778960225367895548,bench_django,0.04,132854579,2147483648,6.19,76000000,419000000,0,0,9
1778960225367895548,bench_pgbouncer,0.58,2260729,33651068764,0.01,641000000,623000000,0,8190,1
1778960225367895548,bench_postgres,1.14,78265712,4294967296,1.82,334000000,319000000,532000,1610000000,9
1778960228770818753,bench_apache,8.43,166723584,2147483648,7.76,135000000,812000000,0,39000000,28
1778960228770818753,bench_nginx,0.02,192413696,2147483648,8.96,69500000,425000000,0,12300,19
1778960228770818753,bench_django,0.05,132854579,2147483648,6.19,76000000,419000000,0,0,9
1778960228770818753,bench_pgbouncer,0.59,2498756,33651068764,0.01,641000000,623000000,0,8190,1
1778960228770818753,bench_postgres,4.41,78307655,4294967296,1.82,334000000,319000000,532000,1610000000,9
1778960232167739881,bench_apache,6.30,166618726,2147483648,7.76,135000000,813000000,0,39000000,28
1778960232167739881,bench_nginx,0.01,192413696,2147483648,8.96,69500000,425000000,0,12300,19
1778960232167739881,bench_django,0.04,132854579,2147483648,6.19,76000000,419000000,0,0,9
1778960232167739881,bench_pgbouncer,0.47,2424307,33651068764,0.01,641000000,623000000,0,8190,1
1778960232167739881,bench_postgres,0.56,77668024,4294967296,1.81,334000000,319000000,532000,1610000000,9
1778960235621417568,bench_apache,7.79,173958758,2147483648,8.10,135000000,817000000,0,39200000,28
1778960235621417568,bench_nginx,0.01,192413696,2147483648,8.96,69500000,425000000,0,12300,19
1778960235621417568,bench_django,0.04,132854579,2147483648,6.19,76000000,419000000,0,0,9
1778960235621417568,bench_pgbouncer,0.44,2502950,33651068764,0.01,642000000,623000000,0,8190,1
1778960235621417568,bench_postgres,6.40,78307655,4294967296,1.82,334000000,319000000,532000,1610000000,9
1778960239026719253,bench_apache,6.62,173015040,2147483648,8.06,135000000,818000000,0,39200000,28
1778960239026719253,bench_nginx,0.02,192413696,2147483648,8.96,69500000,425000000,0,12300,19
1778960239026719253,bench_django,0.04,132854579,2147483648,6.19,76000000,419000000,0,0,9
1778960239026719253,bench_pgbouncer,0.43,2412773,33651068764,0.01,642000000,623000000,0,8190,1
1778960239026719253,bench_postgres,4.80,78349598,4294967296,1.82,334000000,319000000,532000,1610000000,9
1778960242432878645,bench_apache,8.38,173015040,2147483648,8.06,135000000,818000000,0,39200000,28
1778960242432878645,bench_nginx,0.02,192413696,2147483648,8.96,69500000,425000000,0,12300,19
1778960242432878645,bench_django,0.04,132854579,2147483648,6.19,76000000,419000000,0,0,9
1778960242432878645,bench_pgbouncer,0.58,2367684,33651068764,0.01,642000000,624000000,0,8190,1
1778960242432878645,bench_postgres,1.14,78160855,4294967296,1.82,335000000,319000000,532000,1610000000,9
1778960244852774832,bench_apache,10.53,174692761,2147483648,8.14,135000000,819000000,0,39200000,29
1778960244852774832,bench_nginx,0.02,192623411,2147483648,8.97,69500000,425000000,0,12300,19
1778960244852774832,bench_django,0.04,132854579,2147483648,6.19,76000000,419000000,0,0,9
1778960244852774832,bench_pgbouncer,0.42,2469396,33651068764,0.01,642000000,624000000,0,8190,1
1778960244852774832,bench_postgres,1.21,78622228,4294967296,1.83,335000000,319000000,532000,1610000000,9
1778960248255566538,bench_apache,7.68,175217049,2147483648,8.16,136000000,820000000,0,39200000,29
1778960248255566538,bench_nginx,0.02,192623411,2147483648,8.97,69500000,425000000,0,12300,19
1778960248255566538,bench_django,0.04,132854579,2147483648,6.19,76000000,419000000,0,0,9
1778960248255566538,bench_pgbouncer,0.41,2518679,33651068764,0.01,642000000,624000000,0,8190,1
1778960248255566538,bench_postgres,1.15,78548828,4294967296,1.83,335000000,319000000,532000,1610000000,9
1778960251656336236,bench_apache,7.77,175321907,2147483648,8.16,136000000,820000000,0,39200000,29
1778960251656336236,bench_nginx,0.01,192623411,2147483648,8.97,69500000,425000000,0,12300,19
1778960251656336236,bench_django,0.04,132854579,2147483648,6.19,76000000,419000000,0,0,9
1778960251656336236,bench_pgbouncer,0.48,2310012,33651068764,0.01,642000000,624000000,0,8190,1
1778960251656336236,bench_postgres,1.21,78412513,4294967296,1.83,335000000,319000000,532000,1610000000,9
1778960255063618997,bench_apache,8.50,172805324,2147483648,8.05,136000000,821000000,0,39200000,28
1778960255063618997,bench_nginx,0.02,192413696,2147483648,8.96,69500000,425000000,0,12300,19
1778960255063618997,bench_django,0.04,132854579,2147483648,6.19,76000000,419000000,0,0,9
1778960255063618997,bench_pgbouncer,0.59,2363490,33651068764,0.01,643000000,624000000,0,8190,1
1778960255063618997,bench_postgres,1.15,78024540,4294967296,1.82,335000000,319000000,532000,1610000000,9
1778960258454815656,bench_apache,8.26,172805324,2147483648,8.04,136000000,821000000,0,39200000,28
1778960258454815656,bench_nginx,0.02,192413696,2147483648,8.96,69500000,425000000,0,12300,19
1778960258454815656,bench_django,0.03,132959436,2147483648,6.19,76000000,419000000,0,0,9
1778960258454815656,bench_pgbouncer,0.57,2956984,33651068764,0.01,643000000,624000000,0,8190,1
1778960258454815656,bench_postgres,1.70,77961625,4294967296,1.82,335000000,319000000,532000,1610000000,9
1778960261855256098,bench_apache,6.85,173119897,2147483648,8.06,136000000,822000000,0,39200000,28
1778960261855256098,bench_nginx,0.02,192413696,2147483648,8.96,69500000,425000000,0,12300,19
1778960261855256098,bench_django,0.04,132854579,2147483648,6.19,76000000,419000000,0,0,9
1778960261855256098,bench_pgbouncer,0.38,2851078,33651068764,0.01,643000000,624000000,0,8190,1
1778960261855256098,bench_postgres,0.78,78402027,4294967296,1.83,335000000,320000000,532000,1610000000,9
1778960265251576320,bench_apache,8.21,172700467,2147483648,8.04,136000000,822000000,0,39200000,28
1778960265251576320,bench_nginx,0.02,192413696,2147483648,8.96,69500000,425000000,0,12300,19
1778960265251576320,bench_django,0.04,132854579,2147483648,6.19,76000000,419000000,0,0,9
1778960265251576320,bench_pgbouncer,0.52,2769289,33651068764,0.01,643000000,624000000,0,8190,1
1778960265251576320,bench_postgres,0.90,78160855,4294967296,1.82,335000000,320000000,532000,1610000000,9
1778960268649710247,bench_apache,7.46,173015040,2147483648,8.05,136000000,822000000,0,39300000,28
1778960268649710247,bench_nginx,0.02,192413696,2147483648,8.96,69500000,425000000,0,12300,19
1778960268649710247,bench_django,0.03,132854579,2147483648,6.19,76000000,419000000,0,0,9
1778960268649710247,bench_pgbouncer,0.43,2383413,33651068764,0.01,643000000,624000000,0,8190,1
1778960268649710247,bench_postgres,1.15,78360084,4294967296,1.82,335000000,320000000,532000,1610000000,9
1778960272029311847,bench_apache,9.13,173119897,2147483648,8.06,136000000,823000000,0,39300000,28
1778960272029311847,bench_nginx,0.01,192413696,2147483648,8.96,69500000,425000000,0,12300,19
1778960272029311847,bench_django,0.06,132854579,2147483648,6.19,76000000,419000000,0,0,9
1778960272029311847,bench_pgbouncer,0.64,2445279,33651068764,0.01,643000000,624000000,0,8190,1
1778960272029311847,bench_postgres,1.29,78580285,4294967296,1.83,335000000,320000000,532000,1610000000,9
1778960275454575938,bench_apache,6.77,173119897,2147483648,8.06,136000000,823000000,0,39300000,28
1778960275454575938,bench_nginx,0.01,192413696,2147483648,8.96,69500000,425000000,0,12300,19
1778960275454575938,bench_django,0.04,132854579,2147483648,6.19,76000000,419000000,0,0,9
1778960275454575938,bench_pgbouncer,0.41,2527068,33651068764,0.01,643000000,624000000,0,8190,1
1778960275454575938,bench_postgres,0.99,78433484,4294967296,1.83,335000000,320000000,532000,1610000000,9
1778960278861195510,bench_apache,8.13,172805324,2147483648,8.05,136000000,824000000,0,39300000,28
1778960278861195510,bench_nginx,0.02,192413696,2147483648,8.96,69500000,425000000,0,12300,19
1778960278861195510,bench_django,0.04,132854579,2147483648,6.19,76000000,419000000,0,0,9
1778960278861195510,bench_pgbouncer,0.55,2039480,33651068764,0.01,643000000,624000000,0,8190,1
1778960278861195510,bench_postgres,1.33,78066483,4294967296,1.82,335000000,320000000,532000,1610000000,9
1778960282292345938,bench_apache,5.50,172805324,2147483648,8.04,136000000,824000000,0,39300000,28
1778960282292345938,bench_nginx,0.02,192413696,2147483648,8.96,69500000,425000000,0,12300,19
1778960282292345938,bench_django,0.04,132854579,2147483648,6.19,76000000,419000000,0,0,9
1778960282292345938,bench_pgbouncer,0.42,1880096,33651068764,0.01,643000000,625000000,0,8190,1
1778960282292345938,bench_postgres,0.77,78150369,4294967296,1.82,335000000,320000000,532000,1610000000,9
1778960285688138419,bench_apache,6.79,174587904,2147483648,8.13,136000000,825000000,0,39300000,29
1778960285688138419,bench_nginx,0.02,192413696,2147483648,8.96,69500000,425000000,0,12300,19
1778960285688138419,bench_django,0.03,132854579,2147483648,6.19,76000000,419000000,0,0,9
1778960285688138419,bench_pgbouncer,0.40,2314207,33651068764,0.01,643000000,625000000,0,8190,1
1778960285688138419,bench_postgres,0.75,77982597,4294967296,1.82,335000000,320000000,532000,1610000000,9
1778960289092834748,bench_apache,6.47,174692761,2147483648,8.13,136000000,825000000,0,39300000,29
1778960289092834748,bench_nginx,0.02,192413696,2147483648,8.96,69500000,425000000,0,12300,19
1778960289092834748,bench_django,0.04,132854579,2147483648,6.19,76000000,419000000,0,0,9
1778960289092834748,bench_pgbouncer,0.36,2408579,33651068764,0.01,643000000,625000000,0,8190,1
1778960289092834748,bench_postgres,0.64,77940654,4294967296,1.81,335000000,320000000,532000,1610000000,9
1778960292500059112,bench_apache,8.30,175112192,2147483648,8.15,136000000,825000000,0,39300000,29
1778960292500059112,bench_nginx,0.02,192413696,2147483648,8.96,69500000,425000000,0,12300,19
1778960292500059112,bench_django,0.06,133378867,2147483648,6.21,76000000,419000000,0,0,9
1778960292500059112,bench_pgbouncer,0.56,1961885,33651068764,0.01,643000000,625000000,0,8190,1
1778960292500059112,bench_postgres,0.94,78192312,4294967296,1.82,335000000,320000000,532000,1610000000,9
1778960295925299419,bench_apache,5.87,172700467,2147483648,8.04,136000000,825000000,0,39300000,28
1778960295925299419,bench_nginx,0.02,192413696,2147483648,8.96,69500000,425000000,0,12300,19
1778960295925299419,bench_django,0.04,132959436,2147483648,6.19,76000000,419000000,0,0,9
1778960295925299419,bench_pgbouncer,0.46,2256535,33651068764,0.01,644000000,625000000,0,8190,1
1778960295925299419,bench_postgres,0.70,78097940,4294967296,1.82,335000000,320000000,532000,1610000000,9
1778960299322031943,bench_apache,6.79,172700467,2147483648,8.04,136000000,826000000,0,39400000,28
1778960299322031943,bench_nginx,0.02,192413696,2147483648,8.96,69500000,425000000,0,12300,19
1778960299322031943,bench_django,0.04,132959436,2147483648,6.19,76000000,419000000,0,0,9
1778960299322031943,bench_pgbouncer,0.46,2159017,33651068764,0.01,644000000,625000000,0,8190,1
1778960299322031943,bench_postgres,4.68,78590771,4294967296,1.83,335000000,320000000,532000,1610000000,9
1778960302739384226,bench_apache,8.23,173434470,2147483648,8.08,136000000,826000000,0,39400000,28
1778960302739384226,bench_nginx,3.71,192518553,2147483648,8.97,69500000,425000000,0,12300,19
1778960302739384226,bench_django,0.04,132959436,2147483648,6.19,76000000,419000000,0,0,9
1778960302739384226,bench_pgbouncer,0.55,2146435,33651068764,0.01,644000000,625000000,0,8190,1
1778960302739384226,bench_postgres,1.15,78265712,4294967296,1.82,335000000,320000000,532000,1610000000,9
1778960306168056981,bench_apache,7.83,173434470,2147483648,8.07,136000000,826000000,0,39400000,28
1778960306168056981,bench_nginx,0.02,192413696,2147483648,8.96,69500000,425000000,0,12300,19
1778960306168056981,bench_django,0.04,132959436,2147483648,6.19,76000000,419000000,0,0,9
1778960306168056981,bench_pgbouncer,0.47,2342518,33651068764,0.01,644000000,625000000,0,8190,1
1778960306168056981,bench_postgres,0.85,78244741,4294967296,1.82,335000000,320000000,532000,1610000000,9
1778960309558744158,bench_apache,9.15,173119897,2147483648,8.06,137000000,827000000,0,39400000,28
1778960309558744158,bench_nginx,0.02,192413696,2147483648,8.96,69500000,425000000,0,12300,19
1778960309558744158,bench_django,0.04,132959436,2147483648,6.19,76000000,419000000,0,0,9
1778960309558744158,bench_pgbouncer,0.59,2092957,33651068764,0.01,644000000,625000000,0,8190,1
1778960309558744158,bench_postgres,1.01,77982597,4294967296,1.82,335000000,320000000,532000,1610000000,9
1778960312968345280,bench_apache,7.88,172910182,2147483648,8.05,137000000,827000000,0,39400000,28
1778960312968345280,bench_nginx,0.02,192413696,2147483648,8.96,69500000,425000000,0,12300,19
1778960312968345280,bench_django,0.04,132959436,2147483648,6.19,76000000,419000000,0,0,9
1778960312968345280,bench_pgbouncer,0.52,2535456,33651068764,0.01,644000000,625000000,0,8190,1
1778960312968345280,bench_postgres,1.12,78276198,4294967296,1.82,335000000,320000000,532000,1610000000,9
1778960316366061339,bench_apache,8.25,173119897,2147483648,8.06,137000000,828000000,0,39400000,28
1778960316366061339,bench_nginx,0.02,192413696,2147483648,8.96,69500000,425000000,0,12300,19
1778960316366061339,bench_django,0.04,132959436,2147483648,6.19,76000000,419000000,0,0,9
1778960316366061339,bench_pgbouncer,0.50,2023751,33651068764,0.01,644000000,625000000,0,8190,1
1778960316366061339,bench_postgres,1.42,78527856,4294967296,1.83,335000000,320000000,532000,1610000000,9
1778960319769489056,bench_apache,8.85,172910182,2147483648,8.05,137000000,828000000,0,39400000,28
1778960319769489056,bench_nginx,0.02,192413696,2147483648,8.96,69500000,425000000,0,12300,19
1778960319769489056,bench_django,0.03,132959436,2147483648,6.19,76000000,419000000,0,0,9
1778960319769489056,bench_pgbouncer,0.50,2129657,33651068764,0.01,644000000,625000000,0,8190,1
1778960319769489056,bench_postgres,4.87,78664171,4294967296,1.83,336000000,320000000,532000,1610000000,9
1778960323188429972,bench_apache,8.09,173224755,2147483648,8.07,137000000,828000000,0,39400000,28
1778960323188429972,bench_nginx,0.02,192413696,2147483648,8.96,69500000,425000000,0,12300,19
1778960323188429972,bench_django,0.03,132959436,2147483648,6.19,76000000,419000000,0,0,9
1778960323188429972,bench_pgbouncer,0.51,2305818,33651068764,0.01,644000000,625000000,0,8190,1
1778960323188429972,bench_postgres,0.65,78192312,4294967296,1.82,336000000,320000000,532000,1610000000,9
1778960326590536153,bench_apache,8.67,174797619,2147483648,8.14,137000000,829000000,0,39400000,29
1778960326590536153,bench_nginx,0.02,192413696,2147483648,8.96,69500000,425000000,0,12300,19
1778960326590536153,bench_django,0.03,132959436,2147483648,6.19,76000000,419000000,0,0,9
1778960326590536153,bench_pgbouncer,0.57,2207252,33651068764,0.01,644000000,626000000,0,8190,1
1778960326590536153,bench_postgres,1.12,78024540,4294967296,1.82,336000000,320000000,532000,1610000000,9
1778960330004118208,bench_apache,8.48,174587904,2147483648,8.13,137000000,829000000,0,39500000,29
1778960330004118208,bench_nginx,0.02,192413696,2147483648,8.96,69500000,425000000,0,12300,19
1778960330004118208,bench_django,0.03,132959436,2147483648,6.19,76000000,419000000,0,0,9
1778960330004118208,bench_pgbouncer,0.54,2191523,33651068764,0.01,644000000,626000000,0,8190,1
1778960330004118208,bench_postgres,1.07,78527856,4294967296,1.83,336000000,320000000,532000,1610000000,9
1778960333387758420,bench_apache,8.75,174692761,2147483648,8.14,137000000,830000000,0,39500000,29
1778960333387758420,bench_nginx,0.02,192937984,2147483648,8.99,69500000,425000000,0,12300,19
1778960333387758420,bench_django,0.04,132959436,2147483648,6.19,76000000,419000000,0,0,9
1778960333387758420,bench_pgbouncer,0.42,2367684,33651068764,0.01,644000000,626000000,0,8190,1
1778960333387758420,bench_postgres,1.08,77814824,4294967296,1.81,336000000,320000000,532000,1610000000,9
1778960336786877356,bench_apache,9.00,173119897,2147483648,8.06,137000000,830000000,0,39500000,28
1778960336786877356,bench_nginx,0.02,192413696,2147483648,8.96,69500000,425000000,0,12300,19
1778960336786877356,bench_django,0.04,132959436,2147483648,6.19,76000000,419000000,0,0,9
1778960336786877356,bench_pgbouncer,0.68,2142240,33651068764,0.01,645000000,626000000,0,8190,1
1778960336786877356,bench_postgres,1.17,77856768,4294967296,1.81,336000000,320000000,532000,1610000000,9
1778960340187243107,bench_apache,8.19,173119897,2147483648,8.06,137000000,830000000,0,39500000,28
1778960340187243107,bench_nginx,0.02,192413696,2147483648,8.96,69500000,425000000,0,12300,19
1778960340187243107,bench_django,0.04,132959436,2147483648,6.19,76000000,419000000,0,0,9
1778960340187243107,bench_pgbouncer,0.52,2445279,33651068764,0.01,645000000,626000000,0,8190,1
1778960340187243107,bench_postgres,4.10,78139883,4294967296,1.82,336000000,320000000,532000,1610000000,9
1778960343594592218,bench_apache,8.00,172490752,2147483648,8.03,137000000,831000000,0,39500000,28
1778960343594592218,bench_nginx,0.02,192413696,2147483648,8.96,69500000,425000000,0,12300,19
1778960343594592218,bench_django,0.04,132959436,2147483648,6.19,76000000,419000000,0,0,9
1778960343594592218,bench_pgbouncer,0.47,2363490,33651068764,0.01,645000000,626000000,0,8190,1
1778960343594592218,bench_postgres,0.91,78276198,4294967296,1.82,336000000,320000000,532000,1610000000,9
1778960346992967971,bench_apache,7.16,171966464,2147483648,8.01,137000000,831000000,0,39500000,28
1778960346992967971,bench_nginx,0.02,192413696,2147483648,8.96,69500000,425000000,0,12300,19
1778960346992967971,bench_django,0.04,132959436,2147483648,6.19,76000000,419000000,0,0,9
1778960346992967971,bench_pgbouncer,0.49,2154823,33651068764,0.01,645000000,626000000,0,8190,1
1778960346992967971,bench_postgres,1.18,78129397,4294967296,1.82,336000000,320000000,532000,1610000000,9
1778960350399956717,bench_apache,6.26,172176179,2147483648,8.02,137000000,831000000,0,39500000,28
1778960350399956717,bench_nginx,0.02,192413696,2147483648,8.96,69500000,425000000,0,12300,19
1778960350399956717,bench_django,0.04,132959436,2147483648,6.19,76000000,419000000,0,0,9
1778960350399956717,bench_pgbouncer,0.40,2359296,33651068764,0.01,645000000,626000000,0,8190,1
1778960350399956717,bench_postgres,4.29,78097940,4294967296,1.82,336000000,321000000,532000,1610000000,9
1778960353798489711,bench_apache,6.19,171861606,2147483648,8.00,137000000,831000000,0,39500000,28
1778960353798489711,bench_nginx,0.02,192413696,2147483648,8.96,69500000,425000000,0,12300,19
1778960353798489711,bench_django,0.04,132959436,2147483648,6.19,76000000,419000000,0,0,9
1778960353798489711,bench_pgbouncer,0.39,2391801,33651068764,0.01,645000000,626000000,0,8190,1
1778960353798489711,bench_postgres,0.75,77909196,4294967296,1.81,336000000,321000000,532000,1610000000,9
1778960357236504292,bench_apache,5.53,171547033,2147483648,7.99,137000000,832000000,0,39500000,28
1778960357236504292,bench_nginx,0.02,192413696,2147483648,8.96,69500000,425000000,0,12300,19
1778960357236504292,bench_django,0.04,132959436,2147483648,6.19,76000000,419000000,0,0,9
1778960357236504292,bench_pgbouncer,0.37,2039480,33651068764,0.01,645000000,626000000,0,8190,1
1778960357236504292,bench_postgres,0.65,78066483,4294967296,1.82,336000000,321000000,532000,1610000000,9
1778960360634934873,bench_apache,6.48,171861606,2147483648,8.00,137000000,832000000,0,39600000,28
1778960360634934873,bench_nginx,0.02,192413696,2147483648,8.96,69500000,425000000,0,12300,19
1778960360634934873,bench_django,0.04,132959436,2147483648,6.19,76000000,419000000,0,0,9
1778960360634934873,bench_pgbouncer,0.45,2552233,33651068764,0.01,645000000,626000000,0,8190,1
1778960360634934873,bench_postgres,4.42,78339112,4294967296,1.82,336000000,321000000,532000,1610000000,9
1778960364028108362,bench_apache,6.73,172700467,2147483648,8.04,137000000,832000000,0,39600000,28
1778960364028108362,bench_nginx,0.02,192413696,2147483648,8.96,69500000,425000000,0,12300,19
1778960364028108362,bench_django,0.05,132959436,2147483648,6.19,76000000,419000000,0,0,9
1778960364028108362,bench_pgbouncer,0.41,2395996,33651068764,0.01,645000000,626000000,0,8190,1
1778960364028108362,bench_postgres,1.40,78244741,4294967296,1.82,336000000,321000000,532000,1610000000,9
1778960367452324488,bench_apache,7.36,173644185,2147483648,8.08,138000000,833000000,0,39600000,29
1778960367452324488,bench_nginx,0.02,192413696,2147483648,8.96,69500000,425000000,0,12300,19
1778960367452324488,bench_django,0.04,132959436,2147483648,6.19,76000000,419000000,0,0,9
1778960367452324488,bench_pgbouncer,0.40,2330984,33651068764,0.01,645000000,627000000,0,8190,1
1778960367452324488,bench_postgres,1.05,78129397,4294967296,1.82,336000000,321000000,532000,1610000000,9
1778960370855601678,bench_apache,8.80,173853900,2147483648,8.10,138000000,833000000,0,39600000,29
1778960370855601678,bench_nginx,0.02,192413696,2147483648,8.96,69500000,425000000,0,12300,19
1778960370855601678,bench_django,0.03,132959436,2147483648,6.19,76000000,419000000,0,0,9
1778960370855601678,bench_pgbouncer,0.59,2486173,33651068764,0.01,645000000,627000000,0,8190,1
1778960370855601678,bench_postgres,5.09,78360084,4294967296,1.82,336000000,321000000,532000,1610000000,9
1778960374245513849,bench_apache,7.03,173644185,2147483648,8.09,138000000,833000000,0,39600000,29
1778960374245513849,bench_nginx,0.02,192413696,2147483648,8.96,69500000,425000000,0,12300,19
1778960374245513849,bench_django,0.04,132959436,2147483648,6.19,76000000,419000000,0,0,9
1778960374245513849,bench_pgbouncer,0.41,2404384,33651068764,0.01,645000000,627000000,0,8190,1
1778960374245513849,bench_postgres,4.82,78381056,4294967296,1.83,336000000,321000000,532000,1610000000,9
1778960377644751161,bench_apache,8.64,171861606,2147483648,8.00,138000000,834000000,0,39600000,28
1778960377644751161,bench_nginx,0.02,192413696,2147483648,8.96,69500000,425000000,0,12300,19
1778960377644751161,bench_django,0.04,132959436,2147483648,6.19,76000000,419000000,0,0,9
1778960377644751161,bench_pgbouncer,0.60,2088763,33651068764,0.01,646000000,627000000,0,8190,1
1778960377644751161,bench_postgres,1.64,78234255,4294967296,1.82,336000000,321000000,532000,1610000000,9
1778960381045404021,bench_apache,9.84,171756748,2147483648,8.00,138000000,834000000,0,39600000,28
1778960381045404021,bench_nginx,0.02,192413696,2147483648,8.96,69500000,425000000,0,12300,19
1778960381045404021,bench_django,0.04,132959436,2147483648,6.19,76000000,419000000,0,0,9
1778960381045404021,bench_pgbouncer,0.78,2121269,33651068764,0.01,646000000,627000000,0,8190,1
1778960381045404021,bench_postgres,1.48,78139883,4294967296,1.82,336000000,321000000,532000,1610000000,9
1778960384428887706,bench_apache,7.39,171442176,2147483648,7.98,138000000,834000000,0,39600000,28
1778960384428887706,bench_nginx,0.02,192413696,2147483648,8.96,69500000,425000000,0,12300,19
1778960384428887706,bench_django,0.04,132959436,2147483648,6.19,76000000,419000000,0,0,9
1778960384428887706,bench_pgbouncer,0.47,2290089,33651068764,0.01,646000000,627000000,0,8190,1
1778960384428887706,bench_postgres,4.26,78381056,4294967296,1.83,336000000,321000000,532000,1610000000,9
1778960387830639884,bench_apache,7.56,171442176,2147483648,7.99,138000000,835000000,0,39600000,28
1778960387830639884,bench_nginx,0.02,192413696,2147483648,8.96,69500000,425000000,0,12300,19
1778960387830639884,bench_django,0.03,132959436,2147483648,6.19,76000000,419000000,0,0,9
1778960387830639884,bench_pgbouncer,0.42,2281701,33651068764,0.01,646000000,627000000,0,8190,1
1778960387830639884,bench_postgres,1.05,78307655,4294967296,1.82,336000000,321000000,532000,1610000000,9
1778960391236133969,bench_apache,7.65,168925593,2147483648,7.87,138000000,835000000,0,39700000,28
1778960391236133969,bench_nginx,0.01,192413696,2147483648,8.96,69500000,425000000,0,12300,19
1778960391236133969,bench_django,0.03,132959436,2147483648,6.19,76000000,419000000,0,0,9
1778960391236133969,bench_pgbouncer,0.52,2408579,33651068764,0.01,646000000,627000000,0,8190,1
1778960391236133969,bench_postgres,1.10,78569799,4294967296,1.83,336000000,321000000,532000,1610000000,9
1778960394657605655,bench_apache,7.84,169030451,2147483648,7.87,138000000,835000000,0,39700000,28
1778960394657605655,bench_nginx,0.02,192623411,2147483648,8.97,69500000,425000000,0,12300,19
1778960394657605655,bench_django,0.04,132959436,2147483648,6.19,76000000,419000000,0,0,9
1778960394657605655,bench_pgbouncer,0.47,2473590,33651068764,0.01,646000000,627000000,0,8190,1
1778960394657605655,bench_postgres,5.35,78244741,4294967296,1.82,337000000,321000000,532000,1610000000,9
1778960398078790953,bench_apache,6.97,169764454,2147483648,7.91,138000000,836000000,0,39700000,28
1778960398078790953,bench_nginx,0.02,192413696,2147483648,8.96,69500000,425000000,0,12300,19
1778960398078790953,bench_django,0.03,132959436,2147483648,6.19,76000000,419000000,0,0,9
1778960398078790953,bench_pgbouncer,0.51,2146435,33651068764,0.01,646000000,627000000,0,8190,1
1778960398078790953,bench_postgres,1.60,78748057,4294967296,1.83,337000000,321000000,532000,1610000000,9
1778960401485184849,bench_apache,6.26,169135308,2147483648,7.88,138000000,836000000,0,39700000,28
1778960401485184849,bench_nginx,0.01,192413696,2147483648,8.96,69500000,425000000,0,12300,19
1778960401485184849,bench_django,0.04,132959436,2147483648,6.19,76000000,419000000,0,0,9
1778960401485184849,bench_pgbouncer,0.33,2600468,33651068764,0.01,646000000,627000000,0,8190,1
1778960401485184849,bench_postgres,0.76,80499179,4294967296,1.87,337000000,321000000,532000,1610000000,10
1778960404879554898,bench_apache,10.80,171022745,2147483648,7.96,138000000,836000000,0,39700000,29
1778960404879554898,bench_nginx,0.02,192413696,2147483648,8.96,69500000,425000000,0,12300,19
1778960404879554898,bench_django,0.04,132959436,2147483648,6.19,76000000,419000000,0,0,9
1778960404879554898,bench_pgbouncer,0.47,2507145,33651068764,0.01,646000000,627000000,0,8190,1
1778960404879554898,bench_postgres,0.78,80299950,4294967296,1.87,337000000,321000000,532000,1610000000,10
1778960408278521695,bench_apache,7.64,169869312,2147483648,7.91,138000000,837000000,0,39700000,29
1778960408278521695,bench_nginx,0.02,192413696,2147483648,8.96,69500000,425000000,0,12300,19
1778960408278521695,bench_django,23.31,144284057,2147483648,6.72,76000000,419000000,0,0,10
1778960408278521695,bench_pgbouncer,0.49,2576351,33651068764,0.01,646000000,628000000,0,8190,1
1778960408278521695,bench_postgres,1.11,80121692,4294967296,1.87,337000000,321000000,532000,1610000000,10
1778960411681435091,bench_apache,9.24,169764454,2147483648,7.90,138000000,837000000,0,39700000,29
1778960411681435091,bench_nginx,0.02,192413696,2147483648,8.96,69500000,425000000,0,12300,19
1778960411681435091,bench_django,0.04,133064294,2147483648,6.20,76000000,419000000,0,0,9
1778960411681435091,bench_pgbouncer,0.68,2290089,33651068764,0.01,646000000,628000000,0,8190,1
1778960411681435091,bench_postgres,0.66,79775662,4294967296,1.86,337000000,321000000,532000,1610000000,10
1778960415077827796,bench_apache,7.09,167772160,2147483648,7.81,138000000,837000000,0,39700000,28
1778960415077827796,bench_nginx,0.02,192413696,2147483648,8.96,69500000,425000000,0,12300,19
1778960415077827796,bench_django,0.03,132959436,2147483648,6.19,76000000,419000000,0,0,9
1778960415077827796,bench_pgbouncer,0.47,2735734,33651068764,0.01,646000000,628000000,0,8190,1
1778960415077827796,bench_postgres,1.18,79754690,4294967296,1.86,337000000,321000000,532000,1610000000,10
1778960418468968791,bench_apache,6.45,167877017,2147483648,7.82,138000000,838000000,0,39700000,28
1778960418468968791,bench_nginx,0.01,192413696,2147483648,8.96,69500000,425000000,0,12300,19
1778960418468968791,bench_django,0.04,132959436,2147483648,6.19,76000000,419000000,0,0,9
1778960418468968791,bench_pgbouncer,0.49,2260729,33651068764,0.01,647000000,628000000,0,8190,1
1778960418468968791,bench_postgres,1.79,80237035,4294967296,1.87,337000000,321000000,532000,1610000000,10
1778960421867180969,bench_apache,5.94,167562444,2147483648,7.80,138000000,838000000,0,39800000,28
1778960421867180969,bench_nginx,0.02,192413696,2147483648,8.96,69500000,425000000,0,12300,19
1778960421867180969,bench_django,0.04,132959436,2147483648,6.19,76000000,419000000,0,0,9
1778960421867180969,bench_pgbouncer,0.63,2330984,33651068764,0.01,647000000,628000000,0,8190,1
1778960421867180969,bench_postgres,0.43,80079749,4294967296,1.86,337000000,321000000,532000,1610000000,10
1778960425288948876,bench_apache,8.45,167038156,2147483648,7.78,139000000,838000000,0,39800000,28
1778960425288948876,bench_nginx,0.02,192728268,2147483648,8.97,69500000,425000000,0,12300,19
1778960425288948876,bench_django,0.04,132959436,2147483648,6.19,76000000,419000000,0,0,9
1778960425288948876,bench_pgbouncer,0.52,2932867,33651068764,0.01,647000000,628000000,0,8190,1
1778960425288948876,bench_postgres,4.52,80121692,4294967296,1.87,337000000,321000000,532000,1610000000,10
1778960428693922334,bench_apache,6.99,166933299,2147483648,7.78,139000000,839000000,0,39800000,28
1778960428693922334,bench_nginx,0.02,192623411,2147483648,8.97,69500000,425000000,0,12300,19
1778960428693922334,bench_django,0.03,132959436,2147483648,6.19,76000000,419000000,0,0,9
1778960428693922334,bench_pgbouncer,0.43,2453667,33651068764,0.01,647000000,628000000,0,8190,1
1778960428693922334,bench_postgres,0.78,79817605,4294967296,1.86,337000000,321000000,532000,1610000000,10
1778960432089231424,bench_apache,8.41,167038156,2147483648,7.78,139000000,839000000,0,39800000,28
1778960432089231424,bench_nginx,0.02,192413696,2147483648,8.96,69500000,425000000,0,12300,19
1778960432089231424,bench_django,0.04,132959436,2147483648,6.19,76000000,419000000,0,0,9
1778960432089231424,bench_pgbouncer,0.59,2715811,33651068764,0.01,647000000,628000000,0,8190,1
1778960432089231424,bench_postgres,0.99,80090234,4294967296,1.86,337000000,321000000,532000,1610000000,10
1778960435484583608,bench_apache,7.38,166828441,2147483648,7.77,139000000,839000000,0,39800000,28
1778960435484583608,bench_nginx,0.02,192413696,2147483648,8.96,69500000,425000000,0,12300,19
1778960435484583608,bench_django,0.03,132959436,2147483648,6.19,76000000,419000000,0,0,9
1778960435484583608,bench_pgbouncer,0.47,2481979,33651068764,0.01,647000000,628000000,0,8190,1
1778960435484583608,bench_postgres,1.20,80289464,4294967296,1.87,337000000,321000000,532000,1610000000,10
1778960438895204805,bench_apache,10.55,166723584,2147483648,7.76,139000000,840000000,0,39800000,28
1778960438895204805,bench_nginx,0.02,192413696,2147483648,8.96,69500000,425000000,0,12300,19
1778960438895204805,bench_django,34.72,133169152,2147483648,6.20,76000000,419000000,0,0,9
1778960438895204805,bench_pgbouncer,0.72,2121269,33651068764,0.01,647000000,628000000,0,8190,1
1778960438895204805,bench_postgres,1.68,80310435,4294967296,1.87,337000000,321000000,532000,1610000000,10
1778960442292579127,bench_apache,8.29,166933299,2147483648,7.77,139000000,840000000,0,39800000,28
1778960442292579127,bench_nginx,0.02,192413696,2147483648,8.96,69500000,425000000,0,12300,19
1778960442292579127,bench_django,0.04,132959436,2147483648,6.19,76000000,419000000,0,0,9
1778960442292579127,bench_pgbouncer,0.59,2449473,33651068764,0.01,647000000,628000000,0,8190,1
1778960442292579127,bench_postgres,1.25,79953920,4294967296,1.86,337000000,322000000,532000,1610000000,10
1778960445721449300,bench_apache,9.40,168296448,2147483648,7.84,139000000,840000000,0,39800000,29
1778960445721449300,bench_nginx,0.02,192413696,2147483648,8.96,69500000,425000000,0,12300,19
1778960445721449300,bench_django,0.04,132959436,2147483648,6.19,76000000,419000000,0,0,9
1778960445721449300,bench_pgbouncer,0.67,2342518,33651068764,0.01,647000000,628000000,0,8190,1
1778960445721449300,bench_postgres,1.00,79712747,4294967296,1.86,337000000,322000000,532000,1610000000,10
1778960449142090485,bench_apache,7.64,168296448,2147483648,7.84,139000000,841000000,0,39800000,29
1778960449142090485,bench_nginx,0.02,192413696,2147483648,8.96,69500000,425000000,0,12300,19
1778960449142090485,bench_django,0.04,132959436,2147483648,6.19,76000000,419000000,0,0,9
1778960449142090485,bench_pgbouncer,0.44,2260729,33651068764,0.01,647000000,629000000,0,8190,1
1778960449142090485,bench_postgres,1.11,80006348,4294967296,1.86,337000000,322000000,532000,1620000000,10
1778960452535038246,bench_apache,8.21,168506163,2147483648,7.85,139000000,841000000,0,39900000,29
1778960452535038246,bench_nginx,3.62,192833126,2147483648,8.98,69500000,425000000,0,12300,19
1778960452535038246,bench_django,0.04,132959436,2147483648,6.19,76000000,419000000,0,0,9
1778960452535038246,bench_pgbouncer,0.63,2236612,33651068764,0.01,647000000,629000000,0,8190,1
1778960452535038246,bench_postgres,1.20,80121692,4294967296,1.87,337000000,322000000,532000,1620000000,10
1778960455945182181,bench_apache,7.85,166723584,2147483648,7.76,139000000,841000000,0,39900000,28
1778960455945182181,bench_nginx,0.02,192413696,2147483648,8.96,69500000,425000000,0,12300,19
1778960455945182181,bench_django,0.05,132959436,2147483648,6.19,76000000,419000000,0,0,9
1778960455945182181,bench_pgbouncer,0.52,2441084,33651068764,0.01,647000000,629000000,0,8190,1
1778960455945182181,bench_postgres,5.24,80677437,4294967296,1.88,337000000,322000000,532000,1620000000,10
1778960459338304003,bench_apache,9.65,167247872,2147483648,7.79,139000000,842000000,0,39900000,28
1778960459338304003,bench_nginx,0.01,192413696,2147483648,8.96,69500000,425000000,0,12300,19
1778960459338304003,bench_django,0.03,132959436,2147483648,6.19,76000000,419000000,0,0,9
1778960459338304003,bench_pgbouncer,0.67,2462056,33651068764,0.01,648000000,629000000,0,8190,1
1778960459338304003,bench_postgres,1.87,80509665,4294967296,1.87,337000000,322000000,532000,1620000000,10
1778960462743429418,bench_apache,7.55,166723584,2147483648,7.76,139000000,842000000,0,39900000,28
1778960462743429418,bench_nginx,0.01,192413696,2147483648,8.96,69500000,425000000,0,12300,19
1778960462743429418,bench_django,0.04,132959436,2147483648,6.19,76000000,419000000,0,0,9
1778960462743429418,bench_pgbouncer,0.60,2527068,33651068764,0.01,648000000,629000000,0,8190,1
1778960462743429418,bench_postgres,1.16,80174120,4294967296,1.87,337000000,322000000,532000,1620000000,10
1778960466142565973,bench_apache,5.18,166828441,2147483648,7.77,139000000,842000000,0,39900000,28
1778960466142565973,bench_nginx,0.02,192413696,2147483648,8.96,69500000,425000000,0,12300,19
1778960466142565973,bench_django,0.04,132959436,2147483648,6.19,76000000,419000000,0,0,9
1778960466142565973,bench_pgbouncer,0.31,2277507,33651068764,0.01,648000000,629000000,0,8190,1
1778960466142565973,bench_postgres,4.30,80299950,4294967296,1.87,337000000,322000000,532000,1620000000,10
1778960469547612528,bench_apache,7.83,166933299,2147483648,7.78,139000000,842000000,0,39900000,28
1778960469547612528,bench_nginx,0.01,192413696,2147483648,8.96,69500000,425000000,0,12300,19
1778960469547612528,bench_django,33.86,133378867,2147483648,6.21,76000000,419000000,0,0,9
1778960469547612528,bench_pgbouncer,0.55,2428502,33651068764,0.01,648000000,629000000,0,8190,1
1778960469547612528,bench_postgres,0.83,80184606,4294967296,1.87,337000000,322000000,532000,1620000000,10
1778960472956230277,bench_apache,6.55,166828441,2147483648,7.77,139000000,843000000,0,39900000,28
1778960472956230277,bench_nginx,0.02,192413696,2147483648,8.96,69500000,425000000,0,12300,19
1778960472956230277,bench_django,0.03,132959436,2147483648,6.19,76000000,419000000,0,0,9
1778960472956230277,bench_pgbouncer,0.61,2956984,33651068764,0.01,648000000,629000000,0,8190,1
1778960472956230277,bench_postgres,0.90,79649832,4294967296,1.85,338000000,322000000,532000,1620000000,10
1778960476363080418,bench_apache,7.62,166618726,2147483648,7.76,139000000,843000000,0,39900000,28
1778960476363080418,bench_nginx,0.02,192413696,2147483648,8.96,69500000,425000000,0,12300,19
1778960476363080418,bench_django,0.04,132959436,2147483648,6.19,76000000,419000000,0,0,9
1778960476363080418,bench_pgbouncer,0.58,2900361,33651068764,0.01,648000000,629000000,0,8190,1
1778960476363080418,bench_postgres,1.22,80436264,4294967296,1.87,338000000,322000000,532000,1620000000,10
1778960479777151660,bench_apache,7.54,166828441,2147483648,7.77,139000000,843000000,0,39900000,28
1778960479777151660,bench_nginx,0.02,192413696,2147483648,8.96,69500000,425000000,0,12300,19
1778960479777151660,bench_django,0.04,132959436,2147483648,6.19,76000000,419000000,0,0,9
1778960479777151660,bench_pgbouncer,0.57,2600468,33651068764,0.01,648000000,629000000,0,8190,1
1778960479777151660,bench_postgres,0.71,80016834,4294967296,1.86,338000000,322000000,532000,1620000000,10
1778960483187686179,bench_apache,5.82,166723584,2147483648,7.76,139000000,844000000,0,40000000,28
1778960483187686179,bench_nginx,3.57,192833126,2147483648,8.98,69500000,425000000,0,12300,19
1778960483187686179,bench_django,0.04,132959436,2147483648,6.19,76000000,419000000,0,0,9
1778960483187686179,bench_pgbouncer,0.37,2204106,33651068764,0.01,648000000,629000000,0,8190,1
1778960483187686179,bench_postgres,0.94,80174120,4294967296,1.87,338000000,322000000,532000,1620000000,10
1778960486603308569,bench_apache,7.74,168401305,2147483648,7.84,140000000,844000000,0,40000000,29
1778960486603308569,bench_nginx,0.02,192413696,2147483648,8.96,69500000,425000000,0,12300,19
1778960486603308569,bench_django,0.03,132959436,2147483648,6.19,76000000,419000000,0,0,9
1778960486603308569,bench_pgbouncer,0.44,2604662,33651068764,0.01,648000000,629000000,0,8190,1
1778960486603308569,bench_postgres,0.91,79649832,4294967296,1.85,338000000,322000000,532000,1620000000,10
1778960489998806818,bench_apache,8.79,168296448,2147483648,7.84,140000000,844000000,0,40000000,29
1778960489998806818,bench_nginx,0.02,192413696,2147483648,8.96,69500000,425000000,0,12300,19
1778960489998806818,bench_django,0.04,132959436,2147483648,6.19,76000000,419000000,0,0,9
1778960489998806818,bench_pgbouncer,0.62,2649751,33651068764,0.01,648000000,629000000,0,8190,1
1778960489998806818,bench_postgres,0.85,79817605,4294967296,1.86,338000000,322000000,532000,1620000000,10
1778960493404244795,bench_apache,7.82,168611020,2147483648,7.85,140000000,845000000,0,40000000,29
1778960493404244795,bench_nginx,0.01,192413696,2147483648,8.96,69500000,425000000,0,12300,19
1778960493404244795,bench_django,0.03,132959436,2147483648,6.19,76000000,419000000,0,0,9
1778960493404244795,bench_pgbouncer,0.46,2507145,33651068764,0.01,648000000,630000000,0,8190,1
1778960493404244795,bench_postgres,0.97,80268492,4294967296,1.87,338000000,322000000,532000,1620000000,10
1778960496804845163,bench_apache,8.34,166513868,2147483648,7.75,140000000,845000000,0,40000000,28
1778960496804845163,bench_nginx,0.02,192413696,2147483648,8.96,69500000,425000000,0,12300,19
1778960496804845163,bench_django,0.04,132959436,2147483648,6.19,76000000,419000000,0,0,9
1778960496804845163,bench_pgbouncer,0.54,2720006,33651068764,0.01,648000000,630000000,0,8190,1
1778960496804845163,bench_postgres,4.20,80216064,4294967296,1.87,338000000,322000000,532000,1620000000,10
1778960500219456744,bench_apache,8.42,166933299,2147483648,7.77,140000000,845000000,0,40000000,28
1778960500219456744,bench_nginx,0.02,192413696,2147483648,8.96,69500000,425000000,0,12300,19
1778960500219456744,bench_django,27.09,132959436,2147483648,6.19,76000000,419000000,0,0,9
1778960500219456744,bench_pgbouncer,0.59,2342518,33651068764,0.01,648000000,630000000,0,8190,1
1778960500219456744,bench_postgres,1.06,79870033,4294967296,1.86,338000000,322000000,532000,1620000000,10
1778960503635471711,bench_apache,7.89,166409011,2147483648,7.75,140000000,845000000,0,40000000,28
1778960503635471711,bench_nginx,0.02,192413696,2147483648,8.96,69500000,425000000,0,12300,19
1778960503635471711,bench_django,0.03,132959436,2147483648,6.19,76000000,419000000,0,0,9
1778960503635471711,bench_pgbouncer,0.51,2215641,33651068764,0.01,649000000,630000000,0,8190,1
1778960503635471711,bench_postgres,0.96,79754690,4294967296,1.86,338000000,322000000,532000,1620000000,10
1778960507021713406,bench_apache,7.57,166513868,2147483648,7.75,140000000,846000000,0,40000000,28
1778960507021713406,bench_nginx,0.01,192413696,2147483648,8.96,69500000,425000000,0,12300,19
1778960507021713406,bench_django,0.09,132959436,2147483648,6.19,76000000,419000000,0,0,9
1778960507021713406,bench_pgbouncer,0.48,2204106,33651068764,0.01,649000000,630000000,0,8190,1
1778960507021713406,bench_postgres,0.95,80048291,4294967296,1.86,338000000,322000000,532000,1620000000,10
1778960510446315860,bench_apache,7.38,166513868,2147483648,7.75,140000000,846000000,0,40000000,28
1778960510446315860,bench_nginx,0.02,192413696,2147483648,8.96,69500000,425000000,0,12300,19
1778960510446315860,bench_django,0.04,132959436,2147483648,6.19,76000000,419000000,0,0,9
1778960510446315860,bench_pgbouncer,0.54,2408579,33651068764,0.01,649000000,630000000,0,8190,1
1778960510446315860,bench_postgres,0.86,80289464,4294967296,1.87,338000000,322000000,532000,1620000000,10
1778960513837527484,bench_apache,7.67,166304153,2147483648,7.74,140000000,847000000,0,40100000,28
1778960513837527484,bench_nginx,3.82,192833126,2147483648,8.98,69500000,425000000,0,12300,19
1778960513837527484,bench_django,0.04,132959436,2147483648,6.19,76000000,419000000,0,0,9
1778960513837527484,bench_pgbouncer,0.45,2613051,33651068764,0.01,649000000,630000000,0,8190,1
1778960513837527484,bench_postgres,0.84,79953920,4294967296,1.86,338000000,322000000,532000,1620000000,10
1778960517244568035,bench_apache,8.71,166618726,2147483648,7.76,140000000,847000000,0,40100000,28
1778960517244568035,bench_nginx,0.02,192518553,2147483648,8.97,69500000,425000000,0,12300,19
1778960517244568035,bench_django,0.04,132959436,2147483648,6.19,76000000,419000000,0,0,9
1778960517244568035,bench_pgbouncer,0.62,2395996,33651068764,0.01,649000000,630000000,0,8190,1
1778960517244568035,bench_postgres,1.22,80457236,4294967296,1.87,338000000,322000000,532000,1620000000,10
1778960520648928174,bench_apache,8.43,166933299,2147483648,7.77,140000000,847000000,0,40100000,28
1778960520648928174,bench_nginx,0.05,192413696,2147483648,8.96,69500000,425000000,0,12300,19
1778960520648928174,bench_django,0.03,132959436,2147483648,6.19,76000000,419000000,0,0,9
1778960520648928174,bench_pgbouncer,0.58,2281701,33651068764,0.01,649000000,630000000,0,8190,1
1778960520648928174,bench_postgres,1.50,80069263,4294967296,1.86,338000000,322000000,532000,1620000000,10
1778960524050356503,bench_apache,6.94,166304153,2147483648,7.75,140000000,848000000,0,40100000,28
1778960524050356503,bench_nginx,0.02,192413696,2147483648,8.96,69500000,425000000,0,12300,19
1778960524050356503,bench_django,0.04,132959436,2147483648,6.19,76000000,419000000,0,0,9
1778960524050356503,bench_pgbouncer,0.41,2338324,33651068764,0.01,649000000,630000000,0,8190,1
1778960524050356503,bench_postgres,1.26,80289464,4294967296,1.87,338000000,322000000,532000,1620000000,10
1778960527448144026,bench_apache,5.94,168715878,2147483648,7.85,140000000,848000000,0,40100000,29
1778960527448144026,bench_nginx,0.02,192413696,2147483648,8.96,69500000,425000000,0,12300,19
1778960527448144026,bench_django,0.04,132959436,2147483648,6.19,76000000,419000000,0,0,9
1778960527448144026,bench_pgbouncer,0.37,2105540,33651068764,0.01,649000000,630000000,0,8190,1
1778960527448144026,bench_postgres,0.72,80604037,4294967296,1.88,338000000,322000000,532000,1620000000,10
1778960530832993445,bench_apache,7.29,168401305,2147483648,7.84,140000000,848000000,0,40100000,29
1778960530832993445,bench_nginx,0.02,192413696,2147483648,8.96,69500000,425000000,0,12300,19
1778960530832993445,bench_django,3.84,132959436,2147483648,6.19,76000000,419000000,0,0,9
1778960530832993445,bench_pgbouncer,0.40,2576351,33651068764,0.01,649000000,630000000,0,8190,1
1778960530832993445,bench_postgres,4.52,80614522,4294967296,1.88,338000000,322000000,532000,1620000000,10
1778960534232471926,bench_apache,8.22,168296448,2147483648,7.84,140000000,848000000,0,40100000,29
1778960534232471926,bench_nginx,0.02,192413696,2147483648,8.96,69500000,425000000,0,12300,19
1778960534232471926,bench_django,0.04,132959436,2147483648,6.19,76000000,419000000,0,0,9
1778960534232471926,bench_pgbouncer,0.53,2543845,33651068764,0.01,649000000,630000000,0,8190,1
1778960534232471926,bench_postgres,1.19,80446750,4294967296,1.87,338000000,322000000,532000,1620000000,10
1778960537634357394,bench_apache,6.55,166828441,2147483648,7.77,140000000,849000000,0,40100000,28
1778960537634357394,bench_nginx,0.02,192413696,2147483648,8.96,69500000,425000000,0,12300,19
1778960537634357394,bench_django,0.04,132959436,2147483648,6.19,76000000,419000000,0,0,9
1778960537634357394,bench_pgbouncer,0.37,2428502,33651068764,0.01,649000000,631000000,0,8190,1
1778960537634357394,bench_postgres,4.18,80897638,4294967296,1.88,338000000,323000000,532000,1620000000,10
1778960541046266682,bench_apache,5.27,166513868,2147483648,7.76,140000000,849000000,0,40100000,28
1778960541046266682,bench_nginx,0.02,192413696,2147483648,8.96,69500000,425000000,0,12300,19
1778960541046266682,bench_django,0.04,132959436,2147483648,6.19,76000000,419000000,0,0,9
1778960541046266682,bench_pgbouncer,0.33,2552233,33651068764,0.01,649000000,631000000,0,8190,1
1778960541046266682,bench_postgres,0.84,80216064,4294967296,1.87,338000000,323000000,532000,1620000000,10
1778960544445838220,bench_apache,6.43,166618726,2147483648,7.76,141000000,849000000,0,40200000,28
1778960544445838220,bench_nginx,0.02,192518553,2147483648,8.96,69500000,425000000,0,12300,19
1778960544445838220,bench_django,0.04,132959436,2147483648,6.19,76000000,419000000,0,0,9
1778960544445838220,bench_pgbouncer,0.44,2322595,33651068764,0.01,649000000,631000000,0,8190,1
1778960544445838220,bench_postgres,0.59,80142663,4294967296,1.87,338000000,323000000,532000,1620000000,10
1778960547827929650,bench_apache,8.15,166304153,2147483648,7.75,141000000,850000000,0,40200000,28
1778960547827929650,bench_nginx,0.02,192518553,2147483648,8.96,69500000,425000000,0,12300,19
1778960547827929650,bench_django,0.04,132959436,2147483648,6.19,76000000,419000000,0,0,9
1778960547827929650,bench_pgbouncer,0.63,2608857,33651068764,0.01,650000000,631000000,0,8190,1
1778960547827929650,bench_postgres,1.08,80478208,4294967296,1.87,338000000,323000000,532000,1620000000,10
1778960551244984834,bench_apache,9.67,166618726,2147483648,7.76,141000000,850000000,0,40200000,28
1778960551244984834,bench_nginx,0.02,192413696,2147483648,8.96,69500000,425000000,0,12300,19
1778960551244984834,bench_django,0.07,132959436,2147483648,6.19,76000000,419000000,0,0,9
1778960551244984834,bench_pgbouncer,0.64,2613051,33651068764,0.01,650000000,631000000,0,8190,1
1778960551244984834,bench_postgres,0.97,79985377,4294967296,1.86,338000000,323000000,532000,1620000000,10
1778960554633738838,bench_apache,7.77,167038156,2147483648,7.78,141000000,850000000,0,40200000,28
1778960554633738838,bench_nginx,0.01,192413696,2147483648,8.96,69500000,425000000,0,12300,19
1778960554633738838,bench_django,0.04,132959436,2147483648,6.19,76000000,419000000,0,0,9
1778960554633738838,bench_pgbouncer,0.51,2408579,33651068764,0.01,650000000,631000000,0,8190,1
1778960554633738838,bench_postgres,0.80,80341893,4294967296,1.87,338000000,323000000,532000,1620000000,10
1778960558040942963,bench_apache,8.87,166513868,2147483648,7.75,141000000,851000000,0,40200000,28
1778960558040942963,bench_nginx,0.01,192413696,2147483648,8.96,69500000,425000000,0,12300,19
1778960558040942963,bench_django,0.04,132959436,2147483648,6.19,76000000,419000000,0,0,9
1778960558040942963,bench_pgbouncer,0.58,2756706,33651068764,0.01,650000000,631000000,0,8190,1
1778960558040942963,bench_postgres,1.78,80551608,4294967296,1.88,339000000,323000000,532000,1620000000,10
1778960561486619571,bench_apache,7.79,166409011,2147483648,7.75,141000000,851000000,0,40200000,28
1778960561486619571,bench_nginx,0.02,192413696,2147483648,8.96,69500000,425000000,0,12300,19
1778960561486619571,bench_django,0.04,133064294,2147483648,6.20,76000000,419000000,0,0,9
1778960561486619571,bench_pgbouncer,0.54,2412773,33651068764,0.01,650000000,631000000,0,8190,1
1778960561486619571,bench_postgres,0.89,80708894,4294967296,1.88,339000000,323000000,532000,1620000000,10
1778960564861671548,bench_apache,7.90,166828441,2147483648,7.77,141000000,851000000,0,40200000,28
1778960564861671548,bench_nginx,0.02,192413696,2147483648,8.96,69500000,425000000,0,12300,19
1778960564861671548,bench_django,0.04,132959436,2147483648,6.19,76000000,419000000,0,0,9
1778960564861671548,bench_pgbouncer,0.54,2256535,33651068764,0.01,650000000,631000000,0,8190,1
1778960564861671548,bench_postgres,1.03,80163635,4294967296,1.87,339000000,323000000,532000,1620000000,10
1778960568272158932,bench_apache,7.89,168191590,2147483648,7.83,141000000,852000000,0,40200000,29
1778960568272158932,bench_nginx,0.01,192413696,2147483648,8.96,69500000,425000000,0,12300,19
1778960568272158932,bench_django,0.04,132959436,2147483648,6.19,76000000,419000000,0,0,9
1778960568272158932,bench_pgbouncer,0.48,2207252,33651068764,0.01,650000000,631000000,0,8190,1
1778960568272158932,bench_postgres,0.96,80237035,4294967296,1.87,339000000,323000000,532000,1620000000,10
1778960571666352264,bench_apache,7.78,168401305,2147483648,7.84,141000000,852000000,0,40200000,29
1778960571666352264,bench_nginx,0.02,192413696,2147483648,8.96,69500000,425000000,0,12300,19
1778960571666352264,bench_django,0.04,132959436,2147483648,6.19,76000000,419000000,0,0,9
1778960571666352264,bench_pgbouncer,0.57,2350907,33651068764,0.01,650000000,631000000,0,8190,1
1778960571666352264,bench_postgres,1.09,80153149,4294967296,1.87,339000000,323000000,532000,1630000000,10
1778960575080393758,bench_apache,8.88,166618726,2147483648,7.76,141000000,852000000,0,40300000,28
1778960575080393758,bench_nginx,0.02,192728268,2147483648,8.97,69500000,425000000,0,12300,19
1778960575080393758,bench_django,0.04,132959436,2147483648,6.19,76000000,419000000,0,0,9
1778960575080393758,bench_pgbouncer,0.65,2597322,33651068764,0.01,650000000,631000000,0,8190,1
1778960575080393758,bench_postgres,0.92,79723233,4294967296,1.86,339000000,323000000,532000,1630000000,10
1778960578501921797,bench_apache,7.00,166513868,2147483648,7.75,141000000,853000000,0,40300000,28
1778960578501921797,bench_nginx,0.02,192623411,2147483648,8.97,69500000,425000000,0,12300,19
1778960578501921797,bench_django,0.03,132959436,2147483648,6.19,76000000,419000000,0,0,9
1778960578501921797,bench_pgbouncer,0.38,2256535,33651068764,0.01,650000000,631000000,0,8190,1
1778960578501921797,bench_postgres,1.50,80436264,4294967296,1.87,339000000,323000000,532000,1630000000,10
1778960581915319794,bench_apache,8.32,166409011,2147483648,7.75,141000000,853000000,0,40300000,28
1778960581915319794,bench_nginx,0.02,192413696,2147483648,8.96,69500000,425000000,0,12300,19
1778960581915319794,bench_django,0.03,132959436,2147483648,6.19,76000000,419000000,0,0,9
1778960581915319794,bench_pgbouncer,0.63,2101346,33651068764,0.01,650000000,632000000,0,8190,1
1778960581915319794,bench_postgres,1.14,80415293,4294967296,1.87,339000000,323000000,532000,1630000000,10
1778960585334607230,bench_apache,7.15,166723584,2147483648,7.76,141000000,853000000,0,40300000,28
1778960585334607230,bench_nginx,0.02,192413696,2147483648,8.96,69500000,425000000,0,12300,19
1778960585334607230,bench_django,0.04,132959436,2147483648,6.19,76000000,419000000,0,0,9
1778960585334607230,bench_pgbouncer,0.46,2256535,33651068764,0.01,651000000,632000000,0,8190,1
1778960585334607230,bench_postgres,0.86,80058777,4294967296,1.86,339000000,323000000,532000,1630000000,10
1778960588729644988,bench_apache,6.52,166723584,2147483648,7.76,141000000,854000000,0,40300000,28
1778960588729644988,bench_nginx,0.02,192413696,2147483648,8.96,69500000,425000000,0,12300,19
1778960588729644988,bench_django,0.04,132959436,2147483648,6.19,76000000,419000000,0,0,9
1778960588729644988,bench_pgbouncer,0.45,2548039,33651068764,0.01,651000000,632000000,0,8190,1
1778960588729644988,bench_postgres,0.90,80352378,4294967296,1.87,339000000,323000000,532000,1630000000,10
1778960592141059096,bench_apache,5.92,166618726,2147483648,7.76,141000000,854000000,0,40300000,28
1778960592141059096,bench_nginx,0.02,192413696,2147483648,8.96,69500000,425000000,0,12300,19
1778960592141059096,bench_django,0.04,132959436,2147483648,6.19,76000000,419000000,0,0,9
1778960592141059096,bench_pgbouncer,0.33,1978662,33651068764,0.01,651000000,632000000,0,8190,1
1778960592141059096,bench_postgres,4.17,80478208,4294967296,1.87,339000000,323000000,532000,1630000000,10
1778960595541310433,bench_apache,83.34,169030451,2147483648,7.87,141000000,855000000,0,40300000,28
1778960595541310433,bench_nginx,0.01,192413696,2147483648,8.96,69500000,425000000,0,12300,19
1778960595541310433,bench_django,0.04,132959436,2147483648,6.19,76000000,419000000,0,0,9
1778960595541310433,bench_pgbouncer,4.07,2395996,33651068764,0.01,651000000,632000000,0,8190,1
1778960595541310433,bench_postgres,8.04,80499179,4294967296,1.87,339000000,323000000,532000,1630000000,10
1778960598931453676,bench_apache,6.79,171966464,2147483648,8.01,142000000,858000000,0,40300000,28
1778960598931453676,bench_nginx,0.02,192413696,2147483648,8.96,69500000,425000000,0,12300,19
1778960598931453676,bench_django,0.03,132959436,2147483648,6.19,76000000,419000000,0,0,9
1778960598931453676,bench_pgbouncer,0.45,2421161,33651068764,0.01,651000000,632000000,0,8190,1
1778960598931453676,bench_postgres,1.59,81002496,4294967296,1.89,339000000,323000000,532000,1630000000,10
1778960602349351896,bench_apache,6.10,171756748,2147483648,8.00,142000000,859000000,0,40300000,28
1778960602349351896,bench_nginx,0.02,192413696,2147483648,8.96,69500000,425000000,0,12300,19
1778960602349351896,bench_django,0.04,132959436,2147483648,6.19,76000000,419000000,0,0,9
1778960602349351896,bench_pgbouncer,0.31,2285895,33651068764,0.01,651000000,633000000,0,8190,1
1778960602349351896,bench_postgres,3.92,80593551,4294967296,1.88,339000000,323000000,532000,1630000000,10
1778960605759403502,bench_apache,5.60,174168473,2147483648,8.11,142000000,859000000,0,40500000,29
1778960605759403502,bench_nginx,0.01,192413696,2147483648,8.96,69500000,425000000,0,12300,19
1778960605759403502,bench_django,0.04,132959436,2147483648,6.19,76000000,419000000,0,0,9
1778960605759403502,bench_pgbouncer,0.39,2625634,33651068764,0.01,651000000,633000000,0,8190,1
1778960605759403502,bench_postgres,0.69,80666951,4294967296,1.88,339000000,324000000,532000,1630000000,10
1778960609198103354,bench_apache,7.47,173644185,2147483648,8.09,142000000,860000000,0,40500000,29
1778960609198103354,bench_nginx,0.02,192413696,2147483648,8.96,69500000,425000000,0,12300,19
1778960609198103354,bench_django,0.04,132959436,2147483648,6.19,76000000,419000000,0,0,9
1778960609198103354,bench_pgbouncer,0.65,2428502,33651068764,0.01,652000000,633000000,0,8190,1
1778960609198103354,bench_postgres,1.11,80132177,4294967296,1.87,339000000,324000000,532000,1630000000,10
1778960612583704896,bench_apache,8.12,173644185,2147483648,8.08,142000000,860000000,0,40500000,29
1778960612583704896,bench_nginx,0.02,192413696,2147483648,8.96,69500000,425000000,0,12300,19
1778960612583704896,bench_django,0.03,132959436,2147483648,6.19,76000000,419000000,0,0,9
1778960612583704896,bench_pgbouncer,0.63,2621440,33651068764,0.01,652000000,633000000,0,8190,1
1778960612583704896,bench_postgres,1.01,80436264,4294967296,1.87,339000000,324000000,532000,1630000000,10
1778960615999550598,bench_apache,9.70,171966464,2147483648,8.01,142000000,861000000,0,40500000,28
1778960615999550598,bench_nginx,0.02,192413696,2147483648,8.96,69500000,425000000,0,12300,19
1778960615999550598,bench_django,0.04,132959436,2147483648,6.19,76000000,419000000,0,0,9
1778960615999550598,bench_pgbouncer,0.68,2350907,33651068764,0.01,652000000,633000000,0,8190,1
1778960615999550598,bench_postgres,1.34,79985377,4294967296,1.86,340000000,324000000,532000,1630000000,10
1778960619379838773,bench_apache,8.14,172071321,2147483648,8.01,142000000,861000000,0,40500000,28
1778960619379838773,bench_nginx,0.02,192413696,2147483648,8.96,69500000,425000000,0,12300,19
1778960619379838773,bench_django,0.03,132959436,2147483648,6.19,76000000,419000000,0,0,9
1778960619379838773,bench_pgbouncer,0.58,2129657,33651068764,0.01,652000000,633000000,0,8190,1
1778960619379838773,bench_postgres,0.81,80855695,4294967296,1.88,340000000,324000000,532000,1630000000,10
1778960622791443093,bench_apache,7.67,171966464,2147483648,8.01,142000000,862000000,0,40500000,28
1778960622791443093,bench_nginx,0.02,192413696,2147483648,8.96,69500000,425000000,0,12300,19
1778960622791443093,bench_django,0.04,133169152,2147483648,6.20,76000000,419000000,0,0,9
1778960622791443093,bench_pgbouncer,0.49,2342518,33651068764,0.01,652000000,633000000,0,8190,1
1778960622791443093,bench_postgres,0.98,80666951,4294967296,1.88,340000000,324000000,532000,1630000000,10
1778960626190658223,bench_apache,7.93,172071321,2147483648,8.01,142000000,862000000,0,40500000,28
1778960626190658223,bench_nginx,0.01,192413696,2147483648,8.96,69500000,425000000,0,12300,19
1778960626190658223,bench_django,0.04,132959436,2147483648,6.19,76000000,419000000,0,0,9
1778960626190658223,bench_pgbouncer,0.64,2556428,33651068764,0.01,652000000,633000000,0,8190,1
1778960626190658223,bench_postgres,1.15,80687923,4294967296,1.88,340000000,324000000,532000,1630000000,10
1778960629600918587,bench_apache,9.02,172281036,2147483648,8.02,142000000,863000000,0,40500000,28
1778960629600918587,bench_nginx,0.02,192413696,2147483648,8.96,69500000,425000000,0,12300,19
1778960629600918587,bench_django,0.04,132959436,2147483648,6.19,76000000,419000000,0,0,9
1778960629600918587,bench_pgbouncer,0.55,2240806,33651068764,0.01,652000000,633000000,0,8190,1
1778960629600918587,bench_postgres,1.20,80541122,4294967296,1.88,340000000,324000000,532000,1630000000,10
1778960633011082603,bench_apache,7.85,171966464,2147483648,8.01,142000000,863000000,0,40500000,28
1778960633011082603,bench_nginx,3.65,192728268,2147483648,8.97,69500000,425000000,0,12300,19
1778960633011082603,bench_django,0.04,132959436,2147483648,6.19,76000000,419000000,0,0,9
1778960633011082603,bench_pgbouncer,0.48,2335178,33651068764,0.01,652000000,633000000,0,8190,1
1778960633011082603,bench_postgres,4.90,81033953,4294967296,1.89,340000000,324000000,532000,1630000000,10
1778960636402326501,bench_apache,7.02,172385894,2147483648,8.03,142000000,864000000,0,40600000,28
1778960636402326501,bench_nginx,0.01,192518553,2147483648,8.97,69500000,425000000,0,12300,19
1778960636402326501,bench_django,0.03,132959436,2147483648,6.19,76000000,419000000,0,0,9
1778960636402326501,bench_pgbouncer,0.46,2260729,33651068764,0.01,652000000,633000000,0,8190,1
1778960636402326501,bench_postgres,0.78,80541122,4294967296,1.88,340000000,324000000,532000,1630000000,10
1778960639813469930,bench_apache,8.68,172176179,2147483648,8.02,142000000,864000000,0,40600000,28
1778960639813469930,bench_nginx,0.02,192413696,2147483648,8.96,69500000,425000000,0,12300,19
1778960639813469930,bench_django,0.03,132959436,2147483648,6.19,76000000,419000000,0,0,9
1778960639813469930,bench_pgbouncer,0.55,2342518,33651068764,0.01,652000000,633000000,0,8190,1
1778960639813469930,bench_postgres,1.07,80698408,4294967296,1.88,340000000,324000000,532000,1630000000,10
1778960643219780928,bench_apache,8.34,172071321,2147483648,8.01,142000000,864000000,0,40600000,28
1778960643219780928,bench_nginx,0.02,192413696,2147483648,8.96,69500000,425000000,0,12300,19
1778960643219780928,bench_django,0.04,132959436,2147483648,6.19,76000000,419000000,0,0,9
1778960643219780928,bench_pgbouncer,0.65,2416967,33651068764,0.01,652000000,634000000,0,8190,1
1778960643219780928,bench_postgres,4.30,80562094,4294967296,1.88,340000000,324000000,532000,1630000000,10
1778960646611629628,bench_apache,6.94,174273331,2147483648,8.11,142000000,865000000,0,40600000,29
1778960646611629628,bench_nginx,0.02,192413696,2147483648,8.96,69500000,425000000,0,12300,19
1778960646611629628,bench_django,0.04,132959436,2147483648,6.19,76000000,419000000,0,0,9
1778960646611629628,bench_pgbouncer,0.47,2215641,33651068764,0.01,652000000,634000000,0,8190,1
1778960646611629628,bench_postgres,0.75,80268492,4294967296,1.87,340000000,324000000,532000,1630000000,10
1778960650002622064,bench_apache,6.45,174063616,2147483648,8.11,143000000,865000000,0,40600000,29
1778960650002622064,bench_nginx,0.01,192413696,2147483648,8.96,69500000,425000000,0,12300,19
1778960650002622064,bench_django,0.05,132959436,2147483648,6.19,76000000,419000000,0,0,9
1778960650002622064,bench_pgbouncer,0.40,2359296,33651068764,0.01,653000000,634000000,0,8190,1
1778960650002622064,bench_postgres,0.80,80562094,4294967296,1.88,340000000,324000000,532000,1630000000,10
1778960653396088644,bench_apache,6.46,174273331,2147483648,8.11,143000000,865000000,0,40600000,29
1778960653396088644,bench_nginx,0.02,192413696,2147483648,8.96,69500000,425000000,0,12300,19
1778960653396088644,bench_django,0.04,133064294,2147483648,6.20,76000000,419000000,0,0,9
1778960653396088644,bench_pgbouncer,0.35,2367684,33651068764,0.01,653000000,634000000,0,8190,1
1778960653396088644,bench_postgres,4.68,80939581,4294967296,1.88,340000000,324000000,532000,1630000000,10
1778960656786633432,bench_apache,6.32,171756748,2147483648,8.00,143000000,866000000,0,40600000,28
1778960656786633432,bench_nginx,0.02,192413696,2147483648,8.96,69500000,425000000,0,12300,19
1778960656786633432,bench_django,0.04,132959436,2147483648,6.19,76000000,419000000,0,0,9
1778960656786633432,bench_pgbouncer,0.36,2421161,33651068764,0.01,653000000,634000000,0,8190,1
1778960656786633432,bench_postgres,0.67,80583065,4294967296,1.88,340000000,324000000,532000,1630000000,10
1778960660172803894,bench_apache,6.80,172385894,2147483648,8.03,143000000,866000000,0,40600000,28
1778960660172803894,bench_nginx,0.02,192413696,2147483648,8.96,69500000,425000000,0,12300,19
1778960660172803894,bench_django,0.04,132959436,2147483648,6.19,76000000,419000000,0,0,9
1778960660172803894,bench_pgbouncer,0.42,2649751,33651068764,0.01,653000000,634000000,0,8190,1
1778960660172803894,bench_postgres,1.31,80572579,4294967296,1.88,340000000,324000000,532000,1630000000,10
1778960663599188216,bench_apache,5.39,172071321,2147483648,8.01,143000000,866000000,0,40600000,28
1778960663599188216,bench_nginx,3.56,192728268,2147483648,8.97,69500000,425000000,0,12300,19
1778960663599188216,bench_django,0.04,132959436,2147483648,6.19,76000000,419000000,0,0,9
1778960663599188216,bench_pgbouncer,0.35,2256535,33651068764,0.01,653000000,634000000,0,8190,1
1778960663599188216,bench_postgres,4.30,80908124,4294967296,1.88,340000000,324000000,532000,1630000000,10
1778960667027974653,bench_apache,6.54,172071321,2147483648,8.01,143000000,866000000,0,40700000,28
1778960667027974653,bench_nginx,0.02,192413696,2147483648,8.96,69500000,425000000,0,12300,19
1778960667027974653,bench_django,0.05,132959436,2147483648,6.19,76000000,419000000,0,0,9
1778960667027974653,bench_pgbouncer,0.47,2301624,33651068764,0.01,653000000,634000000,0,8190,1
1778960667027974653,bench_postgres,0.92,80488693,4294967296,1.87,340000000,324000000,532000,1630000000,10
1778960670427479715,bench_apache,9.35,172176179,2147483648,8.02,143000000,867000000,0,40700000,28
1778960670427479715,bench_nginx,0.02,192413696,2147483648,8.96,69500000,425000000,0,12300,19
1778960670427479715,bench_django,0.04,132959436,2147483648,6.19,76000000,419000000,0,0,9
1778960670427479715,bench_pgbouncer,0.63,2129657,33651068764,0.01,653000000,634000000,0,8190,1
1778960670427479715,bench_postgres,1.03,80635494,4294967296,1.88,340000000,324000000,532000,1630000000,10
1778960673832882620,bench_apache,7.88,172071321,2147483648,8.01,143000000,867000000,0,40700000,28
1778960673832882620,bench_nginx,0.02,192413696,2147483648,8.96,69500000,425000000,0,12300,19
1778960673832882620,bench_django,0.04,132959436,2147483648,6.19,76000000,419000000,0,0,9
1778960673832882620,bench_pgbouncer,0.55,2421161,33651068764,0.01,653000000,634000000,0,8190,1
1778960673832882620,bench_postgres,0.98,80866181,4294967296,1.88,340000000,324000000,532000,1630000000,10
1778960677239530812,bench_apache,7.09,172490752,2147483648,8.03,143000000,868000000,0,40700000,28
1778960677239530812,bench_nginx,0.02,192413696,2147483648,8.96,69500000,425000000,0,12300,19
1778960677239530812,bench_django,0.04,132959436,2147483648,6.19,76000000,419000000,0,0,9
1778960677239530812,bench_pgbouncer,0.39,2436890,33651068764,0.01,653000000,634000000,0,8190,1
1778960677239530812,bench_postgres,1.14,80478208,4294967296,1.87,340000000,324000000,532000,1630000000,10
1778960680628992814,bench_apache,8.11,172071321,2147483648,8.01,143000000,868000000,0,40700000,28
1778960680628992814,bench_nginx,0.02,192413696,2147483648,8.96,69500000,425000000,0,12300,19
1778960680628992814,bench_django,0.04,132959436,2147483648,6.19,76000000,419000000,0,0,9
1778960680628992814,bench_pgbouncer,0.51,2294284,33651068764,0.01,653000000,634000000,0,8190,1
1778960680628992814,bench_postgres,1.14,80090234,4294967296,1.86,340000000,324000000,532000,1630000000,10
1778960684025925606,bench_apache,7.79,171861606,2147483648,8.00,143000000,869000000,0,40700000,28
1778960684025925606,bench_nginx,0.02,192413696,2147483648,8.96,69500000,425000000,0,12300,19
1778960684025925606,bench_django,0.04,133169152,2147483648,6.20,76000000,419000000,0,0,9
1778960684025925606,bench_pgbouncer,0.54,2490368,33651068764,0.01,653000000,634000000,0,8190,1
1778960684025925606,bench_postgres,1.05,81054924,4294967296,1.89,340000000,324000000,532000,1630000000,10
1778960687440538427,bench_apache,8.68,173853900,2147483648,8.09,143000000,869000000,0,40700000,29
1778960687440538427,bench_nginx,0.02,192413696,2147483648,8.96,69500000,425000000,0,12300,19
1778960687440538427,bench_django,0.04,132854579,2147483648,6.19,76000000,419000000,0,0,9
1778960687440538427,bench_pgbouncer,0.62,2498756,33651068764,0.01,653000000,635000000,0,8190,1
1778960687440538427,bench_postgres,0.87,80876666,4294967296,1.88,340000000,324000000,532000,1640000000,10
1778960690865612115,bench_apache,7.62,173749043,2147483648,8.09,143000000,869000000,0,40700000,29
1778960690865612115,bench_nginx,0.02,192413696,2147483648,8.96,69500000,425000000,0,12300,19
1778960690865612115,bench_django,0.04,132854579,2147483648,6.19,76000000,419000000,0,0,9
1778960690865612115,bench_pgbouncer,0.54,2064646,33651068764,0.01,654000000,635000000,0,8190,1
1778960690865612115,bench_postgres,0.97,80425779,4294967296,1.87,340000000,324000000,532000,1640000000,10
1778960694271019576,bench_apache,7.30,174378188,2147483648,8.12,143000000,870000000,0,40700000,29
1778960694271019576,bench_nginx,0.02,192833126,2147483648,8.98,69500000,425000000,0,12300,19
1778960694271019576,bench_django,0.03,132854579,2147483648,6.19,76000000,419000000,0,0,9
1778960694271019576,bench_pgbouncer,0.42,2380267,33651068764,0.01,654000000,635000000,0,8190,1
1778960694271019576,bench_postgres,4.13,80803266,4294967296,1.88,341000000,324000000,532000,1640000000,10
1778960697675263661,bench_apache,9.09,171966464,2147483648,8.01,143000000,870000000,0,40800000,28
1778960697675263661,bench_nginx,0.02,192413696,2147483648,8.96,69500000,425000000,0,12300,19
1778960697675263661,bench_django,0.03,132854579,2147483648,6.19,76000000,419000000,0,0,9
1778960697675263661,bench_pgbouncer,0.54,1900019,33651068764,0.01,654000000,635000000,0,8190,1
1778960697675263661,bench_postgres,1.21,81023467,4294967296,1.89,341000000,325000000,532000,1640000000,10
1778960701070649143,bench_apache,7.05,172071321,2147483648,8.01,143000000,870000000,0,40800000,28
1778960701070649143,bench_nginx,0.02,192413696,2147483648,8.96,69500000,425000000,0,12300,19
1778960701070649143,bench_django,0.03,132854579,2147483648,6.19,76000000,419000000,0,0,9
1778960701070649143,bench_pgbouncer,0.38,2187329,33651068764,0.01,654000000,635000000,0,8190,1
1778960701070649143,bench_postgres,1.55,80876666,4294967296,1.88,341000000,325000000,532000,1640000000,10
1778960704465718249,bench_apache,9.04,172176179,2147483648,8.02,143000000,871000000,0,40800000,28
1778960704465718249,bench_nginx,0.02,192413696,2147483648,8.96,69500000,425000000,0,12300,19
1778960704465718249,bench_django,0.04,132854579,2147483648,6.19,76000000,419000000,0,0,9
1778960704465718249,bench_pgbouncer,0.62,2457862,33651068764,0.01,654000000,635000000,0,8190,1
1778960704465718249,bench_postgres,4.43,81075896,4294967296,1.89,341000000,325000000,532000,1640000000,10
1778960707851559699,bench_apache,5.90,171651891,2147483648,7.99,144000000,871000000,0,40800000,28
1778960707851559699,bench_nginx,0.02,192413696,2147483648,8.96,69500000,425000000,0,12300,19
1778960707851559699,bench_django,0.03,132854579,2147483648,6.19,76000000,419000000,0,0,9
1778960707851559699,bench_pgbouncer,0.29,2432696,33651068764,0.01,654000000,635000000,0,8190,1
1778960707851559699,bench_postgres,0.98,80708894,4294967296,1.88,341000000,325000000,532000,1640000000,10
1778960711258043843,bench_apache,6.81,171651891,2147483648,7.99,144000000,871000000,0,40800000,28
1778960711258043843,bench_nginx,0.02,192413696,2147483648,8.96,69500000,425000000,0,12300,19
1778960711258043843,bench_django,0.03,132854579,2147483648,6.19,76000000,419000000,0,0,9
1778960711258043843,bench_pgbouncer,0.45,2686451,33651068764,0.01,654000000,635000000,0,8190,1
1778960711258043843,bench_postgres,0.94,80278978,4294967296,1.87,341000000,325000000,532000,1640000000,10
1778960714661652670,bench_apache,5.58,171442176,2147483648,7.98,144000000,872000000,0,40800000,28
1778960714661652670,bench_nginx,0.02,192413696,2147483648,8.96,69500000,425000000,0,12300,19
1778960714661652670,bench_django,0.04,132854579,2147483648,6.19,76000000,419000000,0,0,9
1778960714661652670,bench_pgbouncer,0.33,2744123,33651068764,0.01,654000000,635000000,0,8190,1
1778960714661652670,bench_postgres,4.55,80981524,4294967296,1.89,341000000,325000000,532000,1640000000,10
1778960718059579299,bench_apache,6.30,171442176,2147483648,7.99,144000000,872000000,0,40800000,28
1778960718059579299,bench_nginx,0.02,192413696,2147483648,8.96,69500000,425000000,0,12300,19
1778960718059579299,bench_django,0.03,132854579,2147483648,6.19,76000000,419000000,0,0,9
1778960718059579299,bench_pgbouncer,0.39,2600468,33651068764,0.01,654000000,635000000,0,8190,1
1778960718059579299,bench_postgres,0.94,80268492,4294967296,1.87,341000000,325000000,532000,1640000000,10
1778960721461145970,bench_apache,7.43,171442176,2147483648,7.98,144000000,872000000,0,40800000,28
1778960721461145970,bench_nginx,0.02,192413696,2147483648,8.96,69500000,425000000,0,12300,19
1778960721461145970,bench_django,0.04,132854579,2147483648,6.19,76000000,419000000,0,0,9
1778960721461145970,bench_pgbouncer,0.48,2477785,33651068764,0.01,654000000,635000000,0,8190,1
1778960721461145970,bench_postgres,1.01,80572579,4294967296,1.88,341000000,325000000,532000,1640000000,10
1778960724865804192,bench_apache,9.15,173119897,2147483648,8.06,144000000,872000000,0,40800000,29
1778960724865804192,bench_nginx,0.02,192623411,2147483648,8.97,69500000,425000000,0,12300,19
1778960724865804192,bench_django,0.03,132854579,2147483648,6.19,76000000,419000000,0,0,9
1778960724865804192,bench_pgbouncer,0.37,2572156,33651068764,0.01,654000000,635000000,0,8190,1
1778960724865804192,bench_postgres,0.93,80698408,4294967296,1.88,341000000,325000000,532000,1640000000,10
1778960728325488828,bench_apache,5.89,173539328,2147483648,8.08,144000000,873000000,0,40900000,29
1778960728325488828,bench_nginx,0.02,192413696,2147483648,8.96,69500000,425000000,0,12300,19
1778960728325488828,bench_django,0.03,132854579,2147483648,6.19,76000000,419000000,0,0,9
1778960728325488828,bench_pgbouncer,0.37,2543845,33651068764,0.01,654000000,635000000,0,8190,1
1778960728325488828,bench_postgres,0.96,80425779,4294967296,1.87,341000000,325000000,532000,1640000000,10
1778960731727509402,bench_apache,9.08,173224755,2147483648,8.07,144000000,873000000,0,40900000,29
1778960731727509402,bench_nginx,0.02,192413696,2147483648,8.96,69500000,425000000,0,12300,19
1778960731727509402,bench_django,0.03,132854579,2147483648,6.19,76000000,419000000,0,0,9
1778960731727509402,bench_pgbouncer,0.70,2679111,33651068764,0.01,654000000,636000000,0,8190,1
1778960731727509402,bench_postgres,1.11,80320921,4294967296,1.87,341000000,325000000,532000,1640000000,10
1778960735138932545,bench_apache,8.29,171756748,2147483648,8.00,144000000,873000000,0,40900000,28
1778960735138932545,bench_nginx,0.01,192413696,2147483648,8.96,69500000,425000000,0,12300,19
1778960735138932545,bench_django,0.03,132854579,2147483648,6.19,76000000,419000000,0,0,9
1778960735138932545,bench_pgbouncer,0.68,2559574,33651068764,0.01,655000000,636000000,0,8190,1
1778960735138932545,bench_postgres,1.07,80803266,4294967296,1.88,341000000,325000000,532000,1640000000,10
1778960738538337614,bench_apache,9.84,171232460,2147483648,7.98,144000000,874000000,0,40900000,28
1778960738538337614,bench_nginx,0.02,192413696,2147483648,8.96,69500000,425000000,0,12300,19
1778960738538337614,bench_django,0.03,132854579,2147483648,6.19,76000000,419000000,0,0,9
1778960738538337614,bench_pgbouncer,0.69,2567962,33651068764,0.01,655000000,636000000,0,8190,1
1778960738538337614,bench_postgres,4.94,81453383,4294967296,1.90,341000000,325000000,532000,1650000000,10
1778960741945917028,bench_apache,8.27,171547033,2147483648,7.99,144000000,874000000,0,40900000,28
1778960741945917028,bench_nginx,0.01,192413696,2147483648,8.96,69500000,425000000,0,12300,19
1778960741945917028,bench_django,0.04,132854579,2147483648,6.19,76000000,419000000,0,0,9
1778960741945917028,bench_pgbouncer,0.52,2720006,33651068764,0.01,655000000,636000000,0,8190,1
1778960741945917028,bench_postgres,1.05,80929095,4294967296,1.88,341000000,325000000,532000,1650000000,10
1778960745363904104,bench_apache,8.75,171337318,2147483648,7.98,144000000,874000000,0,40900000,28
1778960745363904104,bench_nginx,0.02,192413696,2147483648,8.96,69500000,425000000,0,12300,19
1778960745363904104,bench_django,0.04,133064294,2147483648,6.20,76000000,419000000,0,0,9
1778960745363904104,bench_pgbouncer,0.59,2625634,33651068764,0.01,655000000,636000000,0,8190,1
1778960745363904104,bench_postgres,1.26,80876666,4294967296,1.88,341000000,325000000,532000,1650000000,10
1778960748758149833,bench_apache,8.47,171442176,2147483648,7.98,144000000,875000000,0,40900000,28
1778960748758149833,bench_nginx,0.02,192413696,2147483648,8.96,69500000,425000000,0,12300,19
1778960748758149833,bench_django,0.04,132854579,2147483648,6.19,76000000,419000000,0,0,9
1778960748758149833,bench_pgbouncer,0.61,2400190,33651068764,0.01,655000000,636000000,0,8190,1
1778960748758149833,bench_postgres,0.73,80666951,4294967296,1.88,341000000,325000000,532000,1650000000,10
1778960752166796056,bench_apache,7.80,169449881,2147483648,7.89,144000000,875000000,0,40900000,28
1778960752166796056,bench_nginx,0.02,192413696,2147483648,8.96,69500000,425000000,0,12300,19
1778960752166796056,bench_django,0.04,132854579,2147483648,6.19,76000000,419000000,0,0,9
1778960752166796056,bench_pgbouncer,0.46,2322595,33651068764,0.01,655000000,636000000,0,8190,1
1778960752166796056,bench_postgres,1.25,80887152,4294967296,1.88,341000000,325000000,532000,1650000000,10
1778960755569776843,bench_apache,6.66,168611020,2147483648,7.85,144000000,875000000,0,40900000,28
1778960755569776843,bench_nginx,0.01,192413696,2147483648,8.96,69500000,425000000,0,12300,19
1778960755569776843,bench_django,0.04,132854579,2147483648,6.19,76000000,419000000,0,0,9
1778960755569776843,bench_pgbouncer,0.36,1912602,33651068764,0.01,655000000,636000000,0,8190,1
1778960755569776843,bench_postgres,1.21,80677437,4294967296,1.88,341000000,325000000,532000,1650000000,10
1778960758968173912,bench_apache,6.87,168820736,2147483648,7.86,144000000,876000000,0,41000000,28
1778960758968173912,bench_nginx,0.01,192413696,2147483648,8.96,69500000,425000000,0,12300,19
1778960758968173912,bench_django,0.04,132854579,2147483648,6.19,76000000,419000000,0,0,9
1778960758968173912,bench_pgbouncer,0.35,2518679,33651068764,0.01,655000000,636000000,0,8190,1
1778960758968173912,bench_postgres,4.99,80803266,4294967296,1.88,341000000,325000000,532000,1650000000,10
1778960762373877028,bench_apache,6.94,168506163,2147483648,7.85,144000000,876000000,0,41000000,28
1778960762373877028,bench_nginx,0.02,192413696,2147483648,8.96,69500000,425000000,0,12300,19
1778960762373877028,bench_django,0.04,132854579,2147483648,6.19,76000000,419000000,0,0,9
1778960762373877028,bench_pgbouncer,0.38,2191523,33651068764,0.01,655000000,636000000,0,8190,1
1778960762373877028,bench_postgres,1.02,80719380,4294967296,1.88,341000000,325000000,532000,1650000000,10
1778960765769968288,bench_apache,11.02,170288742,2147483648,7.93,144000000,876000000,0,41000000,29
1778960765769968288,bench_nginx,0.02,192413696,2147483648,8.96,69500000,425000000,0,12300,19
1778960765769968288,bench_django,0.04,132854579,2147483648,6.19,76000000,419000000,0,0,9
1778960765769968288,bench_pgbouncer,0.49,2645557,33651068764,0.01,655000000,636000000,0,8190,1
1778960765769968288,bench_postgres,0.99,80939581,4294967296,1.88,341000000,325000000,532000,1650000000,10
1778960769177159522,bench_apache,6.98,169764454,2147483648,7.91,145000000,877000000,0,41000000,29
1778960769177159522,bench_nginx,0.02,192413696,2147483648,8.96,69500000,425000000,0,12300,19
1778960769177159522,bench_django,0.04,132854579,2147483648,6.19,76000000,419000000,0,0,9
1778960769177159522,bench_pgbouncer,0.45,2269118,33651068764,0.01,655000000,636000000,0,8190,1
1778960769177159522,bench_postgres,1.10,80614522,4294967296,1.88,341000000,325000000,532000,1650000000,10
1778960772582430348,bench_apache,6.91,169554739,2147483648,7.89,145000000,877000000,0,41000000,29
1778960772582430348,bench_nginx,0.02,192413696,2147483648,8.96,69500000,425000000,0,12300,19
1778960772582430348,bench_django,8.99,141872332,2147483648,6.61,76000000,419000000,0,0,10
1778960772582430348,bench_pgbouncer,0.51,2047868,33651068764,0.01,655000000,637000000,0,8190,1
1778960772582430348,bench_postgres,1.02,80908124,4294967296,1.88,341000000,325000000,532000,1650000000,10
1778960776001321271,bench_apache,5.46,167457587,2147483648,7.80,145000000,877000000,0,41000000,28
1778960776001321271,bench_nginx,0.02,192413696,2147483648,8.96,69500000,425000000,0,12300,19
1778960776001321271,bench_django,0.04,132854579,2147483648,6.19,76000000,419000000,0,0,9
1778960776001321271,bench_pgbouncer,0.30,2350907,33651068764,0.01,656000000,637000000,0,8190,1
1778960776001321271,bench_postgres,1.04,80866181,4294967296,1.88,342000000,325000000,532000,1650000000,10
1778960779406046904,bench_apache,6.82,167562444,2147483648,7.80,145000000,878000000,0,41000000,28
1778960779406046904,bench_nginx,0.02,192413696,2147483648,8.96,69500000,425000000,0,12300,19
1778960779406046904,bench_django,0.04,132854579,2147483648,6.19,76000000,419000000,0,0,9
1778960779406046904,bench_pgbouncer,0.52,2666528,33651068764,0.01,656000000,637000000,0,8190,1
1778960779406046904,bench_postgres,1.42,80792780,4294967296,1.88,342000000,325000000,532000,1650000000,10
1778960782792406594,bench_apache,6.28,167667302,2147483648,7.81,145000000,878000000,0,41000000,28
1778960782792406594,bench_nginx,0.02,192413696,2147483648,8.96,69500000,425000000,0,12300,19
1778960782792406594,bench_django,0.04,132854579,2147483648,6.19,76000000,419000000,0,0,9
1778960782792406594,bench_pgbouncer,0.36,2486173,33651068764,0.01,656000000,637000000,0,8190,1
1778960782792406594,bench_postgres,0.76,80226549,4294967296,1.87,342000000,325000000,532000,1650000000,10
1778960786222674472,bench_apache,5.62,167352729,2147483648,7.79,145000000,878000000,0,41000000,28
1778960786222674472,bench_nginx,0.01,192518553,2147483648,8.96,69500000,425000000,0,12300,19
1778960786222674472,bench_django,0.04,132854579,2147483648,6.19,76000000,419000000,0,0,9
1778960786222674472,bench_pgbouncer,0.37,2318401,33651068764,0.01,656000000,637000000,0,8190,1
1778960786222674472,bench_postgres,0.60,80331407,4294967296,1.87,342000000,325000000,532000,1650000000,10
1778960789617379440,bench_apache,4.80,167457587,2147483648,7.80,145000000,878000000,0,41100000,28
1778960789617379440,bench_nginx,0.01,192413696,2147483648,8.96,69500000,425000000,0,12300,19
1778960789617379440,bench_django,0.03,132854579,2147483648,6.19,76000000,419000000,0,0,9
1778960789617379440,bench_pgbouncer,0.27,2428502,33651068764,0.01,656000000,637000000,0,8190,1
1778960789617379440,bench_postgres,4.41,80992010,4294967296,1.89,342000000,325000000,532000,1650000000,10
1778960793010819710,bench_apache,7.93,167667302,2147483648,7.81,145000000,879000000,0,41100000,28
1778960793010819710,bench_nginx,0.01,192413696,2147483648,8.96,69500000,425000000,0,12300,19
1778960793010819710,bench_django,0.04,132854579,2147483648,6.19,76000000,419000000,0,0,9
1778960793010819710,bench_pgbouncer,0.51,2314207,33651068764,0.01,656000000,637000000,0,8190,1
1778960793010819710,bench_postgres,1.07,80551608,4294967296,1.88,342000000,326000000,532000,1650000000,10
1778960796413276694,bench_apache,8.44,166828441,2147483648,7.77,145000000,879000000,0,41100000,28
1778960796413276694,bench_nginx,0.02,192413696,2147483648,8.96,69500000,425000000,0,12300,19
1778960796413276694,bench_django,0.05,132854579,2147483648,6.19,76000000,419000000,0,0,9
1778960796413276694,bench_pgbouncer,0.61,2170552,33651068764,0.01,656000000,637000000,0,8190,1
1778960796413276694,bench_postgres,1.27,80782295,4294967296,1.88,342000000,326000000,532000,1660000000,10
1778960799799874983,bench_apache,6.52,167038156,2147483648,7.78,145000000,879000000,0,41100000,28
1778960799799874983,bench_nginx,0.02,192413696,2147483648,8.96,69500000,425000000,0,12300,19
1778960799799874983,bench_django,0.04,132854579,2147483648,6.19,76000000,419000000,0,0,9
1778960799799874983,bench_pgbouncer,0.36,2653945,33651068764,0.01,656000000,637000000,0,8190,1
1778960799799874983,bench_postgres,4.23,81463869,4294967296,1.90,342000000,326000000,532000,1660000000,10
1778960803191414104,bench_apache,9.38,166828441,2147483648,7.77,145000000,880000000,0,41100000,28
1778960803191414104,bench_nginx,0.02,192413696,2147483648,8.96,69500000,425000000,0,12300,19
1778960803191414104,bench_django,34.27,133378867,2147483648,6.21,76000000,419000000,0,0,10
1778960803191414104,bench_pgbouncer,0.62,2154823,33651068764,0.01,656000000,637000000,0,8190,1
1778960803191414104,bench_postgres,1.26,81044439,4294967296,1.89,342000000,326000000,532000,1660000000,10
1778960806614504137,bench_apache,7.44,168401305,2147483648,7.84,145000000,880000000,0,41100000,29
1778960806614504137,bench_nginx,0.02,192413696,2147483648,8.96,69500000,425000000,0,12300,19
1778960806614504137,bench_django,0.04,132854579,2147483648,6.19,76000000,419000000,0,0,9
1778960806614504137,bench_pgbouncer,0.45,2204106,33651068764,0.01,656000000,637000000,0,8190,1
1778960806614504137,bench_postgres,1.26,81191239,4294967296,1.89,342000000,326000000,532000,1660000000,10
1778960810003916904,bench_apache,7.93,168401305,2147483648,7.84,145000000,880000000,0,41100000,29
1778960810003916904,bench_nginx,0.01,192413696,2147483648,8.96,69500000,425000000,0,12300,19
1778960810003916904,bench_django,0.04,132854579,2147483648,6.19,76000000,419000000,0,0,9
1778960810003916904,bench_pgbouncer,0.51,2207252,33651068764,0.01,656000000,637000000,0,8190,1
1778960810003916904,bench_postgres,4.42,81285611,4294967296,1.89,342000000,326000000,532000,1660000000,10
1778960813389253114,bench_apache,7.73,168715878,2147483648,7.86,145000000,881000000,0,41100000,29
1778960813389253114,bench_nginx,3.55,192728268,2147483648,8.98,69500000,425000000,0,12300,19
1778960813389253114,bench_django,0.04,132854579,2147483648,6.19,76000000,419000000,0,0,9
1778960813389253114,bench_pgbouncer,0.53,2338324,33651068764,0.01,656000000,637000000,0,8190,1
1778960813389253114,bench_postgres,1.00,80446750,4294967296,1.87,342000000,326000000,532000,1660000000,10
1778960816783988345,bench_apache,7.25,166618726,2147483648,7.76,145000000,881000000,0,41100000,28
1778960816783988345,bench_nginx,0.02,192413696,2147483648,8.96,69500000,425000000,0,12300,19
1778960816783988345,bench_django,0.04,132854579,2147483648,6.19,76000000,419000000,0,0,9
1778960816783988345,bench_pgbouncer,0.49,2498756,33651068764,0.01,657000000,638000000,0,8190,1
1778960816783988345,bench_postgres,1.09,80541122,4294967296,1.88,342000000,326000000,532000,1660000000,10
1778960820215662728,bench_apache,9.25,166723584,2147483648,7.76,145000000,881000000,0,41200000,28
1778960820215662728,bench_nginx,0.02,192413696,2147483648,8.96,69500000,425000000,0,12300,19
1778960820215662728,bench_django,0.04,132854579,2147483648,6.19,76000000,419000000,0,0,9
1778960820215662728,bench_pgbouncer,0.64,2457862,33651068764,0.01,657000000,638000000,0,8190,1
1778960820215662728,bench_postgres,4.44,81086382,4294967296,1.89,342000000,326000000,532000,1660000000,10
1778960823610524543,bench_apache,8.67,166513868,2147483648,7.75,145000000,882000000,0,41200000,28
1778960823610524543,bench_nginx,0.02,192413696,2147483648,8.96,69500000,425000000,0,12300,19
1778960823610524543,bench_django,0.03,132854579,2147483648,6.19,76000000,419000000,0,0,9
1778960823610524543,bench_pgbouncer,0.56,2638217,33651068764,0.01,657000000,638000000,0,8190,1
1778960823610524543,bench_postgres,1.16,80908124,4294967296,1.88,342000000,326000000,532000,1660000000,10
1778960826997589001,bench_apache,7.70,166723584,2147483648,7.76,146000000,882000000,0,41200000,28
1778960826997589001,bench_nginx,0.02,192413696,2147483648,8.96,69500000,425000000,0,12300,19
1778960826997589001,bench_django,0.03,132854579,2147483648,6.19,76000000,419000000,0,0,9
1778960826997589001,bench_pgbouncer,0.50,2617245,33651068764,0.01,657000000,638000000,0,8190,1
1778960826997589001,bench_postgres,1.31,81075896,4294967296,1.89,342000000,326000000,532000,1660000000,10
1778960830407195175,bench_apache,6.93,166304153,2147483648,7.74,146000000,882000000,0,41200000,28
1778960830407195175,bench_nginx,0.02,192413696,2147483648,8.96,69500000,425000000,0,12300,19
1778960830407195175,bench_django,0.03,132854579,2147483648,6.19,76000000,419000000,0,0,9
1778960830407195175,bench_pgbouncer,0.45,2142240,33651068764,0.01,657000000,638000000,0,8190,1
1778960830407195175,bench_postgres,4.57,80740352,4294967296,1.88,342000000,326000000,532000,1660000000,10
1778960833807450767,bench_apache,8.76,166933299,2147483648,7.77,146000000,883000000,0,41200000,28
1778960833807450767,bench_nginx,0.02,192413696,2147483648,8.96,69500000,425000000,0,12300,19
1778960833807450767,bench_django,34.11,133169152,2147483648,6.20,76000000,419000000,0,0,9
1778960833807450767,bench_pgbouncer,0.54,2236612,33651068764,0.01,657000000,638000000,0,8190,1
1778960833807450767,bench_postgres,1.38,80593551,4294967296,1.88,342000000,326000000,532000,1660000000,10
1778960837223109223,bench_apache,6.74,167038156,2147483648,7.78,146000000,883000000,0,41200000,28
1778960837223109223,bench_nginx,0.02,192413696,2147483648,8.96,69500000,425000000,0,12300,19
1778960837223109223,bench_django,0.04,132959436,2147483648,6.19,76000000,419000000,0,0,9
1778960837223109223,bench_pgbouncer,0.30,2428502,33651068764,0.01,657000000,638000000,0,8190,1
1778960837223109223,bench_postgres,0.65,81149296,4294967296,1.89,342000000,326000000,532000,1660000000,10
1778960840610645828,bench_apache,7.38,166304153,2147483648,7.75,146000000,883000000,0,41200000,28
1778960840610645828,bench_nginx,0.02,192413696,2147483648,8.96,69500000,425000000,0,12300,19
1778960840610645828,bench_django,0.04,132854579,2147483648,6.19,76000000,419000000,0,0,9
1778960840610645828,bench_pgbouncer,0.74,2305818,33651068764,0.01,657000000,638000000,0,8190,1
1778960840610645828,bench_postgres,1.04,81243668,4294967296,1.89,342000000,326000000,532000,1660000000,10
1778960844056464604,bench_apache,6.83,166723584,2147483648,7.76,146000000,884000000,0,41200000,28
1778960844056464604,bench_nginx,3.69,192728268,2147483648,8.97,69500000,425000000,0,12300,19
1778960844056464604,bench_django,0.04,132854579,2147483648,6.19,76000000,419000000,0,0,9
1778960844056464604,bench_pgbouncer,0.51,2277507,33651068764,0.01,657000000,638000000,0,8190,1
1778960844056464604,bench_postgres,0.66,80593551,4294967296,1.88,342000000,326000000,532000,1660000000,10
1778960847484439549,bench_apache,7.29,168401305,2147483648,7.84,146000000,884000000,0,41200000,29
1778960847484439549,bench_nginx,0.02,192413696,2147483648,8.96,69500000,425000000,0,12300,19
1778960847484439549,bench_django,0.04,132854579,2147483648,6.19,76000000,419000000,0,0,9
1778960847484439549,bench_pgbouncer,0.57,2154823,33651068764,0.01,657000000,638000000,0,8190,1
1778960847484439549,bench_postgres,1.05,81254154,4294967296,1.89,342000000,326000000,532000,1660000000,10
1778960850882582000,bench_apache,5.92,168296448,2147483648,7.84,146000000,884000000,0,41300000,29
1778960850882582000,bench_nginx,0.02,192413696,2147483648,8.96,69500000,425000000,0,12300,19
1778960850882582000,bench_django,0.04,132854579,2147483648,6.19,76000000,419000000,0,0,9
1778960850882582000,bench_pgbouncer,0.42,2658140,33651068764,0.01,657000000,638000000,0,8190,1
1778960850882582000,bench_postgres,4.42,80782295,4294967296,1.88,342000000,326000000,532000,1660000000,10
1778960854302534222,bench_apache,7.90,168611020,2147483648,7.85,146000000,885000000,0,41300000,29
1778960854302534222,bench_nginx,0.02,192413696,2147483648,8.96,69500000,425000000,0,12300,19
1778960854302534222,bench_django,0.04,132854579,2147483648,6.19,76000000,419000000,0,0,9
1778960854302534222,bench_pgbouncer,0.52,2543845,33651068764,0.01,657000000,638000000,0,8190,1
1778960854302534222,bench_postgres,4.39,80719380,4294967296,1.88,342000000,326000000,532000,1670000000,10
1778960857699982791,bench_apache,10.52,166409011,2147483648,7.75,146000000,885000000,0,41300000,28
1778960857699982791,bench_nginx,0.02,192413696,2147483648,8.96,69500000,425000000,0,12300,19
1778960857699982791,bench_django,0.04,132854579,2147483648,6.19,76000000,419000000,0,0,9
1778960857699982791,bench_pgbouncer,0.65,2649751,33651068764,0.01,657000000,638000000,0,8190,1
1778960857699982791,bench_postgres,0.93,80583065,4294967296,1.88,343000000,326000000,532000,1670000000,10
1778960861091750988,bench_apache,8.99,166513868,2147483648,7.75,146000000,885000000,0,41300000,28
1778960861091750988,bench_nginx,0.01,192413696,2147483648,8.96,69500000,425000000,0,12300,19
1778960861091750988,bench_django,0.03,132854579,2147483648,6.19,76000000,419000000,0,0,9
1778960861091750988,bench_pgbouncer,0.81,2277507,33651068764,0.01,658000000,639000000,0,8190,1
1778960861091750988,bench_postgres,4.44,81002496,4294967296,1.89,343000000,326000000,532000,1670000000,10
1778960864497965289,bench_apache,9.06,166618726,2147483648,7.76,146000000,886000000,0,41300000,28
1778960864497965289,bench_nginx,0.02,192413696,2147483648,8.96,69500000,425000000,0,12300,19
1778960864497965289,bench_django,34.12,133064294,2147483648,6.20,76000000,419000000,0,0,9
1778960864497965289,bench_pgbouncer,0.50,2436890,33651068764,0.01,658000000,639000000,0,8190,1
1778960864497965289,bench_postgres,4.45,80992010,4294967296,1.89,343000000,326000000,532000,1670000000,10
1778960867873838094,bench_apache,9.23,166618726,2147483648,7.76,146000000,886000000,0,41300000,28
1778960867873838094,bench_nginx,0.02,192413696,2147483648,8.96,69500000,425000000,0,12300,19
1778960867873838094,bench_django,0.04,132959436,2147483648,6.19,76000000,419000000,0,0,9
1778960867873838094,bench_pgbouncer,0.62,2466250,33651068764,0.01,658000000,639000000,0,8190,1
1778960867873838094,bench_postgres,0.81,80593551,4294967296,1.88,343000000,326000000,532000,1670000000,10
1778960871272873743,bench_apache,7.68,166933299,2147483648,7.77,146000000,886000000,0,41300000,28
1778960871272873743,bench_nginx,0.02,192413696,2147483648,8.96,69500000,425000000,0,12300,19
1778960871272873743,bench_django,0.03,132854579,2147483648,6.19,76000000,419000000,0,0,9
1778960871272873743,bench_pgbouncer,0.41,1966080,33651068764,0.01,658000000,639000000,0,8190,1
1778960871272873743,bench_postgres,4.21,81212211,4294967296,1.89,343000000,326000000,532000,1670000000,10
1778960874673347053,bench_apache,5.82,166409011,2147483648,7.75,146000000,887000000,0,41300000,28
1778960874673347053,bench_nginx,0.02,192413696,2147483648,8.96,69500000,425000000,0,12300,19
1778960874673347053,bench_django,0.04,132854579,2147483648,6.19,76000000,419000000,0,0,9
1778960874673347053,bench_pgbouncer,0.35,2318401,33651068764,0.01,658000000,639000000,0,8190,1
1778960874673347053,bench_postgres,1.03,80761323,4294967296,1.88,343000000,326000000,532000,1670000000,10
1778960878071732103,bench_apache,8.36,166723584,2147483648,7.76,146000000,887000000,0,41300000,28
1778960878071732103,bench_nginx,0.02,192413696,2147483648,8.96,69500000,425000000,0,12300,19
1778960878071732103,bench_django,0.04,132854579,2147483648,6.19,76000000,419000000,0,0,9
1778960878071732103,bench_pgbouncer,0.55,2486173,33651068764,0.01,658000000,639000000,0,8190,1
1778960878071732103,bench_postgres,0.78,80782295,4294967296,1.88,343000000,326000000,532000,1670000000,10
1778960881463388141,bench_apache,7.40,166828441,2147483648,7.77,146000000,887000000,0,41400000,28
1778960881463388141,bench_nginx,0.01,192413696,2147483648,8.96,69500000,425000000,0,12300,19
1778960881463388141,bench_django,0.04,132854579,2147483648,6.19,76000000,419000000,0,0,9
1778960881463388141,bench_pgbouncer,0.36,2707423,33651068764,0.01,658000000,639000000,0,8190,1
1778960881463388141,bench_postgres,3.86,81338040,4294967296,1.89,343000000,326000000,532000,1670000000,10
1778960884860899245,bench_apache,7.21,166618726,2147483648,7.76,146000000,888000000,0,41400000,28
1778960884860899245,bench_nginx,0.02,192413696,2147483648,8.96,69500000,425000000,0,12300,19
1778960884860899245,bench_django,0.04,132854579,2147483648,6.19,76000000,419000000,0,0,9
1778960884860899245,bench_pgbouncer,0.35,2363490,33651068764,0.01,658000000,639000000,0,8190,1
1778960884860899245,bench_postgres,1.00,80383836,4294967296,1.87,343000000,327000000,532000,1670000000,10
1778960888254373803,bench_apache,6.82,168611020,2147483648,7.85,147000000,888000000,0,41400000,29
1778960888254373803,bench_nginx,0.02,192413696,2147483648,8.96,69500000,425000000,0,12300,19
1778960888254373803,bench_django,0.04,132854579,2147483648,6.19,76000000,419000000,0,0,9
1778960888254373803,bench_pgbouncer,0.44,2219835,33651068764,0.01,658000000,639000000,0,8190,1
1778960888254373803,bench_postgres,0.83,81044439,4294967296,1.89,343000000,327000000,532000,1670000000,10
1778960891650595280,bench_apache,6.92,168506163,2147483648,7.85,147000000,888000000,0,41400000,29
1778960891650595280,bench_nginx,0.02,192413696,2147483648,8.96,69500000,425000000,0,12300,19
1778960891650595280,bench_django,0.04,132854579,2147483648,6.19,76000000,419000000,0,0,9
1778960891650595280,bench_pgbouncer,0.41,2507145,33651068764,0.01,658000000,639000000,0,8190,1
1778960891650595280,bench_postgres,0.69,80981524,4294967296,1.89,343000000,327000000,532000,1670000000,10
1778960895051748189,bench_apache,6.15,167038156,2147483648,7.78,147000000,888000000,0,41400000,28
1778960895051748189,bench_nginx,0.01,192413696,2147483648,8.96,69500000,425000000,0,12300,19
1778960895051748189,bench_django,27.02,133064294,2147483648,6.20,76000000,419000000,0,0,9
1778960895051748189,bench_pgbouncer,0.30,2469396,33651068764,0.01,658000000,639000000,0,8190,1
1778960895051748189,bench_postgres,0.80,80971038,4294967296,1.89,343000000,327000000,532000,1670000000,10
1778960898438546232,bench_apache,6.81,166723584,2147483648,7.76,147000000,889000000,0,41400000,28
1778960898438546232,bench_nginx,0.02,192413696,2147483648,8.96,69500000,425000000,0,12300,19
1778960898438546232,bench_django,0.06,132854579,2147483648,6.19,76000000,419000000,0,0,9
1778960898438546232,bench_pgbouncer,0.43,2481979,33651068764,0.01,658000000,639000000,0,8190,1
1778960898438546232,bench_postgres,1.00,80929095,4294967296,1.88,343000000,327000000,532000,1670000000,10
1778960901838402855,bench_apache,5.85,166723584,2147483648,7.76,147000000,889000000,0,41400000,28
1778960901838402855,bench_nginx,0.02,192413696,2147483648,8.96,69500000,425000000,0,12300,19
1778960901838402855,bench_django,0.04,132854579,2147483648,6.19,76000000,419000000,0,0,9
1778960901838402855,bench_pgbouncer,0.42,2224029,33651068764,0.01,659000000,640000000,0,8190,1
1778960901838402855,bench_postgres,0.75,80530636,4294967296,1.87,343000000,327000000,532000,1670000000,10
1778960905249817568,bench_apache,6.72,166933299,2147483648,7.78,147000000,889000000,0,41400000,28
1778960905249817568,bench_nginx,0.02,192413696,2147483648,8.96,69500000,425000000,0,12300,19
1778960905249817568,bench_django,0.04,132854579,2147483648,6.19,76000000,419000000,0,0,9
1778960905249817568,bench_pgbouncer,0.40,2395996,33651068764,0.01,659000000,640000000,0,8190,1
1778960905249817568,bench_postgres,0.89,81075896,4294967296,1.89,343000000,327000000,532000,1670000000,10
1778960908641432380,bench_apache,7.31,166409011,2147483648,7.75,147000000,890000000,0,41400000,28
1778960908641432380,bench_nginx,0.02,192413696,2147483648,8.96,69500000,425000000,0,12300,19
1778960908641432380,bench_django,0.03,132854579,2147483648,6.19,76000000,419000000,0,0,9
1778960908641432380,bench_pgbouncer,0.50,2285895,33651068764,0.01,659000000,640000000,0,8190,1
1778960908641432380,bench_postgres,0.73,81505812,4294967296,1.90,343000000,327000000,532000,1670000000,10
1778960912031170377,bench_apache,5.41,166618726,2147483648,7.76,147000000,890000000,0,41400000,28
1778960912031170377,bench_nginx,0.02,192413696,2147483648,8.96,69500000,425000000,0,12300,19
1778960912031170377,bench_django,0.04,132854579,2147483648,6.19,76000000,419000000,0,0,9
1778960912031170377,bench_pgbouncer,0.34,2297430,33651068764,0.01,659000000,640000000,0,8190,1
1778960912031170377,bench_postgres,0.58,81338040,4294967296,1.89,343000000,327000000,532000,1670000000,10
1778960915431667746,bench_apache,9.71,166723584,2147483648,7.76,147000000,890000000,0,41400000,28
1778960915431667746,bench_nginx,0.02,192413696,2147483648,8.96,69500000,425000000,0,12300,19
1778960915431667746,bench_django,0.04,132854579,2147483648,6.19,76000000,419000000,0,0,9
1778960915431667746,bench_pgbouncer,0.68,2421161,33651068764,0.01,659000000,640000000,0,8190,1
1778960915431667746,bench_postgres,4.88,81138810,4294967296,1.89,343000000,327000000,532000,1670000000,10
1778960918853735671,bench_apache,8.81,166618726,2147483648,7.76,147000000,891000000,0,41400000,28
1778960918853735671,bench_nginx,0.02,192413696,2147483648,8.96,69500000,425000000,0,12300,19
1778960918853735671,bench_django,0.04,132854579,2147483648,6.19,76000000,419000000,0,0,9
1778960918853735671,bench_pgbouncer,0.63,2416967,33651068764,0.01,659000000,640000000,0,8190,1
1778960918853735671,bench_postgres,1.72,80876666,4294967296,1.88,343000000,327000000,532000,1670000000,10
1778960922253993397,bench_apache,7.92,166828441,2147483648,7.77,147000000,891000000,0,41400000,28
1778960922253993397,bench_nginx,0.02,192413696,2147483648,8.96,69500000,425000000,0,12300,19
1778960922253993397,bench_django,0.04,132854579,2147483648,6.19,76000000,419000000,0,0,9
1778960922253993397,bench_pgbouncer,0.59,2187329,33651068764,0.01,659000000,640000000,0,8190,1
1778960922253993397,bench_postgres,1.20,81002496,4294967296,1.89,343000000,327000000,532000,1670000000,10
1778960925641726646,bench_apache,12.45,168611020,2147483648,7.85,147000000,891000000,0,41400000,29
1778960925641726646,bench_nginx,0.02,192413696,2147483648,8.96,69500000,425000000,0,12300,19
1778960925641726646,bench_django,5.05,133274009,2147483648,6.21,76000000,419000000,0,0,9
1778960925641726646,bench_pgbouncer,0.63,2498756,33651068764,0.01,659000000,640000000,0,8190,1
1778960925641726646,bench_postgres,1.42,81369497,4294967296,1.89,343000000,327000000,532000,1670000000,10
1778960929047365696,bench_apache,6.71,168506163,2147483648,7.85,147000000,892000000,0,41400000,29
1778960929047365696,bench_nginx,0.02,192413696,2147483648,8.96,69500000,425000000,0,12300,19
1778960929047365696,bench_django,0.04,132854579,2147483648,6.19,76000000,419000000,0,0,9
1778960929047365696,bench_pgbouncer,0.34,2556428,33651068764,0.01,659000000,640000000,0,8190,1
1778960929047365696,bench_postgres,1.10,80960552,4294967296,1.89,343000000,327000000,532000,1670000000,10
1778960932487624415,bench_apache,6.99,168611020,2147483648,7.85,147000000,892000000,0,41400000,29
1778960932487624415,bench_nginx,0.01,192413696,2147483648,8.96,69500000,425000000,0,12300,19
1778960932487624415,bench_django,0.04,132854579,2147483648,6.19,76000000,419000000,0,0,9
1778960932487624415,bench_pgbouncer,0.38,2376073,33651068764,0.01,659000000,640000000,0,8190,1
1778960932487624415,bench_postgres,0.96,81516298,4294967296,1.90,343000000,327000000,532000,1670000000,10
1778960935881986233,bench_apache,7.70,166618726,2147483648,7.76,147000000,892000000,0,41400000,28
1778960935881986233,bench_nginx,0.02,192413696,2147483648,8.96,69500000,425000000,0,12300,19
1778960935881986233,bench_django,0.04,132854579,2147483648,6.19,76000000,419000000,0,0,9
1778960935881986233,bench_pgbouncer,0.48,2294284,33651068764,0.01,659000000,640000000,0,8190,1
1778960935881986233,bench_postgres,0.62,81474355,4294967296,1.90,343000000,327000000,532000,1670000000,10
1778960939283065796,bench_apache,9.28,166513868,2147483648,7.75,147000000,892000000,0,41400000,28
1778960939283065796,bench_nginx,0.02,192413696,2147483648,8.96,69500000,425000000,0,12300,19
1778960939283065796,bench_django,0.04,132854579,2147483648,6.19,76000000,419000000,0,0,9
1778960939283065796,bench_pgbouncer,0.57,2322595,33651068764,0.01,659000000,640000000,0,8190,1
1778960939283065796,bench_postgres,1.27,81379983,4294967296,1.89,344000000,327000000,532000,1670000000,10
1778960942688143709,bench_apache,8.65,166618726,2147483648,7.76,147000000,893000000,0,41500000,28
1778960942688143709,bench_nginx,0.01,192413696,2147483648,8.96,69500000,425000000,0,12300,19
1778960942688143709,bench_django,0.03,132854579,2147483648,6.19,76000000,419000000,0,0,9
1778960942688143709,bench_pgbouncer,0.56,2457862,33651068764,0.01,660000000,640000000,0,8190,1
1778960942688143709,bench_postgres,0.82,80939581,4294967296,1.88,344000000,327000000,532000,1670000000,10
1778960946064136841,bench_apache,6.74,166513868,2147483648,7.76,147000000,893000000,0,41500000,28
1778960946064136841,bench_nginx,0.02,192413696,2147483648,8.96,69500000,425000000,0,12300,19
1778960946064136841,bench_django,0.03,132854579,2147483648,6.19,76000000,419000000,0,0,9
1778960946064136841,bench_pgbouncer,0.37,2391801,33651068764,0.01,660000000,641000000,0,8190,1
1778960946064136841,bench_postgres,1.04,81317068,4294967296,1.89,344000000,327000000,532000,1670000000,10
1778960949452784823,bench_apache,7.76,166723584,2147483648,7.77,148000000,893000000,0,41500000,28
1778960949452784823,bench_nginx,0.02,192413696,2147483648,8.96,69500000,425000000,0,12300,19
1778960949452784823,bench_django,0.04,132854579,2147483648,6.19,76000000,419000000,0,0,9
1778960949452784823,bench_pgbouncer,0.58,2297430,33651068764,0.01,660000000,641000000,0,8190,1
1778960949452784823,bench_postgres,1.04,80813752,4294967296,1.88,344000000,327000000,532000,1670000000,10
1778960952852457329,bench_apache,6.53,166513868,2147483648,7.75,148000000,894000000,0,41500000,28
1778960952852457329,bench_nginx,0.03,192413696,2147483648,8.96,69500000,425000000,0,12300,19
1778960952852457329,bench_django,0.03,132854579,2147483648,6.19,76000000,419000000,0,0,9
1778960952852457329,bench_pgbouncer,0.45,2277507,33651068764,0.01,660000000,641000000,0,8190,1
1778960952852457329,bench_postgres,0.72,80908124,4294967296,1.88,344000000,327000000,532000,1670000000,10
1778960956253365440,bench_apache,6.96,166828441,2147483648,7.77,148000000,894000000,0,41500000,28
1778960956253365440,bench_nginx,0.01,192413696,2147483648,8.96,69500000,425000000,0,12300,19
1778960956253365440,bench_django,0.04,133378867,2147483648,6.21,76000000,419000000,0,0,9
1778960956253365440,bench_pgbouncer,0.37,2462056,33651068764,0.01,660000000,641000000,0,8190,1
1778960956253365440,bench_postgres,0.87,81474355,4294967296,1.90,344000000,327000000,532000,1670000000,10
1778960959641293406,bench_apache,6.04,167038156,2147483648,7.78,148000000,894000000,0,41500000,28
1778960959641293406,bench_nginx,0.02,192413696,2147483648,8.96,69500000,425000000,0,12300,19
1778960959641293406,bench_django,0.04,133169152,2147483648,6.20,76000000,419000000,0,0,9
1778960959641293406,bench_pgbouncer,0.34,2355101,33651068764,0.01,660000000,641000000,0,8190,1
1778960959641293406,bench_postgres,1.28,81631641,4294967296,1.90,344000000,327000000,532000,1670000000,10
1778960963043721167,bench_apache,7.94,166723584,2147483648,7.76,148000000,895000000,0,41500000,28
1778960963043721167,bench_nginx,0.02,192413696,2147483648,8.96,69500000,425000000,0,12300,19
1778960963043721167,bench_django,0.05,132854579,2147483648,6.19,76000000,419000000,0,0,9
1778960963043721167,bench_pgbouncer,0.71,2285895,33651068764,0.01,660000000,641000000,0,8190,1
1778960963043721167,bench_postgres,1.15,81086382,4294967296,1.89,344000000,327000000,532000,1670000000,10
1778960966443706554,bench_apache,7.95,168401305,2147483648,7.84,148000000,895000000,0,41500000,29
1778960966443706554,bench_nginx,0.02,192413696,2147483648,8.96,69500000,425000000,0,12300,19
1778960966443706554,bench_django,0.05,132854579,2147483648,6.19,76000000,419000000,0,0,9
1778960966443706554,bench_pgbouncer,0.52,2371878,33651068764,0.01,660000000,641000000,0,8190,1
1778960966443706554,bench_postgres,0.97,81474355,4294967296,1.90,344000000,327000000,532000,1670000000,10
1778960969831445335,bench_apache,5.89,168611020,2147483648,7.85,148000000,895000000,0,41500000,29
1778960969831445335,bench_nginx,0.02,192413696,2147483648,8.96,69500000,425000000,0,12300,19
1778960969831445335,bench_django,0.04,132854579,2147483648,6.19,76000000,419000000,0,0,9
1778960969831445335,bench_pgbouncer,0.34,2350907,33651068764,0.01,660000000,641000000,0,8190,1
1778960969831445335,bench_postgres,0.88,81338040,4294967296,1.89,344000000,327000000,532000,1670000000,10
1778960973232510506,bench_apache,6.20,168506163,2147483648,7.85,148000000,895000000,0,41600000,29
1778960973232510506,bench_nginx,0.02,192413696,2147483648,8.96,69500000,425000000,0,12300,19
1778960973232510506,bench_django,0.04,132854579,2147483648,6.19,76000000,419000000,0,0,9
1778960973232510506,bench_pgbouncer,0.39,2404384,33651068764,0.01,660000000,641000000,0,8190,1
1778960973232510506,bench_postgres,0.61,81170268,4294967296,1.89,344000000,327000000,532000,1670000000,10
1778960976622706913,bench_apache,6.62,166723584,2147483648,7.76,148000000,896000000,0,41600000,28
1778960976622706913,bench_nginx,0.02,192413696,2147483648,8.96,69500000,425000000,0,12300,19
1778960976622706913,bench_django,0.04,132854579,2147483648,6.19,76000000,419000000,0,0,9
1778960976622706913,bench_pgbouncer,0.42,2326790,33651068764,0.01,660000000,641000000,0,8190,1
1778960976622706913,bench_postgres,4.94,81138810,4294967296,1.89,344000000,327000000,532000,1670000000,10
1778960980028797323,bench_apache,6.09,166304153,2147483648,7.74,148000000,896000000,0,41600000,28
1778960980028797323,bench_nginx,0.02,192413696,2147483648,8.96,69500000,425000000,0,12300,19
1778960980028797323,bench_django,0.03,132854579,2147483648,6.19,76000000,419000000,0,0,9
1778960980028797323,bench_pgbouncer,0.36,2027945,33651068764,0.01,660000000,641000000,0,8190,1
1778960980028797323,bench_postgres,0.72,81432412,4294967296,1.90,344000000,328000000,532000,1670000000,10
1778960983433727656,bench_apache,6.71,166618726,2147483648,7.76,148000000,896000000,0,41600000,28
1778960983433727656,bench_nginx,0.02,192413696,2147483648,8.96,69500000,425000000,0,12300,19
1778960983433727656,bench_django,0.04,132854579,2147483648,6.19,76000000,419000000,0,0,9
1778960983433727656,bench_pgbouncer,0.59,2428502,33651068764,0.01,660000000,641000000,0,8190,1
1778960983433727656,bench_postgres,1.22,80887152,4294967296,1.88,344000000,328000000,532000,1670000000,10
1778960986818799555,bench_apache,5.43,167247872,2147483648,7.79,148000000,897000000,0,41600000,28
1778960986818799555,bench_nginx,0.02,192413696,2147483648,8.96,69500000,425000000,0,12300,19
1778960986818799555,bench_django,0.05,132959436,2147483648,6.19,76000000,419000000,0,0,9
1778960986818799555,bench_pgbouncer,0.27,2380267,33651068764,0.01,660000000,641000000,0,8190,1
1778960986818799555,bench_postgres,0.55,81170268,4294967296,1.89,344000000,328000000,532000,1670000000,10
1778960990230593468,bench_apache,6.61,166618726,2147483648,7.76,148000000,897000000,0,41600000,28
1778960990230593468,bench_nginx,0.02,192413696,2147483648,8.96,69500000,425000000,0,12300,19
1778960990230593468,bench_django,0.04,132854579,2147483648,6.19,76000000,419000000,0,0,9
1778960990230593468,bench_pgbouncer,0.44,2514485,33651068764,0.01,661000000,641000000,0,8190,1
1778960990230593468,bench_postgres,0.92,81222696,4294967296,1.89,344000000,328000000,532000,1670000000,10
1778960993639360890,bench_apache,6.38,166828441,2147483648,7.77,148000000,897000000,0,41600000,28
1778960993639360890,bench_nginx,3.74,192728268,2147483648,8.98,69500000,425000000,0,12300,19
1778960993639360890,bench_django,0.05,132854579,2147483648,6.19,76000000,419000000,0,0,9
1778960993639360890,bench_pgbouncer,0.45,2466250,33651068764,0.01,661000000,642000000,0,8190,1
1778960993639360890,bench_postgres,0.97,81075896,4294967296,1.89,344000000,328000000,532000,1680000000,10
1778960997026097516,bench_apache,9.15,166304153,2147483648,7.75,148000000,897000000,0,41600000,28
1778960997026097516,bench_nginx,0.02,192413696,2147483648,8.96,69500000,425000000,0,12300,19
1778960997026097516,bench_django,0.04,132854579,2147483648,6.19,76000000,419000000,0,0,9
1778960997026097516,bench_pgbouncer,0.61,2518679,33651068764,0.01,661000000,642000000,0,8190,1
1778960997026097516,bench_postgres,4.53,80782295,4294967296,1.88,344000000,328000000,532000,1680000000,10
1778961000450844813,bench_apache,5.94,166513868,2147483648,7.76,148000000,898000000,0,41600000,28
1778961000450844813,bench_nginx,0.02,192413696,2147483648,8.96,69500000,425000000,0,12300,19
1778961000450844813,bench_django,0.04,132854579,2147483648,6.19,76000000,419000000,0,0,9
1778961000450844813,bench_pgbouncer,0.38,2269118,33651068764,0.01,661000000,642000000,0,8190,1
1778961000450844813,bench_postgres,1.13,79209431,4294967296,1.84,344000000,328000000,532000,1680000000,9
1778961003837751785,bench_apache,6.68,166409011,2147483648,7.75,148000000,898000000,0,41700000,28
1778961003837751785,bench_nginx,0.02,192413696,2147483648,8.96,69500000,425000000,0,12300,19
1778961003837751785,bench_django,0.04,132854579,2147483648,6.19,76000000,419000000,0,0,9
1778961003837751785,bench_pgbouncer,0.45,2260729,33651068764,0.01,661000000,642000000,0,8190,1
1778961003837751785,bench_postgres,0.66,79429632,4294967296,1.85,344000000,328000000,532000,1680000000,9
1778961007240195795,bench_apache,6.73,168296448,2147483648,7.84,148000000,898000000,0,41700000,29
1778961007240195795,bench_nginx,0.02,192413696,2147483648,8.96,69500000,425000000,0,12300,19
1778961007240195795,bench_django,0.03,132854579,2147483648,6.19,76000000,419000000,0,0,9
1778961007240195795,bench_pgbouncer,0.41,2380267,33651068764,0.01,661000000,642000000,0,8190,1
1778961007240195795,bench_postgres,4.16,80184606,4294967296,1.87,344000000,328000000,532000,1680000000,9
1778961010631720185,bench_apache,8.28,168296448,2147483648,7.84,148000000,898000000,0,41700000,29
1778961010631720185,bench_nginx,0.02,192413696,2147483648,8.96,69500000,425000000,0,12300,19
1778961010631720185,bench_django,0.04,132854579,2147483648,6.19,76000000,419000000,0,0,9
1778961010631720185,bench_pgbouncer,0.44,2338324,33651068764,0.01,661000000,642000000,0,8190,1
1778961010631720185,bench_postgres,0.87,79859548,4294967296,1.86,344000000,328000000,532000,1680000000,9
1778961014021283291,bench_apache,7.68,168820736,2147483648,7.86,149000000,899000000,0,41700000,29
1778961014021283291,bench_nginx,0.02,192413696,2147483648,8.96,69500000,425000000,0,12300,19
1778961014021283291,bench_django,0.03,132854579,2147483648,6.19,76000000,419000000,0,0,9
1778961014021283291,bench_pgbouncer,0.47,2204106,33651068764,0.01,661000000,642000000,0,8190,1
1778961014021283291,bench_postgres,0.78,80184606,4294967296,1.87,344000000,328000000,532000,1680000000,9
1778961017424241401,bench_apache,5.29,166513868,2147483648,7.75,149000000,899000000,0,41700000,28
1778961017424241401,bench_nginx,0.02,192413696,2147483648,8.96,69500000,425000000,0,12300,19
1778961017424241401,bench_django,0.05,133064294,2147483648,6.19,76000000,419000000,0,0,9
1778961017424241401,bench_pgbouncer,0.39,2207252,33651068764,0.01,661000000,642000000,0,8190,1
1778961017424241401,bench_postgres,4.25,79691776,4294967296,1.86,344000000,328000000,532000,1680000000,9
1778961020805876221,bench_apache,6.86,166618726,2147483648,7.76,149000000,899000000,0,41700000,28
1778961020805876221,bench_nginx,0.02,192413696,2147483648,8.96,69500000,425000000,0,12300,19
1778961020805876221,bench_django,0.04,132854579,2147483648,6.19,76000000,419000000,0,0,9
1778961020805876221,bench_pgbouncer,0.53,2154823,33651068764,0.01,661000000,642000000,0,8190,1
1778961020805876221,bench_postgres,0.75,79723233,4294967296,1.86,344000000,328000000,532000,1680000000,9
1778961024214245375,bench_apache,5.55,167143014,2147483648,7.78,149000000,900000000,0,41700000,28
1778961024214245375,bench_nginx,3.64,192728268,2147483648,8.98,69500000,425000000,0,12300,19
1778961024214245375,bench_django,0.04,132854579,2147483648,6.19,76000000,419000000,0,0,9
1778961024214245375,bench_pgbouncer,0.38,2154823,33651068764,0.01,661000000,642000000,0,8190,1
1778961024214245375,bench_postgres,0.81,79461089,4294967296,1.85,344000000,328000000,532000,1680000000,9
1778961027603774221,bench_apache,6.16,166618726,2147483648,7.76,149000000,900000000,0,41700000,28
1778961027603774221,bench_nginx,0.03,192413696,2147483648,8.96,69500000,425000000,0,12300,19
1778961027603774221,bench_django,0.04,132854579,2147483648,6.19,76000000,419000000,0,0,9
1778961027603774221,bench_pgbouncer,0.44,2552233,33651068764,0.01,661000000,642000000,0,8190,1
1778961027603774221,bench_postgres,0.88,79398174,4294967296,1.85,345000000,328000000,532000,1680000000,9
1778961030994878933,bench_apache,7.07,166513868,2147483648,7.76,149000000,900000000,0,41700000,28
1778961030994878933,bench_nginx,0.01,192413696,2147483648,8.96,69500000,425000000,0,12300,19
1778961030994878933,bench_django,0.04,132854579,2147483648,6.19,76000000,419000000,0,0,9
1778961030994878933,bench_pgbouncer,0.40,2658140,33651068764,0.01,661000000,642000000,0,8190,1
1778961030994878933,bench_postgres,0.86,79272345,4294967296,1.85,345000000,328000000,532000,1680000000,9
1778961034402150636,bench_apache,6.01,166513868,2147483648,7.76,149000000,900000000,0,41800000,28
1778961034402150636,bench_nginx,0.02,192413696,2147483648,8.96,69500000,425000000,0,12300,19
1778961034402150636,bench_django,0.04,132854579,2147483648,6.19,76000000,419000000,0,0,9
1778961034402150636,bench_pgbouncer,0.44,2318401,33651068764,0.01,661000000,642000000,0,8190,1
1778961034402150636,bench_postgres,0.83,79618375,4294967296,1.85,345000000,328000000,532000,1680000000,9
1778961037794529716,bench_apache,7.99,166618726,2147483648,7.76,149000000,901000000,0,41800000,28
1778961037794529716,bench_nginx,0.01,192413696,2147483648,8.96,69500000,425000000,0,12300,19
1778961037794529716,bench_django,0.05,132854579,2147483648,6.19,76000000,419000000,0,0,9
1778961037794529716,bench_pgbouncer,0.39,2412773,33651068764,0.01,662000000,642000000,0,8190,1
1778961037794529716,bench_postgres,1.64,80079749,4294967296,1.86,345000000,328000000,532000,1680000000,9
1778961041177869863,bench_apache,7.76,166513868,2147483648,7.75,149000000,901000000,0,41800000,28
1778961041177869863,bench_nginx,0.01,192413696,2147483648,8.96,69500000,425000000,0,12300,19
1778961041177869863,bench_django,0.05,132854579,2147483648,6.19,76000000,419000000,0,0,9
1778961041177869863,bench_pgbouncer,0.69,2421161,33651068764,0.01,662000000,643000000,0,8190,1
1778961041177869863,bench_postgres,1.21,79555461,4294967296,1.85,345000000,328000000,532000,1680000000,9
1778961044590118477,bench_apache,6.13,167352729,2147483648,7.79,149000000,901000000,0,41800000,28
1778961044590118477,bench_nginx,0.02,192413696,2147483648,8.96,69500000,425000000,0,12300,19
1778961044590118477,bench_django,0.04,132854579,2147483648,6.19,76000000,419000000,0,0,9
1778961044590118477,bench_pgbouncer,0.48,2310012,33651068764,0.01,662000000,643000000,0,8190,1
1778961044590118477,bench_postgres,0.97,79670804,4294967296,1.85,345000000,328000000,532000,1680000000,9
1778961047998015799,bench_apache,6.55,168506163,2147483648,7.85,149000000,902000000,0,41800000,29
1778961047998015799,bench_nginx,0.02,192413696,2147483648,8.96,69500000,425000000,0,12300,19
1778961047998015799,bench_django,17.84,133169152,2147483648,6.20,76000000,419000000,0,0,9
1778961047998015799,bench_pgbouncer,0.44,2118123,33651068764,0.01,662000000,643000000,0,8190,1
1778961047998015799,bench_postgres,0.96,79723233,4294967296,1.86,345000000,328000000,532000,1690000000,9
1778961051418399441,bench_apache,7.30,168401305,2147483648,7.84,149000000,902000000,0,41800000,29
1778961051418399441,bench_nginx,0.02,192413696,2147483648,8.96,69500000,425000000,0,12300,19
1778961051418399441,bench_django,0.04,133169152,2147483648,6.20,76000000,419000000,0,0,9
1778961051418399441,bench_pgbouncer,0.46,2178940,33651068764,0.01,662000000,643000000,0,8190,1
1778961051418399441,bench_postgres,0.92,79974891,4294967296,1.86,345000000,328000000,532000,1690000000,9
1778961054818717821,bench_apache,6.62,168506163,2147483648,7.85,149000000,902000000,0,41800000,29
1778961054818717821,bench_nginx,0.02,192623411,2147483648,8.97,69500000,425000000,0,12300,19
1778961054818717821,bench_django,0.05,132854579,2147483648,6.19,76000000,419000000,0,0,9
1778961054818717821,bench_pgbouncer,0.35,2359296,33651068764,0.01,662000000,643000000,0,8190,1
1778961054818717821,bench_postgres,0.67,79586918,4294967296,1.85,345000000,328000000,532000,1690000000,9
1778961058235666765,bench_apache,4.98,166513868,2147483648,7.76,149000000,902000000,0,41800000,28
1778961058235666765,bench_nginx,0.02,192413696,2147483648,8.96,69500000,425000000,0,12300,19
1778961058235666765,bench_django,0.05,132854579,2147483648,6.19,76000000,419000000,0,0,9
1778961058235666765,bench_pgbouncer,0.34,2600468,33651068764,0.01,662000000,643000000,0,8190,1
1778961058235666765,bench_postgres,4.54,79754690,4294967296,1.86,345000000,328000000,532000,1690000000,9
1778961061645101228,bench_apache,6.08,166723584,2147483648,7.76,149000000,903000000,0,41800000,28
1778961061645101228,bench_nginx,0.02,192413696,2147483648,8.96,69500000,425000000,0,12300,19
1778961061645101228,bench_django,0.04,132854579,2147483648,6.19,76000000,419000000,0,0,9
1778961061645101228,bench_pgbouncer,0.37,2068840,33651068764,0.01,662000000,643000000,0,8190,1
1778961061645101228,bench_postgres,4.16,79985377,4294967296,1.86,345000000,328000000,532000,1690000000,9
1778961065041269634,bench_apache,5.63,166933299,2147483648,7.77,149000000,903000000,0,41900000,28
1778961065041269634,bench_nginx,0.02,192413696,2147483648,8.96,69500000,425000000,0,12300,19
1778961065041269634,bench_django,0.04,132854579,2147483648,6.19,76000000,419000000,0,0,9
1778961065041269634,bench_pgbouncer,0.35,2400190,33651068764,0.01,662000000,643000000,0,8190,1
1778961065041269634,bench_postgres,1.34,79576432,4294967296,1.85,345000000,328000000,532000,1690000000,9
1778961068444607050,bench_apache,6.20,166304153,2147483648,7.75,149000000,903000000,0,41900000,28
1778961068444607050,bench_nginx,0.01,192413696,2147483648,8.96,69500000,425000000,0,12300,19
1778961068444607050,bench_django,0.03,132854579,2147483648,6.19,76000000,419000000,0,0,9
1778961068444607050,bench_pgbouncer,0.48,2260729,33651068764,0.01,662000000,643000000,0,8190,1
1778961068444607050,bench_postgres,4.42,79565946,4294967296,1.85,345000000,328000000,532000,1690000000,9
1778961071832125505,bench_apache,0.01,166618726,2147483648,7.76,149000000,903000000,0,41900000,28
1778961071832125505,bench_nginx,0.02,192413696,2147483648,8.96,69500000,425000000,0,12300,19
1778961071832125505,bench_django,0.04,132854579,2147483648,6.19,76000000,419000000,0,0,9
1778961071832125505,bench_pgbouncer,0.02,2481979,33651068764,0.01,662000000,643000000,0,8190,1
1778961071832125505,bench_postgres,0.56,79377203,4294967296,1.85,345000000,328000000,532000,1690000000,9
1778961075206527447,bench_apache,0.02,166618726,2147483648,7.76,149000000,903000000,0,41900000,28
1778961075206527447,bench_nginx,0.02,192413696,2147483648,8.96,69500000,425000000,0,12300,19
1778961075206527447,bench_django,0.04,132854579,2147483648,6.19,76000000,419000000,0,0,9
1778961075206527447,bench_pgbouncer,0.01,2412773,33651068764,0.01,662000000,643000000,0,8190,1
1778961075206527447,bench_postgres,0.07,79167488,4294967296,1.84,345000000,328000000,532000,1690000000,9
1778961078592017323,bench_apache,0.02,166304153,2147483648,7.74,149000000,903000000,0,41900000,28
1778961078592017323,bench_nginx,0.02,192413696,2147483648,8.96,69500000,425000000,0,12300,19
1778961078592017323,bench_django,0.05,133169152,2147483648,6.20,76000000,419000000,0,0,9
1778961078592017323,bench_pgbouncer,0.01,2174746,33651068764,0.01,662000000,643000000,0,8190,1
1778961078592017323,bench_postgres,0.71,79786147,4294967296,1.86,345000000,328000000,532000,1690000000,9
1778961081977652171,bench_apache,0.02,166199296,2147483648,7.74,149000000,903000000,0,41900000,28
1778961081977652171,bench_nginx,0.03,192413696,2147483648,8.96,69500000,425000000,0,12300,19
1778961081977652171,bench_django,0.04,133169152,2147483648,6.20,76000000,419000000,0,0,9
1778961081977652171,bench_pgbouncer,0.01,1929379,33651068764,0.01,662000000,643000000,0,8190,1
1778961081977652171,bench_postgres,0.08,79670804,4294967296,1.85,345000000,328000000,532000,1690000000,9
1778961085385061216,bench_apache,154.34,172281036,2147483648,8.02,150000000,905000000,0,41900000,29
1778961085385061216,bench_nginx,0.02,192728268,2147483648,8.97,69500000,425000000,0,12300,19
1778961085385061216,bench_django,0.03,132854579,2147483648,6.19,76000000,419000000,0,0,9
1778961085385061216,bench_pgbouncer,7.73,2871001,33651068764,0.01,663000000,644000000,0,8190,1
1778961085385061216,bench_postgres,0.09,80037806,4294967296,1.86,345000000,328000000,532000,1690000000,9
1778961088797519006,bench_apache,0.02,160012697,2147483648,7.45,150000000,908000000,0,41900000,22
1778961088797519006,bench_nginx,0.02,192413696,2147483648,8.96,69500000,425000000,0,12300,19
1778961088797519006,bench_django,0.05,132854579,2147483648,6.19,76000000,419000000,0,0,9
1778961088797519006,bench_pgbouncer,0.01,2535456,33651068764,0.01,663000000,644000000,0,8190,1
1778961088797519006,bench_postgres,0.10,86832578,4294967296,2.02,345000000,329000000,532000,1690000000,13
1778961092214908734,bench_apache,0.01,159593267,2147483648,7.43,150000000,908000000,0,41900000,22
1778961092214908734,bench_nginx,0.02,192413696,2147483648,8.96,69500000,425000000,0,12300,19
1778961092214908734,bench_django,0.05,132854579,2147483648,6.19,76000000,419000000,0,0,9
1778961092214908734,bench_pgbouncer,0.01,2290089,33651068764,0.01,663000000,644000000,0,8190,1
1778961092214908734,bench_postgres,3.49,87598039,4294967296,2.04,345000000,329000000,532000,1690000000,13
