Category,Relative_Path,Filename,Extension,Size_Bytes,Last_Write_Time,Readable,SHA256,Error,Platform,Scenario,Replication,Run_ID,Raw_Kind
RAW_BENCHMARK_FILE,data\raw\raw data excel\01_apache_modwsgi__A_browse__rep01.csv,01_apache_modwsgi__A_browse__rep01.csv,.csv,94288554,2026-05-16T22:51:32.341890,True,80821cb9ef11ff4139ae90dfb4df903b1cd7d948f464449ff333af3aef82abc8,,01_apache_modwsgi,A_browse,1,01_apache_modwsgi__A_browse__rep01,tabular
RAW_BENCHMARK_FILE,data\raw\raw data excel\01_apache_modwsgi__A_browse__rep02.csv,01_apache_modwsgi__A_browse__rep02.csv,.csv,91644210,2026-05-16T23:24:33.611117,True,1ab9a5c0d750b75771e7035803294e660656ba8f1a8d0669c2720a27873d10d5,,01_apache_modwsgi,A_browse,2,01_apache_modwsgi__A_browse__rep02,tabular
RAW_BENCHMARK_FILE,data\raw\raw data excel\01_apache_modwsgi__A_browse__rep03.csv,01_apache_modwsgi__A_browse__rep03.csv,.csv,91665181,2026-05-16T23:57:29.423582,True,d57111c16c6dc61e5798638ad3dbd5b4dab35305f102c0c4796b9f8994dc2c04,,01_apache_modwsgi,A_browse,3,01_apache_modwsgi__A_browse__rep03,tabular
RAW_BENCHMARK_FILE,data\raw\raw data excel\01_apache_modwsgi__A_browse__rep04.csv,01_apache_modwsgi__A_browse__rep04.csv,.csv,91689586,2026-05-17T00:30:25.792696,True,9bbbf45500d7fabe03f62467c6a2e0269f09e40cae5fe43a189c922a2b87fb83,,01_apache_modwsgi,A_browse,4,01_apache_modwsgi__A_browse__rep04,tabular
RAW_BENCHMARK_FILE,data\raw\raw data excel\01_apache_modwsgi__A_browse__rep05.csv,01_apache_modwsgi__A_browse__rep05.csv,.csv,91661101,2026-05-17T01:03:21.824002,True,93890afee7c198b8746504d50cb17c4e7d51518f1e47c14be9f380bac9a8dab0,,01_apache_modwsgi,A_browse,5,01_apache_modwsgi__A_browse__rep05,tabular
RAW_BENCHMARK_FILE,data\raw\raw data excel\01_apache_modwsgi__A_browse__rep06.csv,01_apache_modwsgi__A_browse__rep06.csv,.csv,91643526,2026-05-17T01:36:16.483176,True,a8b6e100bc0b4f77a90d2305a8624cd843b0c745901e4d702714404a7e83a5ae,,01_apache_modwsgi,A_browse,6,01_apache_modwsgi__A_browse__rep06,tabular
RAW_BENCHMARK_FILE,data\raw\raw data excel\01_apache_modwsgi__A_browse__rep07.csv,01_apache_modwsgi__A_browse__rep07.csv,.csv,91659227,2026-05-17T02:09:10.116010,True,fa4f39be01faec53f8b75ec145deb9d572c67c06f0ccf58df77573ee1ef91b11,,01_apache_modwsgi,A_browse,7,01_apache_modwsgi__A_browse__rep07,tabular
RAW_BENCHMARK_FILE,data\raw\raw data excel\01_apache_modwsgi__A_browse__rep08.csv,01_apache_modwsgi__A_browse__rep08.csv,.csv,91619714,2026-05-17T02:42:04.679930,True,f7ec40a52acbe3f0021c316c0a0a3447005e670ed3c05da7d0d218842bdab95c,,01_apache_modwsgi,A_browse,8,01_apache_modwsgi__A_browse__rep08,tabular
RAW_BENCHMARK_FILE,data\raw\raw data excel\01_apache_modwsgi__A_browse__rep09.csv,01_apache_modwsgi__A_browse__rep09.csv,.csv,91642647,2026-05-17T03:14:58.683385,True,3eb2ba1b55599add7d81deba897c34c2b3c6ddb0ecb3e4a95079e7e6e4d30f7b,,01_apache_modwsgi,A_browse,9,01_apache_modwsgi__A_browse__rep09,tabular
RAW_BENCHMARK_FILE,data\raw\raw data excel\01_apache_modwsgi__A_browse__rep10.csv,01_apache_modwsgi__A_browse__rep10.csv,.csv,92803233,2026-05-17T03:47:54.403876,True,cfac50a7402bcbfcbdc5b74cf6c483142f3f665fc31c63ca7df0fb4834fbd81a,,01_apache_modwsgi,A_browse,10,01_apache_modwsgi__A_browse__rep10,tabular
RAW_BENCHMARK_FILE,data\raw\raw data excel\01_apache_modwsgi__B_mixed__rep01.csv,01_apache_modwsgi__B_mixed__rep01.csv,.csv,68877562,2026-05-17T04:20:48.645338,True,e66913da93a9ab34e48fd53e87c3044086f96f496dd6864dfd4b2f2e5422fc08,,01_apache_modwsgi,B_mixed,1,01_apache_modwsgi__B_mixed__rep01,tabular
RAW_BENCHMARK_FILE,data\raw\raw data excel\01_apache_modwsgi__B_mixed__rep02.csv,01_apache_modwsgi__B_mixed__rep02.csv,.csv,68878749,2026-05-17T04:53:41.116311,True,f0afe33016980b7eb4700fff3e91c95a486be334047eebce2a94aba8ab79b998,,01_apache_modwsgi,B_mixed,2,01_apache_modwsgi__B_mixed__rep02,tabular
RAW_BENCHMARK_FILE,data\raw\raw data excel\01_apache_modwsgi__B_mixed__rep03.csv,01_apache_modwsgi__B_mixed__rep03.csv,.csv,68867015,2026-05-17T05:26:33.745034,True,5560ab2aa706b7faaa14741652c2dd197c8a69cc6a7e39caa414864f2af02c66,,01_apache_modwsgi,B_mixed,3,01_apache_modwsgi__B_mixed__rep03,tabular
RAW_BENCHMARK_FILE,data\raw\raw data excel\01_apache_modwsgi__B_mixed__rep04.csv,01_apache_modwsgi__B_mixed__rep04.csv,.csv,68863106,2026-05-17T05:59:26.094067,True,d90fea487dd6d534ca9e8c257659686c4dc51f1171339288640dce3f721beee2,,01_apache_modwsgi,B_mixed,4,01_apache_modwsgi__B_mixed__rep04,tabular
RAW_BENCHMARK_FILE,data\raw\raw data excel\01_apache_modwsgi__B_mixed__rep05.csv,01_apache_modwsgi__B_mixed__rep05.csv,.csv,68886302,2026-05-17T06:32:18.419802,True,b0d4d1932050c841a864144d21a8ce3622a6dd624a6538552fc8de471ab6e776,,01_apache_modwsgi,B_mixed,5,01_apache_modwsgi__B_mixed__rep05,tabular
RAW_BENCHMARK_FILE,data\raw\raw data excel\01_apache_modwsgi__B_mixed__rep06.csv,01_apache_modwsgi__B_mixed__rep06.csv,.csv,68895836,2026-05-17T07:05:11.226993,True,02029aa407b6d14fb8d3a03bcda64de177de86753576107686e7b49843941c6b,,01_apache_modwsgi,B_mixed,6,01_apache_modwsgi__B_mixed__rep06,tabular
RAW_BENCHMARK_FILE,data\raw\raw data excel\01_apache_modwsgi__B_mixed__rep07.csv,01_apache_modwsgi__B_mixed__rep07.csv,.csv,68873032,2026-05-17T07:38:03.657290,True,f4c859d71dd6035c4d51929ca22e0bee393b3d43df6d8a770a9798c64d6c980c,,01_apache_modwsgi,B_mixed,7,01_apache_modwsgi__B_mixed__rep07,tabular
RAW_BENCHMARK_FILE,data\raw\raw data excel\01_apache_modwsgi__B_mixed__rep08.csv,01_apache_modwsgi__B_mixed__rep08.csv,.csv,68838249,2026-05-17T08:10:56.186699,True,501b7cf590683adfc9d22e378c2ddb1e67f27036e6a778b66bc5640f71601541,,01_apache_modwsgi,B_mixed,8,01_apache_modwsgi__B_mixed__rep08,tabular
RAW_BENCHMARK_FILE,data\raw\raw data excel\01_apache_modwsgi__B_mixed__rep09.csv,01_apache_modwsgi__B_mixed__rep09.csv,.csv,68871564,2026-05-17T08:43:48.994699,True,a1899188d780444ded4f71ad995db8533a29565ae5687dbf0bc78fc35cccfa09,,01_apache_modwsgi,B_mixed,9,01_apache_modwsgi__B_mixed__rep09,tabular
RAW_BENCHMARK_FILE,data\raw\raw data excel\01_apache_modwsgi__B_mixed__rep10.csv,01_apache_modwsgi__B_mixed__rep10.csv,.csv,69365175,2026-05-17T09:16:42.333495,True,7763c9e067498dece5a81b747236c8512f11268fa2b8e20b4c8ac1be8866748d,,01_apache_modwsgi,B_mixed,10,01_apache_modwsgi__B_mixed__rep10,tabular
RAW_BENCHMARK_FILE,data\raw\raw data excel\01_apache_modwsgi__C_checkout__rep01.csv,01_apache_modwsgi__C_checkout__rep01.csv,.csv,114168390,2026-05-17T09:49:37.157065,True,c14893b798da37ebdf092dd83a8d11fc6989839896ef5439a26781bbdcca6908,,01_apache_modwsgi,C_checkout,1,01_apache_modwsgi__C_checkout__rep01,tabular
RAW_BENCHMARK_FILE,data\raw\raw data excel\01_apache_modwsgi__C_checkout__rep02.csv,01_apache_modwsgi__C_checkout__rep02.csv,.csv,114164733,2026-05-17T10:22:17.932905,True,a2ce5cbff4d89a6e1aa81031dac189c9a270fbef475dc8df256c80ae0b125ee7,,01_apache_modwsgi,C_checkout,2,01_apache_modwsgi__C_checkout__rep02,tabular
RAW_BENCHMARK_FILE,data\raw\raw data excel\01_apache_modwsgi__C_checkout__rep03.csv,01_apache_modwsgi__C_checkout__rep03.csv,.csv,114173874,2026-05-17T10:54:58.916222,True,4a656246f165016f92e589c949d8980f5601e430825c065ab6e85cc6a22bbec6,,01_apache_modwsgi,C_checkout,3,01_apache_modwsgi__C_checkout__rep03,tabular
RAW_BENCHMARK_FILE,data\raw\raw data excel\01_apache_modwsgi__C_checkout__rep04.csv,01_apache_modwsgi__C_checkout__rep04.csv,.csv,116039446,2026-05-17T11:28:08.343115,True,45273b8637bd1dbc768286f758eddcf4c408c3ed0d18caf51af1a37a2fa56477,,01_apache_modwsgi,C_checkout,4,01_apache_modwsgi__C_checkout__rep04,tabular
RAW_BENCHMARK_FILE,data\raw\raw data excel\01_apache_modwsgi__C_checkout__rep05.csv,01_apache_modwsgi__C_checkout__rep05.csv,.csv,113903599,2026-05-17T12:01:20.336603,True,2396fa995ec9dc0fac1c9aaf487f6161738d97ce2ad0fdb416327b87129814c2,,01_apache_modwsgi,C_checkout,5,01_apache_modwsgi__C_checkout__rep05,tabular
RAW_BENCHMARK_FILE,data\raw\raw data excel\01_apache_modwsgi__C_checkout__rep06.csv,01_apache_modwsgi__C_checkout__rep06.csv,.csv,114415578,2026-05-17T12:34:34.053572,True,cad43c0d829c65bcf3d363b1f5dc558304647cb136e3588ac4ba8e264357b674,,01_apache_modwsgi,C_checkout,6,01_apache_modwsgi__C_checkout__rep06,tabular
RAW_BENCHMARK_FILE,data\raw\raw data excel\01_apache_modwsgi__C_checkout__rep07.csv,01_apache_modwsgi__C_checkout__rep07.csv,.csv,109662744,2026-05-17T13:07:39.575050,True,55bc4e21463ca88bdeeacfb9ad62b9a1392a911a941e2a8264ee1874a616aea8,,01_apache_modwsgi,C_checkout,7,01_apache_modwsgi__C_checkout__rep07,tabular
RAW_BENCHMARK_FILE,data\raw\raw data excel\01_apache_modwsgi__C_checkout__rep08.csv,01_apache_modwsgi__C_checkout__rep08.csv,.csv,113877321,2026-05-17T13:40:50.614795,True,9e4e639cc455899e73558fa059880a4ec4e5bb6331872f692bb196d38c9ebd59,,01_apache_modwsgi,C_checkout,8,01_apache_modwsgi__C_checkout__rep08,tabular
RAW_BENCHMARK_FILE,data\raw\raw data excel\01_apache_modwsgi__C_checkout__rep09.csv,01_apache_modwsgi__C_checkout__rep09.csv,.csv,124128471,2026-05-17T14:14:03.271263,True,62e36ffa4bf5ad353d5885e93aba8c78c9c5987e97cd134683fc0fa3e6836353,,01_apache_modwsgi,C_checkout,9,01_apache_modwsgi__C_checkout__rep09,tabular
RAW_BENCHMARK_FILE,data\raw\raw data excel\01_apache_modwsgi__C_checkout__rep10.csv,01_apache_modwsgi__C_checkout__rep10.csv,.csv,114829394,2026-05-17T14:47:17.190753,True,5f95d690e635d48c2f0d0342d750a346f330d830fc014103bcf2f7715faccd13,,01_apache_modwsgi,C_checkout,10,01_apache_modwsgi__C_checkout__rep10,tabular
RAW_BENCHMARK_FILE,data\raw\raw data excel\01_apache_modwsgi__D_burst__rep01.csv,01_apache_modwsgi__D_burst__rep01.csv,.csv,74143555,2026-05-17T15:20:10.907595,True,f996e52be52441f490af2954833d728490641219426ffdf3969d018332584e1e,,01_apache_modwsgi,D_burst,1,01_apache_modwsgi__D_burst__rep01,tabular
RAW_BENCHMARK_FILE,data\raw\raw data excel\01_apache_modwsgi__D_burst__rep02.csv,01_apache_modwsgi__D_burst__rep02.csv,.csv,74135286,2026-05-17T15:53:04.032694,True,8a0b2feeb6e402554fec204a4969ca3d0abe42b09fc50dc9ec2f28a65739b126,,01_apache_modwsgi,D_burst,2,01_apache_modwsgi__D_burst__rep02,tabular
RAW_BENCHMARK_FILE,data\raw\raw data excel\01_apache_modwsgi__D_burst__rep03.csv,01_apache_modwsgi__D_burst__rep03.csv,.csv,74136909,2026-05-17T16:25:57.472288,True,b07847d09b53454c98efce4f7e0ee947462a6bd8f1b66b0f838a8fcd2aa92f18,,01_apache_modwsgi,D_burst,3,01_apache_modwsgi__D_burst__rep03,tabular
RAW_BENCHMARK_FILE,data\raw\raw data excel\01_apache_modwsgi__D_burst__rep04.csv,01_apache_modwsgi__D_burst__rep04.csv,.csv,74153141,2026-05-17T16:58:52.273162,True,d49c75721e03feb7b32bb6b9edde41455152c6894b4557db3d10cabca25ce633,,01_apache_modwsgi,D_burst,4,01_apache_modwsgi__D_burst__rep04,tabular
RAW_BENCHMARK_FILE,data\raw\raw data excel\01_apache_modwsgi__D_burst__rep05.csv,01_apache_modwsgi__D_burst__rep05.csv,.csv,74128597,2026-05-17T17:31:50.491592,True,0635c75b570c37632c14d24b25dd2388730a8f37eec294c553605939cdbebdb4,,01_apache_modwsgi,D_burst,5,01_apache_modwsgi__D_burst__rep05,tabular
RAW_BENCHMARK_FILE,data\raw\raw data excel\01_apache_modwsgi__D_burst__rep06.csv,01_apache_modwsgi__D_burst__rep06.csv,.csv,74113121,2026-05-17T18:04:46.568682,True,051fa2606b22c5016e2db9ac43ae55e60e32dfd1a2e8985470c174c620db5b6c,,01_apache_modwsgi,D_burst,6,01_apache_modwsgi__D_burst__rep06,tabular
RAW_BENCHMARK_FILE,data\raw\raw data excel\01_apache_modwsgi__D_burst__rep07.csv,01_apache_modwsgi__D_burst__rep07.csv,.csv,74161002,2026-05-17T18:37:38.819010,True,96978d86b23e077fa8d5c9b9dd660be562ad655c81b3881f99f16c1a5c4b3fbb,,01_apache_modwsgi,D_burst,7,01_apache_modwsgi__D_burst__rep07,tabular
RAW_BENCHMARK_FILE,data\raw\raw data excel\01_apache_modwsgi__D_burst__rep08.csv,01_apache_modwsgi__D_burst__rep08.csv,.csv,74175949,2026-05-17T19:10:32.928506,True,fd33157251ca03ae7a237475df188cbabeceea7062935432716d33a1b80de68d,,01_apache_modwsgi,D_burst,8,01_apache_modwsgi__D_burst__rep08,tabular
RAW_BENCHMARK_FILE,data\raw\raw data excel\01_apache_modwsgi__D_burst__rep09.csv,01_apache_modwsgi__D_burst__rep09.csv,.csv,74148617,2026-05-17T19:43:29.124455,True,92229b53531c6aa44b3ea7519ea55eda394740e8b380f224eaed50109975f6a4,,01_apache_modwsgi,D_burst,9,01_apache_modwsgi__D_burst__rep09,tabular
RAW_BENCHMARK_FILE,data\raw\raw data excel\01_apache_modwsgi__D_burst__rep10.csv,01_apache_modwsgi__D_burst__rep10.csv,.csv,74693232,2026-05-17T20:16:23.821759,True,ec1c4e172c74f6c427ecace50928a39fae13fded284a5c2308f37c615a39927f,,01_apache_modwsgi,D_burst,10,01_apache_modwsgi__D_burst__rep10,tabular
RAW_BENCHMARK_FILE,data\raw\raw data excel\02_nginx_uwsgi__A_browse__rep01.csv,02_nginx_uwsgi__A_browse__rep01.csv,.csv,89600220,2026-05-17T20:49:04.908675,True,2c5895d230ef8c42f6e095a93370ce3fc944e953b5a9f38e23b5e3001c9c526d,,02_nginx_uwsgi,A_browse,1,02_nginx_uwsgi__A_browse__rep01,tabular
RAW_BENCHMARK_FILE,data\raw\raw data excel\02_nginx_uwsgi__A_browse__rep02.csv,02_nginx_uwsgi__A_browse__rep02.csv,.csv,89598772,2026-05-17T21:21:44.732383,True,06a94eb75ccdf109b7d9df391b081c308cbc18dbeaaaafe4918677fb11940dcd,,02_nginx_uwsgi,A_browse,2,02_nginx_uwsgi__A_browse__rep02,tabular
RAW_BENCHMARK_FILE,data\raw\raw data excel\02_nginx_uwsgi__A_browse__rep03.csv,02_nginx_uwsgi__A_browse__rep03.csv,.csv,89602930,2026-05-17T21:54:24.970521,True,36a93a6dfa7afd64536d2c7c975c292580cf5e5dd794c2282e53de4e93c250c4,,02_nginx_uwsgi,A_browse,3,02_nginx_uwsgi__A_browse__rep03,tabular
RAW_BENCHMARK_FILE,data\raw\raw data excel\02_nginx_uwsgi__A_browse__rep04.csv,02_nginx_uwsgi__A_browse__rep04.csv,.csv,89654824,2026-05-17T22:27:11.634636,True,647dce7d3d9f151a01bad56cb62aa3afaef7c6d64b81b446520efa58b35ce7a7,,02_nginx_uwsgi,A_browse,4,02_nginx_uwsgi__A_browse__rep04,tabular
RAW_BENCHMARK_FILE,data\raw\raw data excel\02_nginx_uwsgi__A_browse__rep05.csv,02_nginx_uwsgi__A_browse__rep05.csv,.csv,89626875,2026-05-17T22:59:56.307396,True,24746028fb2f09036a5bb5206335d75f1581af659c5ae8fae47f4e0585fd0157,,02_nginx_uwsgi,A_browse,5,02_nginx_uwsgi__A_browse__rep05,tabular
RAW_BENCHMARK_FILE,data\raw\raw data excel\02_nginx_uwsgi__A_browse__rep06.csv,02_nginx_uwsgi__A_browse__rep06.csv,.csv,89612848,2026-05-17T23:32:44.663224,True,4ffe2cfc68c1d4764aa775677aab3026d47a1dc21752353a3e0605c8ff4ab571,,02_nginx_uwsgi,A_browse,6,02_nginx_uwsgi__A_browse__rep06,tabular
RAW_BENCHMARK_FILE,data\raw\raw data excel\02_nginx_uwsgi__A_browse__rep07.csv,02_nginx_uwsgi__A_browse__rep07.csv,.csv,89580171,2026-05-18T00:05:29.969711,True,fb6f2757295d4e380d3b31d27dc3303a750299006a727c03d7b934339051198b,,02_nginx_uwsgi,A_browse,7,02_nginx_uwsgi__A_browse__rep07,tabular
RAW_BENCHMARK_FILE,data\raw\raw data excel\02_nginx_uwsgi__A_browse__rep08.csv,02_nginx_uwsgi__A_browse__rep08.csv,.csv,89605417,2026-05-18T00:38:14.160918,True,86fd41c34badf8db9110bbe69ae29f9d724c2bf0df7b5401181325d1b2b9406f,,02_nginx_uwsgi,A_browse,8,02_nginx_uwsgi__A_browse__rep08,tabular
RAW_BENCHMARK_FILE,data\raw\raw data excel\02_nginx_uwsgi__A_browse__rep09.csv,02_nginx_uwsgi__A_browse__rep09.csv,.csv,89609164,2026-05-18T01:10:55.434711,True,cc778165d92606ab83acfdc4a773e507d529d7856111ab550433505739e19cfd,,02_nginx_uwsgi,A_browse,9,02_nginx_uwsgi__A_browse__rep09,tabular
RAW_BENCHMARK_FILE,data\raw\raw data excel\02_nginx_uwsgi__A_browse__rep10.csv,02_nginx_uwsgi__A_browse__rep10.csv,.csv,90271317,2026-05-18T01:43:35.501405,True,71b623d5bd62b3f11488a8a4ba23d5b977a2e8a4c213bd252326f6281e5b9e81,,02_nginx_uwsgi,A_browse,10,02_nginx_uwsgi__A_browse__rep10,tabular
RAW_BENCHMARK_FILE,data\raw\raw data excel\02_nginx_uwsgi__B_mixed__rep01.csv,02_nginx_uwsgi__B_mixed__rep01.csv,.csv,67331573,2026-05-18T02:16:15.165658,True,37c011a4fade3a456e60e3250fdd5e8d157a1b1d6b6ce3e0ee11258e01d7b2d2,,02_nginx_uwsgi,B_mixed,1,02_nginx_uwsgi__B_mixed__rep01,tabular
RAW_BENCHMARK_FILE,data\raw\raw data excel\02_nginx_uwsgi__B_mixed__rep02.csv,02_nginx_uwsgi__B_mixed__rep02.csv,.csv,67318607,2026-05-18T02:48:53.083461,True,7230f4789f9d8bd7297b366b048b84d9050e0f64aded423e09c5fd017e91fdc0,,02_nginx_uwsgi,B_mixed,2,02_nginx_uwsgi__B_mixed__rep02,tabular
RAW_BENCHMARK_FILE,data\raw\raw data excel\02_nginx_uwsgi__B_mixed__rep03.csv,02_nginx_uwsgi__B_mixed__rep03.csv,.csv,67347061,2026-05-18T03:21:30.909500,True,88c5602ca76e311f1cf8b7fe9b865a4be1f06fa8929931101335eadd355d3086,,02_nginx_uwsgi,B_mixed,3,02_nginx_uwsgi__B_mixed__rep03,tabular
RAW_BENCHMARK_FILE,data\raw\raw data excel\02_nginx_uwsgi__B_mixed__rep04.csv,02_nginx_uwsgi__B_mixed__rep04.csv,.csv,67347782,2026-05-18T03:54:09.354863,True,83a934f9815610bdd5a98fa78f2f27f7dfd19e6e8fe462dce5165791cd490cff,,02_nginx_uwsgi,B_mixed,4,02_nginx_uwsgi__B_mixed__rep04,tabular
RAW_BENCHMARK_FILE,data\raw\raw data excel\02_nginx_uwsgi__B_mixed__rep05.csv,02_nginx_uwsgi__B_mixed__rep05.csv,.csv,67335422,2026-05-18T04:26:47.504233,True,b20b195ac6a1176805ff2efd640f51d3ca00f381fece563c79839184d6699582,,02_nginx_uwsgi,B_mixed,5,02_nginx_uwsgi__B_mixed__rep05,tabular
RAW_BENCHMARK_FILE,data\raw\raw data excel\02_nginx_uwsgi__B_mixed__rep06.csv,02_nginx_uwsgi__B_mixed__rep06.csv,.csv,67376435,2026-05-18T04:59:25.534702,True,d3a7ec7401349b04d13a10d1d37013c2562d911421ea0fb463b37bf50b466d9c,,02_nginx_uwsgi,B_mixed,6,02_nginx_uwsgi__B_mixed__rep06,tabular
RAW_BENCHMARK_FILE,data\raw\raw data excel\02_nginx_uwsgi__B_mixed__rep07.csv,02_nginx_uwsgi__B_mixed__rep07.csv,.csv,67368023,2026-05-18T05:32:03.815688,True,80c84f5f3fa8e26efc605730e8a3b7c4c3c05abaebb00df86ab766e5368bdd46,,02_nginx_uwsgi,B_mixed,7,02_nginx_uwsgi__B_mixed__rep07,tabular
RAW_BENCHMARK_FILE,data\raw\raw data excel\02_nginx_uwsgi__B_mixed__rep08.csv,02_nginx_uwsgi__B_mixed__rep08.csv,.csv,67364942,2026-05-18T06:04:41.935958,True,38ee2e39f7ed6790e248349eeffd526fa58a1168c01fbe5498485201317b5e96,,02_nginx_uwsgi,B_mixed,8,02_nginx_uwsgi__B_mixed__rep08,tabular
RAW_BENCHMARK_FILE,data\raw\raw data excel\02_nginx_uwsgi__B_mixed__rep09.csv,02_nginx_uwsgi__B_mixed__rep09.csv,.csv,67380825,2026-05-18T06:37:20.457182,True,ba56a46ceef2cb00a9ba6e52713ef6766d50644cc5adb4d124973e2f60f21da5,,02_nginx_uwsgi,B_mixed,9,02_nginx_uwsgi__B_mixed__rep09,tabular
RAW_BENCHMARK_FILE,data\raw\raw data excel\02_nginx_uwsgi__B_mixed__rep10.csv,02_nginx_uwsgi__B_mixed__rep10.csv,.csv,67825146,2026-05-18T07:09:58.906501,True,f7573150bb9d6f83c640435c6e114cf155c8a37b19c10c1654bb40187afea314,,02_nginx_uwsgi,B_mixed,10,02_nginx_uwsgi__B_mixed__rep10,tabular
RAW_BENCHMARK_FILE,data\raw\raw data excel\02_nginx_uwsgi__C_checkout__rep01.csv,02_nginx_uwsgi__C_checkout__rep01.csv,.csv,111977201,2026-05-18T07:42:38.219076,True,05234b94bbeaaa5c2164e473ba918e4c64a3053a38807f639465a994281d835c,,02_nginx_uwsgi,C_checkout,1,02_nginx_uwsgi__C_checkout__rep01,tabular
RAW_BENCHMARK_FILE,data\raw\raw data excel\02_nginx_uwsgi__C_checkout__rep02.csv,02_nginx_uwsgi__C_checkout__rep02.csv,.csv,111970325,2026-05-18T08:15:19.646109,True,2f6e5bfa9ea9cc964c30b09c6341c069117737e37bdadd232da4b5a3ff565dfd,,02_nginx_uwsgi,C_checkout,2,02_nginx_uwsgi__C_checkout__rep02,tabular
RAW_BENCHMARK_FILE,data\raw\raw data excel\02_nginx_uwsgi__C_checkout__rep03.csv,02_nginx_uwsgi__C_checkout__rep03.csv,.csv,111976328,2026-05-18T08:48:00.081835,True,7f58bbc84a376a0708d5e3566c52b6a898017ecc0c63cde296a239cfba5da31b,,02_nginx_uwsgi,C_checkout,3,02_nginx_uwsgi__C_checkout__rep03,tabular
RAW_BENCHMARK_FILE,data\raw\raw data excel\02_nginx_uwsgi__C_checkout__rep04.csv,02_nginx_uwsgi__C_checkout__rep04.csv,.csv,111973374,2026-05-18T09:20:40.410665,True,2eb606dc7c9d9da884c1da1677e0c3dd2cef6720a72b6dc1f8f2af3b64fef712,,02_nginx_uwsgi,C_checkout,4,02_nginx_uwsgi__C_checkout__rep04,tabular
RAW_BENCHMARK_FILE,data\raw\raw data excel\02_nginx_uwsgi__C_checkout__rep05.csv,02_nginx_uwsgi__C_checkout__rep05.csv,.csv,111983564,2026-05-18T09:53:20.694812,True,0cfbd709a433696d32a312d85952e13cb07c167ba1f7817f53a081abdd0968fd,,02_nginx_uwsgi,C_checkout,5,02_nginx_uwsgi__C_checkout__rep05,tabular
RAW_BENCHMARK_FILE,data\raw\raw data excel\02_nginx_uwsgi__C_checkout__rep06.csv,02_nginx_uwsgi__C_checkout__rep06.csv,.csv,111981401,2026-05-18T10:26:01.312938,True,1e99bc84f975f1250390ee10e21b38518306c288a620ae5fb8f78cbb2ea1853b,,02_nginx_uwsgi,C_checkout,6,02_nginx_uwsgi__C_checkout__rep06,tabular
RAW_BENCHMARK_FILE,data\raw\raw data excel\02_nginx_uwsgi__C_checkout__rep07.csv,02_nginx_uwsgi__C_checkout__rep07.csv,.csv,111920328,2026-05-18T10:58:42.038991,True,128051e162d940d0c38df690c44689990b0e60c616e7c9f8aa5e5c34a8fdaf18,,02_nginx_uwsgi,C_checkout,7,02_nginx_uwsgi__C_checkout__rep07,tabular
RAW_BENCHMARK_FILE,data\raw\raw data excel\02_nginx_uwsgi__C_checkout__rep08.csv,02_nginx_uwsgi__C_checkout__rep08.csv,.csv,112023307,2026-05-18T11:31:23.070580,True,0ac88d3ac70ac0098f3022f7f41826efd04c4860b3c8ccb5157ad00d2fe8fb4e,,02_nginx_uwsgi,C_checkout,8,02_nginx_uwsgi__C_checkout__rep08,tabular
RAW_BENCHMARK_FILE,data\raw\raw data excel\02_nginx_uwsgi__C_checkout__rep09.csv,02_nginx_uwsgi__C_checkout__rep09.csv,.csv,111221974,2026-05-18T12:04:05.323740,True,3c4fb1b85613ccb5dc66d2405c16e3396c0ad153d8518ce6dd1aeeb7acb54b87,,02_nginx_uwsgi,C_checkout,9,02_nginx_uwsgi__C_checkout__rep09,tabular
RAW_BENCHMARK_FILE,data\raw\raw data excel\02_nginx_uwsgi__C_checkout__rep10.csv,02_nginx_uwsgi__C_checkout__rep10.csv,.csv,111663147,2026-05-18T12:36:48.893802,True,efc78a8ac0cd5d08719ab1836c4e22b4ae415d205761b68486095d8700824eea,,02_nginx_uwsgi,C_checkout,10,02_nginx_uwsgi__C_checkout__rep10,tabular
RAW_BENCHMARK_FILE,data\raw\raw data excel\02_nginx_uwsgi__D_burst__rep01.csv,02_nginx_uwsgi__D_burst__rep01.csv,.csv,69580409,2026-05-18T13:09:33.461349,True,c6983c0cc01ce6ebd3ac94dad0d85c3e2cf3bfca2fc52370c81e7f30b7c774ac,,02_nginx_uwsgi,D_burst,1,02_nginx_uwsgi__D_burst__rep01,tabular
RAW_BENCHMARK_FILE,data\raw\raw data excel\02_nginx_uwsgi__D_burst__rep02.csv,02_nginx_uwsgi__D_burst__rep02.csv,.csv,72560607,2026-05-18T13:42:12.958966,True,dfc0f02139db6701c814ec993962767110c755763982d84a63694973e834c387,,02_nginx_uwsgi,D_burst,2,02_nginx_uwsgi__D_burst__rep02,tabular
RAW_BENCHMARK_FILE,data\raw\raw data excel\02_nginx_uwsgi__D_burst__rep03.csv,02_nginx_uwsgi__D_burst__rep03.csv,.csv,72568479,2026-05-18T14:14:51.835355,True,179fc4d62c36165c97123cdf5872d62a8588372c6276afd8ec280769090ec36d,,02_nginx_uwsgi,D_burst,3,02_nginx_uwsgi__D_burst__rep03,tabular
RAW_BENCHMARK_FILE,data\raw\raw data excel\02_nginx_uwsgi__D_burst__rep04.csv,02_nginx_uwsgi__D_burst__rep04.csv,.csv,71659370,2026-05-18T14:47:31.334650,True,2571b711f5cb1035df64281fb2bd844d4d8c8a20f6a44625ffc3d04cf1acc18c,,02_nginx_uwsgi,D_burst,4,02_nginx_uwsgi__D_burst__rep04,tabular
RAW_BENCHMARK_FILE,data\raw\raw data excel\02_nginx_uwsgi__D_burst__rep05.csv,02_nginx_uwsgi__D_burst__rep05.csv,.csv,72480206,2026-05-18T15:20:14.525352,True,57db576ef1b61facae84696276edd6936792d11d5d865e49ea4b8200ef44bfd2,,02_nginx_uwsgi,D_burst,5,02_nginx_uwsgi__D_burst__rep05,tabular
RAW_BENCHMARK_FILE,data\raw\raw data excel\02_nginx_uwsgi__D_burst__rep06.csv,02_nginx_uwsgi__D_burst__rep06.csv,.csv,72322814,2026-05-18T15:52:56.519789,True,766b7b2cf9291a0aa44b754791f7afa2a9a2236e4f8ba087ac2d5d07b056653c,,02_nginx_uwsgi,D_burst,6,02_nginx_uwsgi__D_burst__rep06,tabular
RAW_BENCHMARK_FILE,data\raw\raw data excel\02_nginx_uwsgi__D_burst__rep07.csv,02_nginx_uwsgi__D_burst__rep07.csv,.csv,72534943,2026-05-18T16:25:38.964066,True,4954c553b78b74b6d81c30b9314ff17f7f0a34df387afb78dae7f8c52d87f666,,02_nginx_uwsgi,D_burst,7,02_nginx_uwsgi__D_burst__rep07,tabular
RAW_BENCHMARK_FILE,data\raw\raw data excel\02_nginx_uwsgi__D_burst__rep08.csv,02_nginx_uwsgi__D_burst__rep08.csv,.csv,72519293,2026-05-18T16:58:17.243483,True,b72c640273f422743af7e2367683af9c1ae6599e5dcd245c4a9ef152f367477d,,02_nginx_uwsgi,D_burst,8,02_nginx_uwsgi__D_burst__rep08,tabular
RAW_BENCHMARK_FILE,data\raw\raw data excel\02_nginx_uwsgi__D_burst__rep09.csv,02_nginx_uwsgi__D_burst__rep09.csv,.csv,72555584,2026-05-18T17:30:56.299182,True,7cdbcb9a753395456cb945badc91073205aaa6249209a04804051519875d2b87,,02_nginx_uwsgi,D_burst,9,02_nginx_uwsgi__D_burst__rep09,tabular
RAW_BENCHMARK_FILE,data\raw\raw data excel\02_nginx_uwsgi__D_burst__rep10.csv,02_nginx_uwsgi__D_burst__rep10.csv,.csv,73079227,2026-05-18T18:03:36.033268,True,1223455b1473c67d56db9285342bb45e9dc5ae7e20876e1ad677a04ebae8031e,,02_nginx_uwsgi,D_burst,10,02_nginx_uwsgi__D_burst__rep10,tabular
RAW_BENCHMARK_FILE,data\raw\raw data excel\03_django_gunicorn__A_browse__rep01.csv,03_django_gunicorn__A_browse__rep01.csv,.csv,92191552,2026-05-18T18:36:15.627147,True,de32493b25f6382df17f0358d7cd8e09da4f93545cb2ed018087f816d9162e94,,03_django_gunicorn,A_browse,1,03_django_gunicorn__A_browse__rep01,tabular
RAW_BENCHMARK_FILE,data\raw\raw data excel\03_django_gunicorn__A_browse__rep02.csv,03_django_gunicorn__A_browse__rep02.csv,.csv,92197533,2026-05-18T19:08:55.588342,True,b0d04d4f9cccdf9f1d8ed8da2ca93710e05617be026529f1b212c00ab100f1ec,,03_django_gunicorn,A_browse,2,03_django_gunicorn__A_browse__rep02,tabular
RAW_BENCHMARK_FILE,data\raw\raw data excel\03_django_gunicorn__A_browse__rep03.csv,03_django_gunicorn__A_browse__rep03.csv,.csv,92183330,2026-05-18T19:41:34.982803,True,10372ea0f3a1bcb483a0afe8516df0f45eba3d4934e202e283b9827091685f4f,,03_django_gunicorn,A_browse,3,03_django_gunicorn__A_browse__rep03,tabular
RAW_BENCHMARK_FILE,data\raw\raw data excel\03_django_gunicorn__A_browse__rep04.csv,03_django_gunicorn__A_browse__rep04.csv,.csv,92204904,2026-05-18T20:14:14.861849,True,832cbd2f1bcc952d20b05978734c5c0f5f37b5b1c8e9df6ac4d49a88cdc52ad1,,03_django_gunicorn,A_browse,4,03_django_gunicorn__A_browse__rep04,tabular
RAW_BENCHMARK_FILE,data\raw\raw data excel\03_django_gunicorn__A_browse__rep05.csv,03_django_gunicorn__A_browse__rep05.csv,.csv,92200437,2026-05-18T20:47:28.417957,True,777e9d79984e15ff85da43822ca524ec2d63796ca53961313111fff9591d73a8,,03_django_gunicorn,A_browse,5,03_django_gunicorn__A_browse__rep05,tabular
RAW_BENCHMARK_FILE,data\raw\raw data excel\03_django_gunicorn__A_browse__rep06.csv,03_django_gunicorn__A_browse__rep06.csv,.csv,89284663,2026-05-18T21:20:12.869364,True,fe3ca909dafd50387fd84c18e62f299e50d28938e0631aa7e3ad1f46e4b51b30,,03_django_gunicorn,A_browse,6,03_django_gunicorn__A_browse__rep06,tabular
RAW_BENCHMARK_FILE,data\raw\raw data excel\03_django_gunicorn__A_browse__rep07.csv,03_django_gunicorn__A_browse__rep07.csv,.csv,92207512,2026-05-18T21:52:55.533686,True,2f63723baa697d0a5f736c50732bfdca051e4ae84df6f8c9825819fd830bd340,,03_django_gunicorn,A_browse,7,03_django_gunicorn__A_browse__rep07,tabular
RAW_BENCHMARK_FILE,data\raw\raw data excel\03_django_gunicorn__A_browse__rep08.csv,03_django_gunicorn__A_browse__rep08.csv,.csv,92202835,2026-05-18T22:25:38.595679,True,7cf1267ef5067776810f20effe5290bc4edc6f6f6820e5ccd0b891af403397c8,,03_django_gunicorn,A_browse,8,03_django_gunicorn__A_browse__rep08,tabular
RAW_BENCHMARK_FILE,data\raw\raw data excel\03_django_gunicorn__A_browse__rep09.csv,03_django_gunicorn__A_browse__rep09.csv,.csv,92206930,2026-05-18T22:58:20.507443,True,5e88c3c9c24aa4fc151c125efd17009579fbb6e668cec36e7510cb0934c96034,,03_django_gunicorn,A_browse,9,03_django_gunicorn__A_browse__rep09,tabular
RAW_BENCHMARK_FILE,data\raw\raw data excel\03_django_gunicorn__A_browse__rep10.csv,03_django_gunicorn__A_browse__rep10.csv,.csv,92858413,2026-05-18T23:31:02.056178,True,7a2590fa6dbc2af3df71a1b5b819a05a77a5d70ce8ba1247afc7232e67aefb44,,03_django_gunicorn,A_browse,10,03_django_gunicorn__A_browse__rep10,tabular
RAW_BENCHMARK_FILE,data\raw\raw data excel\03_django_gunicorn__B_mixed__rep01.csv,03_django_gunicorn__B_mixed__rep01.csv,.csv,69349503,2026-05-19T00:03:49.641725,True,cd4434214f0561fef8439696a7c30d4c8307c974dbf5f186b5ae5ff6d24f3cd9,,03_django_gunicorn,B_mixed,1,03_django_gunicorn__B_mixed__rep01,tabular
RAW_BENCHMARK_FILE,data\raw\raw data excel\03_django_gunicorn__B_mixed__rep02.csv,03_django_gunicorn__B_mixed__rep02.csv,.csv,69359895,2026-05-19T00:36:33.837466,True,03a86699bd343e1902d71e708003193c885bd84ab70ad3ce12a93f9bdf613ba6,,03_django_gunicorn,B_mixed,2,03_django_gunicorn__B_mixed__rep02,tabular
RAW_BENCHMARK_FILE,data\raw\raw data excel\03_django_gunicorn__B_mixed__rep03.csv,03_django_gunicorn__B_mixed__rep03.csv,.csv,69324725,2026-05-19T01:09:16.810799,True,a058e37c49c6d6821b591ec0680ac70abc06ad90415d05615ce6ec9de75c2110,,03_django_gunicorn,B_mixed,3,03_django_gunicorn__B_mixed__rep03,tabular
RAW_BENCHMARK_FILE,data\raw\raw data excel\03_django_gunicorn__B_mixed__rep04.csv,03_django_gunicorn__B_mixed__rep04.csv,.csv,69318540,2026-05-19T01:41:56.247965,True,37cfc6c609b063957c200259ea042ef9ae689118d3a988c0efe349bf7c7d3c8d,,03_django_gunicorn,B_mixed,4,03_django_gunicorn__B_mixed__rep04,tabular
RAW_BENCHMARK_FILE,data\raw\raw data excel\03_django_gunicorn__B_mixed__rep05.csv,03_django_gunicorn__B_mixed__rep05.csv,.csv,69313898,2026-05-19T02:14:35.599226,True,6bc2905f23f387223420858715b0ae7e1dd7c32ad1be5e9f961312d617d10be5,,03_django_gunicorn,B_mixed,5,03_django_gunicorn__B_mixed__rep05,tabular
RAW_BENCHMARK_FILE,data\raw\raw data excel\03_django_gunicorn__B_mixed__rep06.csv,03_django_gunicorn__B_mixed__rep06.csv,.csv,69357039,2026-05-19T02:47:15.497971,True,6b1eb63708fa5a63602e3a4bab9979476d173a0da3e0d63d1c7d9a761803cfd9,,03_django_gunicorn,B_mixed,6,03_django_gunicorn__B_mixed__rep06,tabular
RAW_BENCHMARK_FILE,data\raw\raw data excel\03_django_gunicorn__B_mixed__rep07.csv,03_django_gunicorn__B_mixed__rep07.csv,.csv,69343897,2026-05-19T03:19:54.313220,True,2614e8e862d6792c7c4553ef8514a5a67bb10cb60bd4a91e46562db94cdf7ab5,,03_django_gunicorn,B_mixed,7,03_django_gunicorn__B_mixed__rep07,tabular
RAW_BENCHMARK_FILE,data\raw\raw data excel\03_django_gunicorn__B_mixed__rep08.csv,03_django_gunicorn__B_mixed__rep08.csv,.csv,69308193,2026-05-19T03:52:32.931528,True,76728810a6120dc8ef94685e12eab86bfa4ba1a1df7e50eb80078e5b72404cbe,,03_django_gunicorn,B_mixed,8,03_django_gunicorn__B_mixed__rep08,tabular
RAW_BENCHMARK_FILE,data\raw\raw data excel\03_django_gunicorn__B_mixed__rep09.csv,03_django_gunicorn__B_mixed__rep09.csv,.csv,69349856,2026-05-19T04:25:11.575478,True,2cb17e031461df154745386b77cd178bbf7550dbee3136599233b2da9fdb1398,,03_django_gunicorn,B_mixed,9,03_django_gunicorn__B_mixed__rep09,tabular
RAW_BENCHMARK_FILE,data\raw\raw data excel\03_django_gunicorn__B_mixed__rep10.csv,03_django_gunicorn__B_mixed__rep10.csv,.csv,69778667,2026-05-19T04:57:49.981359,True,bd7ba1d2c08d9826dbc3b9a9871111d9cfb3bfa95984d7fee002b76580092b0c,,03_django_gunicorn,B_mixed,10,03_django_gunicorn__B_mixed__rep10,tabular
RAW_BENCHMARK_FILE,data\raw\raw data excel\03_django_gunicorn__C_checkout__rep01.csv,03_django_gunicorn__C_checkout__rep01.csv,.csv,114894372,2026-05-19T05:30:30.041075,True,df4750853cccf2a8a54ff2b4d18cfe809c15db4b8abf872a7fdda67a483b8059,,03_django_gunicorn,C_checkout,1,03_django_gunicorn__C_checkout__rep01,tabular
RAW_BENCHMARK_FILE,data\raw\raw data excel\03_django_gunicorn__C_checkout__rep02.csv,03_django_gunicorn__C_checkout__rep02.csv,.csv,114901650,2026-05-19T06:03:10.803649,True,6949e6e4e0d17a54fba209792dee77ef26a7fdc850f01736fe38035067a755a2,,03_django_gunicorn,C_checkout,2,03_django_gunicorn__C_checkout__rep02,tabular
RAW_BENCHMARK_FILE,data\raw\raw data excel\03_django_gunicorn__C_checkout__rep03.csv,03_django_gunicorn__C_checkout__rep03.csv,.csv,114922351,2026-05-19T06:35:51.570505,True,972f294825c7a33395eaa8a3ff4cdbf7d2177da97debdc49c24144f554bbf428,,03_django_gunicorn,C_checkout,3,03_django_gunicorn__C_checkout__rep03,tabular
RAW_BENCHMARK_FILE,data\raw\raw data excel\03_django_gunicorn__C_checkout__rep04.csv,03_django_gunicorn__C_checkout__rep04.csv,.csv,114896835,2026-05-19T07:08:32.607979,True,bf97494fecb022b7de03669edf4284f46f2554c9b312b9a7c7d70623563f371a,,03_django_gunicorn,C_checkout,4,03_django_gunicorn__C_checkout__rep04,tabular
RAW_BENCHMARK_FILE,data\raw\raw data excel\03_django_gunicorn__C_checkout__rep05.csv,03_django_gunicorn__C_checkout__rep05.csv,.csv,114897484,2026-05-19T07:41:13.730222,True,66c1b0a5e12487248aaee7a4aa942a134bfddff2b535e3df205cb54526556d14,,03_django_gunicorn,C_checkout,5,03_django_gunicorn__C_checkout__rep05,tabular
RAW_BENCHMARK_FILE,data\raw\raw data excel\03_django_gunicorn__C_checkout__rep06.csv,03_django_gunicorn__C_checkout__rep06.csv,.csv,114872283,2026-05-19T08:13:54.467611,True,fda6670c7734a2db33dcfed4e809f5d51417a2bb49f49ea591eecabb2c46ea23,,03_django_gunicorn,C_checkout,6,03_django_gunicorn__C_checkout__rep06,tabular
RAW_BENCHMARK_FILE,data\raw\raw data excel\03_django_gunicorn__C_checkout__rep07.csv,03_django_gunicorn__C_checkout__rep07.csv,.csv,114908132,2026-05-19T08:46:35.830872,True,1428e9d82d62941dc5ef2a2b6610f631cfaa8bcd1fc2136a1e8d04b31c5f1dc2,,03_django_gunicorn,C_checkout,7,03_django_gunicorn__C_checkout__rep07,tabular
RAW_BENCHMARK_FILE,data\raw\raw data excel\03_django_gunicorn__C_checkout__rep08.csv,03_django_gunicorn__C_checkout__rep08.csv,.csv,114905735,2026-05-19T09:19:16.902546,True,215f2b610d1505098a44642f46b265a6a92fb9a9d0ff0efb8660e1e66817f490,,03_django_gunicorn,C_checkout,8,03_django_gunicorn__C_checkout__rep08,tabular
RAW_BENCHMARK_FILE,data\raw\raw data excel\03_django_gunicorn__C_checkout__rep09.csv,03_django_gunicorn__C_checkout__rep09.csv,.csv,114921085,2026-05-19T09:51:58.638950,True,d4a507172ea97883151a5a212c6242ce95b27262a278cbfcccf8e81c08b00caf,,03_django_gunicorn,C_checkout,9,03_django_gunicorn__C_checkout__rep09,tabular
RAW_BENCHMARK_FILE,data\raw\raw data excel\03_django_gunicorn__C_checkout__rep10.csv,03_django_gunicorn__C_checkout__rep10.csv,.csv,115639592,2026-05-19T10:24:40.305971,True,9a12ce8691e4eeefe4847eb032a14b54b3c5fb13bd437e02ea690775d85c886b,,03_django_gunicorn,C_checkout,10,03_django_gunicorn__C_checkout__rep10,tabular
RAW_BENCHMARK_FILE,data\raw\raw data excel\03_django_gunicorn__D_burst__rep01.csv,03_django_gunicorn__D_burst__rep01.csv,.csv,65177384,2026-05-19T10:57:20.624276,True,406520311473eabd59566184ff3b8ae1625b8775bad548290808ef60635c7d1a,,03_django_gunicorn,D_burst,1,03_django_gunicorn__D_burst__rep01,tabular
RAW_BENCHMARK_FILE,data\raw\raw data excel\03_django_gunicorn__D_burst__rep02.csv,03_django_gunicorn__D_burst__rep02.csv,.csv,69309767,2026-05-19T11:30:03.426854,True,d97af5edb6b0ef858b6a1689476f1c63d59b25c39d7b812d51530ead015b6f81,,03_django_gunicorn,D_burst,2,03_django_gunicorn__D_burst__rep02,tabular
RAW_BENCHMARK_FILE,data\raw\raw data excel\03_django_gunicorn__D_burst__rep03.csv,03_django_gunicorn__D_burst__rep03.csv,.csv,74654804,2026-05-19T12:02:46.432745,True,c195acd829a22a75274a506283c1151ae8f4d6362bf0a08593723905dc6c6b98,,03_django_gunicorn,D_burst,3,03_django_gunicorn__D_burst__rep03,tabular
RAW_BENCHMARK_FILE,data\raw\raw data excel\03_django_gunicorn__D_burst__rep04.csv,03_django_gunicorn__D_burst__rep04.csv,.csv,68603205,2026-05-19T12:35:26.282977,True,3e5fd9986243c49b69d500dd1a6e76832e1467eabfc2fc1f78d30b90448fc688,,03_django_gunicorn,D_burst,4,03_django_gunicorn__D_burst__rep04,tabular
RAW_BENCHMARK_FILE,data\raw\raw data excel\03_django_gunicorn__D_burst__rep05.csv,03_django_gunicorn__D_burst__rep05.csv,.csv,74634036,2026-05-19T13:08:05.081795,True,7d73f4775373f626741d2e420178589d33fd425b18fbeee2918bfa33993b10f4,,03_django_gunicorn,D_burst,5,03_django_gunicorn__D_burst__rep05,tabular
RAW_BENCHMARK_FILE,data\raw\raw data excel\03_django_gunicorn__D_burst__rep06.csv,03_django_gunicorn__D_burst__rep06.csv,.csv,69198392,2026-05-19T13:40:49.304373,True,3ee7253f5d7ddf99b2abc1250b3a96b71ee803b2448acfe991c47803591251b9,,03_django_gunicorn,D_burst,6,03_django_gunicorn__D_burst__rep06,tabular
RAW_BENCHMARK_FILE,data\raw\raw data excel\03_django_gunicorn__D_burst__rep07.csv,03_django_gunicorn__D_burst__rep07.csv,.csv,61508623,2026-05-19T14:13:31.394573,True,f31f1d556fb180c9a8f5d39df2daa6c2c4fa907b28076f73e8b72c7f7e4758be,,03_django_gunicorn,D_burst,7,03_django_gunicorn__D_burst__rep07,tabular
RAW_BENCHMARK_FILE,data\raw\raw data excel\03_django_gunicorn__D_burst__rep08.csv,03_django_gunicorn__D_burst__rep08.csv,.csv,74617503,2026-05-19T14:46:14.173264,True,b2221c05c6663931ccaf9603457c6d40a1dd59b622a5e36a7a10a3e94f7fb350,,03_django_gunicorn,D_burst,8,03_django_gunicorn__D_burst__rep08,tabular
RAW_BENCHMARK_FILE,data\raw\raw data excel\03_django_gunicorn__D_burst__rep09.csv,03_django_gunicorn__D_burst__rep09.csv,.csv,57927422,2026-05-19T15:18:55.231223,True,99b747f02a88fd66cc01df9c186ea228db9389cd91536dd83629bc158a8d77c1,,03_django_gunicorn,D_burst,9,03_django_gunicorn__D_burst__rep09,tabular
RAW_BENCHMARK_FILE,data\raw\raw data excel\03_django_gunicorn__D_burst__rep10.csv,03_django_gunicorn__D_burst__rep10.csv,.csv,74218762,2026-05-19T15:51:40.194500,True,b81b181c3a5ddf3286a81c196a6c6723d33f87611db807e4d33d445301e99fff,,03_django_gunicorn,D_burst,10,03_django_gunicorn__D_burst__rep10,tabular
RAW_BENCHMARK_FILE,data\raw\raw data excel\04_aca__A_browse__rep01.csv,04_aca__A_browse__rep01.csv,.csv,119479254,2026-05-19T16:24:40.264583,True,1e97ad863077dbc05e5bd5107310055e3e02c111c59a2590fa298305663dd947,,04_aca,A_browse,1,04_aca__A_browse__rep01,tabular
RAW_BENCHMARK_FILE,data\raw\raw data excel\04_aca__A_browse__rep02.csv,04_aca__A_browse__rep02.csv,.csv,123192684,2026-05-19T16:57:12.644849,True,68e120c87597c3689bd4a4333510e6562c82d5d6dcd86317cc47f447c592cc96,,04_aca,A_browse,2,04_aca__A_browse__rep02,tabular
RAW_BENCHMARK_FILE,data\raw\raw data excel\04_aca__A_browse__rep03.csv,04_aca__A_browse__rep03.csv,.csv,123211654,2026-05-19T17:29:46.650590,True,b46331d33fccc61876a3e15e85eca9bb346165ca198274c884284e4e2c50d027,,04_aca,A_browse,3,04_aca__A_browse__rep03,tabular
RAW_BENCHMARK_FILE,data\raw\raw data excel\04_aca__A_browse__rep04.csv,04_aca__A_browse__rep04.csv,.csv,123252753,2026-05-19T18:02:21.836026,True,2f875e27c61cb64f8e09b3ce11496b23d981feaeae2587fd58b30ad7976fd7ac,,04_aca,A_browse,4,04_aca__A_browse__rep04,tabular
RAW_BENCHMARK_FILE,data\raw\raw data excel\04_aca__A_browse__rep05.csv,04_aca__A_browse__rep05.csv,.csv,123222193,2026-05-19T18:34:56.334035,True,90b7c5dc93d6035ed8e91738fa2c4dad5bc39d72d1238dec47cbedf78e8eff46,,04_aca,A_browse,5,04_aca__A_browse__rep05,tabular
RAW_BENCHMARK_FILE,data\raw\raw data excel\04_aca__A_browse__rep06.csv,04_aca__A_browse__rep06.csv,.csv,123227720,2026-05-19T19:07:27.839919,True,631c01f01b0a99866c16145eb2c8cb0285b4226ccccba7ebf9dd0b951fb28b83,,04_aca,A_browse,6,04_aca__A_browse__rep06,tabular
RAW_BENCHMARK_FILE,data\raw\raw data excel\04_aca__A_browse__rep07.csv,04_aca__A_browse__rep07.csv,.csv,123204830,2026-05-19T19:39:59.140124,True,bcbf49c99d93397812917fe50f20f6bce1389c654b215be498b2dbb0a0c06e04,,04_aca,A_browse,7,04_aca__A_browse__rep07,tabular
RAW_BENCHMARK_FILE,data\raw\raw data excel\04_aca__A_browse__rep08.csv,04_aca__A_browse__rep08.csv,.csv,123192077,2026-05-19T20:12:30.155759,True,304255c0bd31be73f0cf27b4535e821509e50af881953b41ef32a68b0417e750,,04_aca,A_browse,8,04_aca__A_browse__rep08,tabular
RAW_BENCHMARK_FILE,data\raw\raw data excel\04_aca__A_browse__rep09.csv,04_aca__A_browse__rep09.csv,.csv,123227812,2026-05-19T20:45:01.448375,True,5fe3e71a6b83173c20b224534384132e48e37710737b068f002bbb93a0dbfee2,,04_aca,A_browse,9,04_aca__A_browse__rep09,tabular
RAW_BENCHMARK_FILE,data\raw\raw data excel\04_aca__A_browse__rep10.csv,04_aca__A_browse__rep10.csv,.csv,123858722,2026-05-19T21:17:32.919075,True,0cbe5a8f43d97a3b6bb9d7ce87879b74a2e483d6e7c32de092ef9c69f6c03922,,04_aca,A_browse,10,04_aca__A_browse__rep10,tabular
RAW_BENCHMARK_FILE,data\raw\raw data excel\04_aca__B_mixed__rep01.csv,04_aca__B_mixed__rep01.csv,.csv,92633385,2026-05-19T21:50:11.159985,True,a453ca14766ba893c2b6c110d2de6d7484b875d730856a5f86bea27e053be91f,,04_aca,B_mixed,1,04_aca__B_mixed__rep01,tabular
RAW_BENCHMARK_FILE,data\raw\raw data excel\04_aca__B_mixed__rep02.csv,04_aca__B_mixed__rep02.csv,.csv,92608084,2026-05-19T22:22:44.864547,True,4b9fba04e08c9e1779ef56c7c4ac442415c0b35995ee2f3cf3a63473da2b4394,,04_aca,B_mixed,2,04_aca__B_mixed__rep02,tabular
RAW_BENCHMARK_FILE,data\raw\raw data excel\04_aca__B_mixed__rep03.csv,04_aca__B_mixed__rep03.csv,.csv,92595393,2026-05-19T22:55:17.615836,True,a97d708a49e732845b20f2595a1c8306a8bb1119c5eb0344dc4cdb3ebbfb7042,,04_aca,B_mixed,3,04_aca__B_mixed__rep03,tabular
RAW_BENCHMARK_FILE,data\raw\raw data excel\04_aca__B_mixed__rep04.csv,04_aca__B_mixed__rep04.csv,.csv,92604498,2026-05-19T23:27:49.987468,True,467c52e9bb7046d4ced2217ec97e3f2bf459d437b0cbe380bba8a59f9bdfaece,,04_aca,B_mixed,4,04_aca__B_mixed__rep04,tabular
RAW_BENCHMARK_FILE,data\raw\raw data excel\04_aca__B_mixed__rep05.csv,04_aca__B_mixed__rep05.csv,.csv,92601911,2026-05-20T00:00:19.805628,True,9dfb39d0b791d49b97d9cabfe7593f1bfb90740bd06484e9310c030d03259f53,,04_aca,B_mixed,5,04_aca__B_mixed__rep05,tabular
RAW_BENCHMARK_FILE,data\raw\raw data excel\04_aca__B_mixed__rep06.csv,04_aca__B_mixed__rep06.csv,.csv,92576358,2026-05-20T00:32:55.688576,True,c23bb218d55807f7c0b61622f918c91e81ba41322e9c840655966bb7dd5fba68,,04_aca,B_mixed,6,04_aca__B_mixed__rep06,tabular
RAW_BENCHMARK_FILE,data\raw\raw data excel\04_aca__B_mixed__rep07.csv,04_aca__B_mixed__rep07.csv,.csv,92611056,2026-05-20T01:05:25.225002,True,994e4edbd28faa8a7a131e5514c05a312a47b0473c3b64a4a762497bdaff9119,,04_aca,B_mixed,7,04_aca__B_mixed__rep07,tabular
RAW_BENCHMARK_FILE,data\raw\raw data excel\04_aca__B_mixed__rep08.csv,04_aca__B_mixed__rep08.csv,.csv,92576426,2026-05-20T01:37:54.127787,True,681b808442801300f4c632ec6480eb7b6ba95d2497621b902b2816c5d004e67c,,04_aca,B_mixed,8,04_aca__B_mixed__rep08,tabular
RAW_BENCHMARK_FILE,data\raw\raw data excel\04_aca__B_mixed__rep09.csv,04_aca__B_mixed__rep09.csv,.csv,92567148,2026-05-20T02:10:23.141857,True,81385a2673dd2599c11514936d22c59bdc2fbe373b89e8970cfe580763a5333f,,04_aca,B_mixed,9,04_aca__B_mixed__rep09,tabular
RAW_BENCHMARK_FILE,data\raw\raw data excel\04_aca__B_mixed__rep10.csv,04_aca__B_mixed__rep10.csv,.csv,93070897,2026-05-20T02:42:51.433793,True,18463f2e9d5dc6ffd8c4f28ed509fd2574610c81388cb3b6cb147258a3bae338,,04_aca,B_mixed,10,04_aca__B_mixed__rep10,tabular
RAW_BENCHMARK_FILE,data\raw\raw data excel\04_aca__C_checkout__rep01.csv,04_aca__C_checkout__rep01.csv,.csv,164549054,2026-05-20T03:15:20.698978,True,9972add0216a3549356d1a1f36ebfa7cd749f5b0e66e5574f91ad67ffcdd9c67,,04_aca,C_checkout,1,04_aca__C_checkout__rep01,tabular
RAW_BENCHMARK_FILE,data\raw\raw data excel\04_aca__C_checkout__rep02.csv,04_aca__C_checkout__rep02.csv,.csv,164534632,2026-05-20T03:47:51.678946,True,5e595bd4a7755d73ebc51fcc62739c7d7d4a7c0795ca8e3dd0f2e417eb15e9ca,,04_aca,C_checkout,2,04_aca__C_checkout__rep02,tabular
RAW_BENCHMARK_FILE,data\raw\raw data excel\04_aca__C_checkout__rep03.csv,04_aca__C_checkout__rep03.csv,.csv,164525222,2026-05-20T04:20:23.371354,True,40e6b920e2253cb3942a1c9a8cbb38e69acad2a8c66cf7fcdc243c4441ccaa24,,04_aca,C_checkout,3,04_aca__C_checkout__rep03,tabular
RAW_BENCHMARK_FILE,data\raw\raw data excel\04_aca__C_checkout__rep04.csv,04_aca__C_checkout__rep04.csv,.csv,164519776,2026-05-20T04:52:54.405056,True,777c87c43ecc5eb554c0b18fd61e44c83482fbe01ba7c72d9125dd66f11398cc,,04_aca,C_checkout,4,04_aca__C_checkout__rep04,tabular
RAW_BENCHMARK_FILE,data\raw\raw data excel\04_aca__C_checkout__rep05.csv,04_aca__C_checkout__rep05.csv,.csv,164513358,2026-05-20T05:25:25.653705,True,a02725517b66cd71ca174ad5c269a1a0ff3bf3799aae819f7240685dba21ca7f,,04_aca,C_checkout,5,04_aca__C_checkout__rep05,tabular
RAW_BENCHMARK_FILE,data\raw\raw data excel\04_aca__C_checkout__rep06.csv,04_aca__C_checkout__rep06.csv,.csv,164510273,2026-05-20T05:57:56.539386,True,c4c0f979f18fc92cb1174a30ae84e519c0582527f2f57de94e9766f4572915f7,,04_aca,C_checkout,6,04_aca__C_checkout__rep06,tabular
RAW_BENCHMARK_FILE,data\raw\raw data excel\04_aca__C_checkout__rep07.csv,04_aca__C_checkout__rep07.csv,.csv,164514140,2026-05-20T06:30:28.260056,True,e6c632cb6e78460f4ca0e1b6abf55c3bec74d2ba4e531e1e84935f7f15f9c8eb,,04_aca,C_checkout,7,04_aca__C_checkout__rep07,tabular
RAW_BENCHMARK_FILE,data\raw\raw data excel\04_aca__C_checkout__rep08.csv,04_aca__C_checkout__rep08.csv,.csv,164521195,2026-05-20T07:02:58.805530,True,9bf07166dda0042263e34d9a7b2051dc0a4f647ae26868e20657dfcda1b203ec,,04_aca,C_checkout,8,04_aca__C_checkout__rep08,tabular
RAW_BENCHMARK_FILE,data\raw\raw data excel\04_aca__C_checkout__rep09.csv,04_aca__C_checkout__rep09.csv,.csv,164525660,2026-05-20T07:35:29.498186,True,1beb003dae72482658eb52edb9a5bba64ca2b754aa6ec78541be2e689f79a0f8,,04_aca,C_checkout,9,04_aca__C_checkout__rep09,tabular
RAW_BENCHMARK_FILE,data\raw\raw data excel\04_aca__C_checkout__rep10.csv,04_aca__C_checkout__rep10.csv,.csv,165244763,2026-05-20T08:07:59.984374,True,0c860052fcc5051c52c49df8f980bc966f888ad0865ba85ce09fbdcb8da62c4f,,04_aca,C_checkout,10,04_aca__C_checkout__rep10,tabular
RAW_BENCHMARK_FILE,data\raw\raw data excel\04_aca__D_burst__rep01.csv,04_aca__D_burst__rep01.csv,.csv,103034988,2026-05-20T08:40:29.854691,True,15e334577eaf9e60d710d631550a98bfe591237192202001d6abc55b640ca14c,,04_aca,D_burst,1,04_aca__D_burst__rep01,tabular
RAW_BENCHMARK_FILE,data\raw\raw data excel\04_aca__D_burst__rep02.csv,04_aca__D_burst__rep02.csv,.csv,103031908,2026-05-20T09:12:57.967198,True,3b5c0872e6d0e1f0a90cf777984206d1b629b834fe7c1ab4016b746c792a1ccf,,04_aca,D_burst,2,04_aca__D_burst__rep02,tabular
RAW_BENCHMARK_FILE,data\raw\raw data excel\04_aca__D_burst__rep03.csv,04_aca__D_burst__rep03.csv,.csv,103040636,2026-05-20T09:45:26.421873,True,c478f5cc487385fd69a92e5e4b5af6b1e70e6449625e3c0b3d61496019eaeaed,,04_aca,D_burst,3,04_aca__D_burst__rep03,tabular
RAW_BENCHMARK_FILE,data\raw\raw data excel\04_aca__D_burst__rep04.csv,04_aca__D_burst__rep04.csv,.csv,103038996,2026-05-20T10:17:55.414893,True,ef5ee41bbdd1b797932b4f0af8083c0e5a6a82b6ed7a46b3eda19045e7302e6e,,04_aca,D_burst,4,04_aca__D_burst__rep04,tabular
RAW_BENCHMARK_FILE,data\raw\raw data excel\04_aca__D_burst__rep05.csv,04_aca__D_burst__rep05.csv,.csv,103046613,2026-05-20T10:50:24.050647,True,18e0eeccbdb15bb7162e1edb48dbf96e2e11aa4f2a24e68f1771ef49d7fb7327,,04_aca,D_burst,5,04_aca__D_burst__rep05,tabular
RAW_BENCHMARK_FILE,data\raw\raw data excel\04_aca__D_burst__rep06.csv,04_aca__D_burst__rep06.csv,.csv,103102405,2026-05-20T11:22:52.251714,True,eb035a404ca4974f77fd62334d8d1733f8b8e79fe308843914e27e2eb309c542,,04_aca,D_burst,6,04_aca__D_burst__rep06,tabular
RAW_BENCHMARK_FILE,data\raw\raw data excel\04_aca__D_burst__rep07.csv,04_aca__D_burst__rep07.csv,.csv,103065505,2026-05-20T11:55:21.641478,True,d4fbe9b06d91eeef6ecd10c2a0fbcda380d6a1e8aed763177fef0a66b4f24c47,,04_aca,D_burst,7,04_aca__D_burst__rep07,tabular
RAW_BENCHMARK_FILE,data\raw\raw data excel\04_aca__D_burst__rep08.csv,04_aca__D_burst__rep08.csv,.csv,103077788,2026-05-20T12:27:51.285091,True,5a66372938a38e6ff9ec50b9cca72bd7c561efed58fc50e9eccdd130a792ed1a,,04_aca,D_burst,8,04_aca__D_burst__rep08,tabular
RAW_BENCHMARK_FILE,data\raw\raw data excel\04_aca__D_burst__rep09.csv,04_aca__D_burst__rep09.csv,.csv,103083307,2026-05-20T13:00:20.907319,True,54cd1f61cd2adee2e3b5147886ba1b44c198dbc55691a8ff73c7688c2c208e0b,,04_aca,D_burst,9,04_aca__D_burst__rep09,tabular
RAW_BENCHMARK_FILE,data\raw\raw data excel\04_aca__D_burst__rep10.csv,04_aca__D_burst__rep10.csv,.csv,103598533,2026-05-20T13:32:51.650945,True,f66e8cf00dbd909a992586cd955b04b2d6976b6a58701338b58f12f69f33684a,,04_aca,D_burst,10,04_aca__D_burst__rep10,tabular
RAW_BENCHMARK_FILE,data\raw\raw data excel\05_koyeb__A_browse__rep01.csv,05_koyeb__A_browse__rep01.csv,.csv,110877511,2026-05-20T14:05:31.657557,True,d7e71f2d04c721bb19f36718cd2284485add7b7d88c77b42ea7cc1057bc9819f,,05_koyeb,A_browse,1,05_koyeb__A_browse__rep01,tabular
RAW_BENCHMARK_FILE,data\raw\raw data excel\05_koyeb__A_browse__rep02.csv,05_koyeb__A_browse__rep02.csv,.csv,110389379,2026-05-20T14:37:59.927159,True,eccac0405ef9c80b2be19ad2dc4fe73593f6c158318c5312940dc612bf97f245,,05_koyeb,A_browse,2,05_koyeb__A_browse__rep02,tabular
RAW_BENCHMARK_FILE,data\raw\raw data excel\05_koyeb__A_browse__rep03.csv,05_koyeb__A_browse__rep03.csv,.csv,113322972,2026-05-20T15:10:27.825670,True,244eda7d751572c3ed85a322907fe53ee5c37f5c143f99e834c556e70de3ab6f,,05_koyeb,A_browse,3,05_koyeb__A_browse__rep03,tabular
RAW_BENCHMARK_FILE,data\raw\raw data excel\05_koyeb__A_browse__rep04.csv,05_koyeb__A_browse__rep04.csv,.csv,113313186,2026-05-20T15:43:26.526446,True,e0e2d4ba96b6f47030e704bfcca03df03425545065e8fb81d8491a8084b29fbb,,05_koyeb,A_browse,4,05_koyeb__A_browse__rep04,tabular
RAW_BENCHMARK_FILE,data\raw\raw data excel\05_koyeb__A_browse__rep05.csv,05_koyeb__A_browse__rep05.csv,.csv,113561346,2026-05-20T16:15:58.265195,True,31ba2c6cfeb60000f3bb91875759e4b53bfa5a1a86eeeb2ff6b6859726a71675,,05_koyeb,A_browse,5,05_koyeb__A_browse__rep05,tabular
RAW_BENCHMARK_FILE,data\raw\raw data excel\05_koyeb__A_browse__rep06.csv,05_koyeb__A_browse__rep06.csv,.csv,112406771,2026-05-20T16:48:46.750510,True,54b46a811e1f404c927ad541a283df2820d355a46ba9e6ec55ed6e1678bee78b,,05_koyeb,A_browse,6,05_koyeb__A_browse__rep06,tabular
RAW_BENCHMARK_FILE,data\raw\raw data excel\05_koyeb__A_browse__rep07.csv,05_koyeb__A_browse__rep07.csv,.csv,112586011,2026-05-20T17:21:16.503474,True,6434384e4ed9cd63beb8e8d938dfa961a48a1cc20383adc2af49b81d3ac6a478,,05_koyeb,A_browse,7,05_koyeb__A_browse__rep07,tabular
RAW_BENCHMARK_FILE,data\raw\raw data excel\05_koyeb__A_browse__rep08.csv,05_koyeb__A_browse__rep08.csv,.csv,112683968,2026-05-20T17:53:51.207427,True,a59f8431e6e251d781de69c1f7ad94eff00f057f9a37cfa72a75883314aa59a1,,05_koyeb,A_browse,8,05_koyeb__A_browse__rep08,tabular
RAW_BENCHMARK_FILE,data\raw\raw data excel\05_koyeb__A_browse__rep09.csv,05_koyeb__A_browse__rep09.csv,.csv,110821644,2026-05-20T18:26:22.391668,True,5eb97f5ce8971138267a3ee8232e45e7a86fdcb4368ef1ca24c619c2c8730002,,05_koyeb,A_browse,9,05_koyeb__A_browse__rep09,tabular
RAW_BENCHMARK_FILE,data\raw\raw data excel\05_koyeb__A_browse__rep10.csv,05_koyeb__A_browse__rep10.csv,.csv,110932233,2026-05-20T18:58:52.147876,True,5dafad08237ca6dad751a6bccdc59001aa1c0b5595c645d707c6d324d70df9e1,,05_koyeb,A_browse,10,05_koyeb__A_browse__rep10,tabular
RAW_BENCHMARK_FILE,data\raw\raw data excel\05_koyeb__B_mixed__rep01.csv,05_koyeb__B_mixed__rep01.csv,.csv,85327154,2026-05-20T19:31:52.286295,True,60e4afc13be6755f27d8ee47330d456a6cdaf44f35f652970eb464e09d02ab42,,05_koyeb,B_mixed,1,05_koyeb__B_mixed__rep01,tabular
RAW_BENCHMARK_FILE,data\raw\raw data excel\05_koyeb__B_mixed__rep02.csv,05_koyeb__B_mixed__rep02.csv,.csv,85307777,2026-05-20T20:04:19.641485,True,75ddb86be59bab90d9b53a37517883b02c02781320053413ac3976a666e6203d,,05_koyeb,B_mixed,2,05_koyeb__B_mixed__rep02,tabular
RAW_BENCHMARK_FILE,data\raw\raw data excel\05_koyeb__B_mixed__rep03.csv,05_koyeb__B_mixed__rep03.csv,.csv,85348329,2026-05-20T20:36:47.293214,True,fb6fe62864159effbdd7fca5b954e26eca5ff500d75c578502ff5f4d7365ed21,,05_koyeb,B_mixed,3,05_koyeb__B_mixed__rep03,tabular
RAW_BENCHMARK_FILE,data\raw\raw data excel\05_koyeb__B_mixed__rep04.csv,05_koyeb__B_mixed__rep04.csv,.csv,85327207,2026-05-20T21:09:14.929545,True,db2e2a58d9771d8b0522d2f7a924e2f93edfa2d499c3794f487846e8d2c3f38b,,05_koyeb,B_mixed,4,05_koyeb__B_mixed__rep04,tabular
RAW_BENCHMARK_FILE,data\raw\raw data excel\05_koyeb__B_mixed__rep05.csv,05_koyeb__B_mixed__rep05.csv,.csv,85257370,2026-05-20T21:41:44.816292,True,3c9bc3c5d98ba2075590ab6da8e5a756488394881278a25754165e39c0bc6235,,05_koyeb,B_mixed,5,05_koyeb__B_mixed__rep05,tabular
RAW_BENCHMARK_FILE,data\raw\raw data excel\05_koyeb__B_mixed__rep06.csv,05_koyeb__B_mixed__rep06.csv,.csv,84038331,2026-05-20T22:14:13.716069,True,087d23b75dc3fc708f4638d2f00792ebd299c65e03cbb82ba3498d0e3aa4f524,,05_koyeb,B_mixed,6,05_koyeb__B_mixed__rep06,tabular
RAW_BENCHMARK_FILE,data\raw\raw data excel\05_koyeb__B_mixed__rep07.csv,05_koyeb__B_mixed__rep07.csv,.csv,85360581,2026-05-20T22:46:41.480685,True,608dae62d4a687e50d72a5101a1c93bd49301d10088dc1edf3322a911b538c03,,05_koyeb,B_mixed,7,05_koyeb__B_mixed__rep07,tabular
RAW_BENCHMARK_FILE,data\raw\raw data excel\05_koyeb__B_mixed__rep08.csv,05_koyeb__B_mixed__rep08.csv,.csv,82969727,2026-05-20T23:19:09.974625,True,7adb6eed39f5cc1f45668dbfa651b7f8b893c74ac8d07aca6724e1bc84a9602b,,05_koyeb,B_mixed,8,05_koyeb__B_mixed__rep08,tabular
RAW_BENCHMARK_FILE,data\raw\raw data excel\05_koyeb__B_mixed__rep09.csv,05_koyeb__B_mixed__rep09.csv,.csv,85347182,2026-05-20T23:52:06.976415,True,6ff73d84a8da18125f1fcf2c2d20bc620047387762c5c4e239f2068ad887457f,,05_koyeb,B_mixed,9,05_koyeb__B_mixed__rep09,tabular
RAW_BENCHMARK_FILE,data\raw\raw data excel\05_koyeb__B_mixed__rep10.csv,05_koyeb__B_mixed__rep10.csv,.csv,85791817,2026-05-21T00:25:06.638119,True,c63ff4cc039d24f3a3b85ef3f48d40dc286fe04187f181251c3b9a0c81742abb,,05_koyeb,B_mixed,10,05_koyeb__B_mixed__rep10,tabular
RAW_BENCHMARK_FILE,data\raw\raw data excel\05_koyeb__C_checkout__rep01.csv,05_koyeb__C_checkout__rep01.csv,.csv,149468804,2026-05-21T00:57:37.668606,True,ef988c628ed1c85ffdac8cc76beb9d070b80fee67ff5c6de4839d3d58686cd05,,05_koyeb,C_checkout,1,05_koyeb__C_checkout__rep01,tabular
RAW_BENCHMARK_FILE,data\raw\raw data excel\05_koyeb__C_checkout__rep02.csv,05_koyeb__C_checkout__rep02.csv,.csv,148746979,2026-05-21T01:30:11.919688,True,943e4853e5a70df7d26cadc93fd9b69794ba2e6289c31198908b92fb40235367,,05_koyeb,C_checkout,2,05_koyeb__C_checkout__rep02,tabular
RAW_BENCHMARK_FILE,data\raw\raw data excel\05_koyeb__C_checkout__rep03.csv,05_koyeb__C_checkout__rep03.csv,.csv,149362535,2026-05-21T02:02:41.601354,True,a5f80a81c27f1c0801cd59769fd15baf2ba7c1d978ce5ce1babfc06aaa53ec0f,,05_koyeb,C_checkout,3,05_koyeb__C_checkout__rep03,tabular
RAW_BENCHMARK_FILE,data\raw\raw data excel\05_koyeb__C_checkout__rep04.csv,05_koyeb__C_checkout__rep04.csv,.csv,149509430,2026-05-21T02:35:11.126192,True,986dbd54591d043ee290742ffdaff4d074926dc12d6a7134778ba6edff92881e,,05_koyeb,C_checkout,4,05_koyeb__C_checkout__rep04,tabular
RAW_BENCHMARK_FILE,data\raw\raw data excel\05_koyeb__C_checkout__rep05.csv,05_koyeb__C_checkout__rep05.csv,.csv,149502023,2026-05-21T03:07:41.466654,True,b538f8e61df2b6b66ab49f249c9f2cf3193cc1448c0ccc4a87276e75171ec43c,,05_koyeb,C_checkout,5,05_koyeb__C_checkout__rep05,tabular
RAW_BENCHMARK_FILE,data\raw\raw data excel\05_koyeb__C_checkout__rep06.csv,05_koyeb__C_checkout__rep06.csv,.csv,149528565,2026-06-01T19:31:23.435301,True,6e4e36302f1f93350282db46aa99e11c218e8b8b3cc8db27dab4838a231a334a,,05_koyeb,C_checkout,6,05_koyeb__C_checkout__rep06,tabular
RAW_BENCHMARK_FILE,data\raw\raw data excel\05_koyeb__C_checkout__rep07.csv,05_koyeb__C_checkout__rep07.csv,.csv,149443535,2026-06-01T20:05:55.374757,True,e5388f624902fe3fea0e315b7b4450759e2dabde801da1dc43c2933399c7bc8f,,05_koyeb,C_checkout,7,05_koyeb__C_checkout__rep07,tabular
RAW_BENCHMARK_FILE,data\raw\raw data excel\05_koyeb__C_checkout__rep08.csv,05_koyeb__C_checkout__rep08.csv,.csv,69192696,2026-06-01T20:46:52.180121,True,04802d11368082696b2040b4bf8dac7d384d412000dda3369f58dd08e604857d,,05_koyeb,C_checkout,8,05_koyeb__C_checkout__rep08,tabular
RAW_BENCHMARK_FILE,data\raw\raw data excel\05_koyeb__C_checkout__rep09.csv,05_koyeb__C_checkout__rep09.csv,.csv,148711166,2026-06-01T21:21:09.031418,True,cdd6da8c57e35ceb64dde65252e2996668597cfe38c20ab0a08a493986268905,,05_koyeb,C_checkout,9,05_koyeb__C_checkout__rep09,tabular
RAW_BENCHMARK_FILE,data\raw\raw data excel\05_koyeb__C_checkout__rep10.csv,05_koyeb__C_checkout__rep10.csv,.csv,149159046,2026-06-01T21:55:41.688027,True,904cf63fafedaebab3019706c139b17630298999d43a829f01aefbb41aa6da79,,05_koyeb,C_checkout,10,05_koyeb__C_checkout__rep10,tabular
RAW_BENCHMARK_FILE,data\raw\raw data excel\05_koyeb__D_burst__rep01.csv,05_koyeb__D_burst__rep01.csv,.csv,94304976,2026-06-01T22:29:44.465454,True,295105c04cf64217db807f45853e0f701e439950a5da640e0737373bdde9c5de,,05_koyeb,D_burst,1,05_koyeb__D_burst__rep01,tabular
RAW_BENCHMARK_FILE,data\raw\raw data excel\05_koyeb__D_burst__rep02.csv,05_koyeb__D_burst__rep02.csv,.csv,94313614,2026-06-01T23:03:46.569675,True,cb20a16cacc768dae529d275457c7848cecc666620501bf181129979f0f15765,,05_koyeb,D_burst,2,05_koyeb__D_burst__rep02,tabular
RAW_BENCHMARK_FILE,data\raw\raw data excel\05_koyeb__D_burst__rep03.csv,05_koyeb__D_burst__rep03.csv,.csv,94303265,2026-06-01T23:37:48.219381,True,50c8acd7cc2e4184772f55075ac6ef2081e4f4463b35e247a2081ea9899fa58d,,05_koyeb,D_burst,3,05_koyeb__D_burst__rep03,tabular
RAW_BENCHMARK_FILE,data\raw\raw data excel\05_koyeb__D_burst__rep04.csv,05_koyeb__D_burst__rep04.csv,.csv,94305937,2026-06-02T00:11:47.817027,True,3559689791b719b3c40ecacc1669c8e9d13320dc6763b6369adbbd7de3471a02,,05_koyeb,D_burst,4,05_koyeb__D_burst__rep04,tabular
RAW_BENCHMARK_FILE,data\raw\raw data excel\05_koyeb__D_burst__rep05.csv,05_koyeb__D_burst__rep05.csv,.csv,94295121,2026-06-02T00:45:46.275967,True,b79f3fa4dbdbe7dba530bd6d8b5aff1d6211e9844ea669bfde5912f036236f38,,05_koyeb,D_burst,5,05_koyeb__D_burst__rep05,tabular
RAW_BENCHMARK_FILE,data\raw\raw data excel\05_koyeb__D_burst__rep06.csv,05_koyeb__D_burst__rep06.csv,.csv,94186883,2026-06-02T01:19:45.041090,True,3cf6e6559518024f45c519ffd502fcf3cbfe0de19bebeea9668bbdb11e751599,,05_koyeb,D_burst,6,05_koyeb__D_burst__rep06,tabular
RAW_BENCHMARK_FILE,data\raw\raw data excel\05_koyeb__D_burst__rep07.csv,05_koyeb__D_burst__rep07.csv,.csv,94304871,2026-06-02T01:53:45.081303,True,9bad7f6601530deadb0b0f34e74a5ca7ce353e29db1e465074187330ca5160c0,,05_koyeb,D_burst,7,05_koyeb__D_burst__rep07,tabular
RAW_BENCHMARK_FILE,data\raw\raw data excel\05_koyeb__D_burst__rep08.csv,05_koyeb__D_burst__rep08.csv,.csv,94325081,2026-06-02T02:27:43.814427,True,74d8578025ba2af4b17bd26455a55b488c69f2d0d3c7659ec486b2104c9d62ab,,05_koyeb,D_burst,8,05_koyeb__D_burst__rep08,tabular
RAW_BENCHMARK_FILE,data\raw\raw data excel\05_koyeb__D_burst__rep09.csv,05_koyeb__D_burst__rep09.csv,.csv,94305198,2026-06-02T03:01:42.339496,True,51fc8555d9dcab03a23817c4ef02eaa9c2eef7b1d2668da067968015b6094d6f,,05_koyeb,D_burst,9,05_koyeb__D_burst__rep09,tabular
RAW_BENCHMARK_FILE,data\raw\raw data excel\05_koyeb__D_burst__rep10.csv,05_koyeb__D_burst__rep10.csv,.csv,94837078,2026-06-02T03:35:41.015610,True,973ad85fc9fdbb71f35d4e5cfc88c115881ae69c4d9e1c7ef4a1c0ca465f1c90,,05_koyeb,D_burst,10,05_koyeb__D_burst__rep10,tabular
RAW_BENCHMARK_FILE,data\raw\raw data excel\06_flyio__A_browse__rep01.csv,06_flyio__A_browse__rep01.csv,.csv,92196838,2026-06-02T04:09:45.300179,True,a197e7b33a508540c30a5a9f11b1544e7d0ec6a05806150862868b1d7f2429c7,,06_flyio,A_browse,1,06_flyio__A_browse__rep01,tabular
RAW_BENCHMARK_FILE,data\raw\raw data excel\06_flyio__A_browse__rep02.csv,06_flyio__A_browse__rep02.csv,.csv,92208189,2026-06-02T04:43:46.950399,True,448ac3ce6f870d494a21e54c7b405c42bba50e4ead49292b62517c8c236edbd3,,06_flyio,A_browse,2,06_flyio__A_browse__rep02,tabular
RAW_BENCHMARK_FILE,data\raw\raw data excel\06_flyio__A_browse__rep03.csv,06_flyio__A_browse__rep03.csv,.csv,92173433,2026-06-02T05:17:47.590752,True,b8a51508c6212e404c919af8596ca060b729c86e2464e7fa261ee6e799a2546c,,06_flyio,A_browse,3,06_flyio__A_browse__rep03,tabular
RAW_BENCHMARK_FILE,data\raw\raw data excel\06_flyio__A_browse__rep04.csv,06_flyio__A_browse__rep04.csv,.csv,91970407,2026-06-02T05:51:58.929729,True,0d1487356d2279efb6eecd0e200e1a9209ea0de84ec8fb12f281f5f945f8b168,,06_flyio,A_browse,4,06_flyio__A_browse__rep04,tabular
RAW_BENCHMARK_FILE,data\raw\raw data excel\06_flyio__A_browse__rep05.csv,06_flyio__A_browse__rep05.csv,.csv,92232957,2026-06-02T06:26:03.829109,True,feea59d0a7906d916c29a9fb5457156951822ac9cd09edd4ab7c6423b7bcb7cd,,06_flyio,A_browse,5,06_flyio__A_browse__rep05,tabular
RAW_BENCHMARK_FILE,data\raw\raw data excel\06_flyio__A_browse__rep06.csv,06_flyio__A_browse__rep06.csv,.csv,92225708,2026-06-02T07:00:05.661754,True,5796db36c9a925fe49f4df9f32b9957ef0bb3d5ffef8782210ad9a9aa2661d8f,,06_flyio,A_browse,6,06_flyio__A_browse__rep06,tabular
RAW_BENCHMARK_FILE,data\raw\raw data excel\06_flyio__A_browse__rep07.csv,06_flyio__A_browse__rep07.csv,.csv,91619684,2026-06-02T07:34:26.048535,True,28ca58690f5b05966703a567f754846261c4ff3b7732649770d0bb5d68ae4df8,,06_flyio,A_browse,7,06_flyio__A_browse__rep07,tabular
RAW_BENCHMARK_FILE,data\raw\raw data excel\06_flyio__A_browse__rep08.csv,06_flyio__A_browse__rep08.csv,.csv,92102608,2026-06-02T08:08:54.797544,True,d6143f614c2aac1e4e332524ef17e1c664e91980c8d711dbd0efd9d6a6de8df5,,06_flyio,A_browse,8,06_flyio__A_browse__rep08,tabular
RAW_BENCHMARK_FILE,data\raw\raw data excel\06_flyio__A_browse__rep09.csv,06_flyio__A_browse__rep09.csv,.csv,92226137,2026-06-02T08:43:12.482596,True,54ef6c9ac90c047f03fa30d4a89bec16eb537503d86a59930d0b8263a61a5b63,,06_flyio,A_browse,9,06_flyio__A_browse__rep09,tabular
RAW_BENCHMARK_FILE,data\raw\raw data excel\06_flyio__A_browse__rep10.csv,06_flyio__A_browse__rep10.csv,.csv,92805343,2026-06-02T09:17:16.295427,True,90b8663342bfdc0be5839829ed5fd58c565f42100219bb9a61e2875970a22a1e,,06_flyio,A_browse,10,06_flyio__A_browse__rep10,tabular
RAW_BENCHMARK_FILE,data\raw\raw data excel\06_flyio__B_mixed__rep01.csv,06_flyio__B_mixed__rep01.csv,.csv,69345636,2026-06-02T09:51:16.905774,True,122f286e73b46d7b43213584b5849cfaa2fc692a9306460d22938dec6e467bf0,,06_flyio,B_mixed,1,06_flyio__B_mixed__rep01,tabular
RAW_BENCHMARK_FILE,data\raw\raw data excel\06_flyio__B_mixed__rep02.csv,06_flyio__B_mixed__rep02.csv,.csv,69298821,2026-06-02T10:25:17.772945,True,3f05efb5b625f672dfe343be45672d5ea0d6b77cbbe84ea95d71c297fba53c00,,06_flyio,B_mixed,2,06_flyio__B_mixed__rep02,tabular
RAW_BENCHMARK_FILE,data\raw\raw data excel\06_flyio__B_mixed__rep03.csv,06_flyio__B_mixed__rep03.csv,.csv,69316078,2026-06-02T10:59:19.034154,True,198ad52cb25758ddd890ee7b13f30277028bbe271d1700fddf380e7130670325,,06_flyio,B_mixed,3,06_flyio__B_mixed__rep03,tabular
RAW_BENCHMARK_FILE,data\raw\raw data excel\06_flyio__B_mixed__rep04.csv,06_flyio__B_mixed__rep04.csv,.csv,69334362,2026-06-02T11:33:25.120782,True,c3f6396c031dadcadcfa1bee6f843dcadb693f0ac95b278b01c27f7e80342204,,06_flyio,B_mixed,4,06_flyio__B_mixed__rep04,tabular
RAW_BENCHMARK_FILE,data\raw\raw data excel\06_flyio__B_mixed__rep05.csv,06_flyio__B_mixed__rep05.csv,.csv,69310784,2026-06-02T12:07:25.497242,True,59c70cab075fd8223337e4dca832f945e927b96658f29448e36862efcdc1805c,,06_flyio,B_mixed,5,06_flyio__B_mixed__rep05,tabular
RAW_BENCHMARK_FILE,data\raw\raw data excel\06_flyio__B_mixed__rep06.csv,06_flyio__B_mixed__rep06.csv,.csv,69290088,2026-06-02T12:41:26.058890,True,0293a86fb32235497f561824fc47b4562fe6f66a1a42db15b2f62f14a87b762d,,06_flyio,B_mixed,6,06_flyio__B_mixed__rep06,tabular
RAW_BENCHMARK_FILE,data\raw\raw data excel\06_flyio__B_mixed__rep07.csv,06_flyio__B_mixed__rep07.csv,.csv,69328151,2026-06-02T13:15:28.292524,True,2a29b9fb47633a445df07153c7b5435764af047287aa5f03060fb8ae3eddb462,,06_flyio,B_mixed,7,06_flyio__B_mixed__rep07,tabular
RAW_BENCHMARK_FILE,data\raw\raw data excel\06_flyio__B_mixed__rep08.csv,06_flyio__B_mixed__rep08.csv,.csv,69342943,2026-05-21T14:30:04.971391,True,6fd378e84cf8b431112f2b66227601791be5047c8464ae3ee58a8c843efe750f,,06_flyio,B_mixed,8,06_flyio__B_mixed__rep08,tabular
RAW_BENCHMARK_FILE,data\raw\raw data excel\06_flyio__B_mixed__rep09.csv,06_flyio__B_mixed__rep09.csv,.csv,63016155,2026-05-21T15:02:42.857194,True,0feeba81869421c7852981c4616ebf1f5fbf58dd4de5365e95132d1f9fa707ad,,06_flyio,B_mixed,9,06_flyio__B_mixed__rep09,tabular
RAW_BENCHMARK_FILE,data\raw\raw data excel\06_flyio__B_mixed__rep10.csv,06_flyio__B_mixed__rep10.csv,.csv,62717478,2026-05-21T15:35:11.897974,True,27896a4907a9ae3842321931f92bcad62fb18bfc5bfe86e04889f0f5f618fd9c,,06_flyio,B_mixed,10,06_flyio__B_mixed__rep10,tabular
RAW_BENCHMARK_FILE,data\raw\raw data excel\06_flyio__C_checkout__rep01.csv,06_flyio__C_checkout__rep01.csv,.csv,117477458,2026-06-02T13:49:35.818906,True,22e76675839605404323bf45b4db5854d86c069f7792c9fcb513b3ba44d80207,,06_flyio,C_checkout,1,06_flyio__C_checkout__rep01,tabular
RAW_BENCHMARK_FILE,data\raw\raw data excel\06_flyio__C_checkout__rep02.csv,06_flyio__C_checkout__rep02.csv,.csv,117229038,2026-06-02T14:24:06.496175,True,953491f9d5de62c51fa94b56a134b80f3d8f8f7bfdfd1a7f8e3da2d366c67a41,,06_flyio,C_checkout,2,06_flyio__C_checkout__rep02,tabular
RAW_BENCHMARK_FILE,data\raw\raw data excel\06_flyio__C_checkout__rep03.csv,06_flyio__C_checkout__rep03.csv,.csv,117428476,2026-06-02T14:58:15.775282,True,b52ffafa310f317e430195f7dadf76491f7e6fa73a410ed2bd2da63a0f19460d,,06_flyio,C_checkout,3,06_flyio__C_checkout__rep03,tabular
RAW_BENCHMARK_FILE,data\raw\raw data excel\06_flyio__C_checkout__rep04.csv,06_flyio__C_checkout__rep04.csv,.csv,116891138,2026-06-02T15:32:49.418785,True,d8544dcedb49b6bb1dbb4bc6177e44bb048fbdba37c6d09f494697ff5a82c483,,06_flyio,C_checkout,4,06_flyio__C_checkout__rep04,tabular
RAW_BENCHMARK_FILE,data\raw\raw data excel\06_flyio__C_checkout__rep05.csv,06_flyio__C_checkout__rep05.csv,.csv,117038431,2026-06-02T16:07:17.974208,True,211838ed03e0d21330b1d8f50b88198e68fbdd844f8992e9c3a20e31eec5033a,,06_flyio,C_checkout,5,06_flyio__C_checkout__rep05,tabular
RAW_BENCHMARK_FILE,data\raw\raw data excel\06_flyio__C_checkout__rep06.csv,06_flyio__C_checkout__rep06.csv,.csv,117243691,2026-06-02T16:41:23.309113,True,14511740d215392b79166a4b7eb9c6f3366b770b2de7b93a9a66f431cd933fba,,06_flyio,C_checkout,6,06_flyio__C_checkout__rep06,tabular
RAW_BENCHMARK_FILE,data\raw\raw data excel\06_flyio__C_checkout__rep07.csv,06_flyio__C_checkout__rep07.csv,.csv,116657532,2026-06-02T17:15:26.837023,True,4cd15e09ec9a872453f0b53f3f15589477193def1042252eb84710116560a9c2,,06_flyio,C_checkout,7,06_flyio__C_checkout__rep07,tabular
RAW_BENCHMARK_FILE,data\raw\raw data excel\06_flyio__C_checkout__rep08.csv,06_flyio__C_checkout__rep08.csv,.csv,117259183,2026-06-02T17:50:00.679611,True,f0c3ed39a39e208e80a3ef8770e0d9bb0fe49ddb40cd25b4d3ed6d9e00f2dbba,,06_flyio,C_checkout,8,06_flyio__C_checkout__rep08,tabular
RAW_BENCHMARK_FILE,data\raw\raw data excel\06_flyio__C_checkout__rep09.csv,06_flyio__C_checkout__rep09.csv,.csv,117079221,2026-06-02T18:24:25.206476,True,cb2afc5a7256b8a8a1c30caacc81b0735a17e79e2ecbe2631bf896c8bd093e4b,,06_flyio,C_checkout,9,06_flyio__C_checkout__rep09,tabular
RAW_BENCHMARK_FILE,data\raw\raw data excel\06_flyio__C_checkout__rep10.csv,06_flyio__C_checkout__rep10.csv,.csv,117903457,2026-06-02T18:58:28.933837,True,a6689de9c1849b9d950d3aab24f9241c833f411708d80dd4ddcd3e72bb15e5e8,,06_flyio,C_checkout,10,06_flyio__C_checkout__rep10,tabular
RAW_BENCHMARK_FILE,data\raw\raw data excel\06_flyio__D_burst__rep01.csv,06_flyio__D_burst__rep01.csv,.csv,70973522,2026-06-02T19:32:48.728303,True,6f4584a16926f03a0ee0cc230cee2499a79ac25e9d50d429e49b252516c33403,,06_flyio,D_burst,1,06_flyio__D_burst__rep01,tabular
RAW_BENCHMARK_FILE,data\raw\raw data excel\06_flyio__D_burst__rep02.csv,06_flyio__D_burst__rep02.csv,.csv,75307338,2026-06-02T20:06:57.068524,True,64ab5379b47f04ce6d02ef7917b58377b3d75df44370f6c832b223fe7da280b0,,06_flyio,D_burst,2,06_flyio__D_burst__rep02,tabular
RAW_BENCHMARK_FILE,data\raw\raw data excel\06_flyio__D_burst__rep03.csv,06_flyio__D_burst__rep03.csv,.csv,75287587,2026-06-02T20:41:00.590085,True,412f02512ef6fbe827a2731b28302df0d807326746c62d00af440cf5aaeb78ae,,06_flyio,D_burst,3,06_flyio__D_burst__rep03,tabular
RAW_BENCHMARK_FILE,data\raw\raw data excel\06_flyio__D_burst__rep04.csv,06_flyio__D_burst__rep04.csv,.csv,75342228,2026-06-02T21:15:05.756854,True,579333d514d8667955083f8d4c0ec0c0fa335df73f4dcee495f07af576ba46bc,,06_flyio,D_burst,4,06_flyio__D_burst__rep04,tabular
RAW_BENCHMARK_FILE,data\raw\raw data excel\06_flyio__D_burst__rep05.csv,06_flyio__D_burst__rep05.csv,.csv,75317104,2026-06-02T21:49:09.677044,True,93522e4a2d6d0996f168d7204af4448b0f2ea04aa927f372c11a887edc8fa881,,06_flyio,D_burst,5,06_flyio__D_burst__rep05,tabular
RAW_BENCHMARK_FILE,data\raw\raw data excel\06_flyio__D_burst__rep06.csv,06_flyio__D_burst__rep06.csv,.csv,75305703,2026-06-02T22:23:17.131520,True,637d395d112f0e6250c3cb0c6ee57576d5ce8326b6f086ede34d58128dff55d3,,06_flyio,D_burst,6,06_flyio__D_burst__rep06,tabular
RAW_BENCHMARK_FILE,data\raw\raw data excel\06_flyio__D_burst__rep07.csv,06_flyio__D_burst__rep07.csv,.csv,75329414,2026-06-02T22:57:18.051078,True,71968d5de7e1b84c72f290609b9678846e6112e6e131aad386ffe2cad42cc49e,,06_flyio,D_burst,7,06_flyio__D_burst__rep07,tabular
RAW_BENCHMARK_FILE,data\raw\raw data excel\06_flyio__D_burst__rep08.csv,06_flyio__D_burst__rep08.csv,.csv,75434680,2026-06-02T23:31:19.248934,True,993b7cb5e93e5186c3dfb32249fcaf7004dbd2bc5fb0206ac6f36ffad7c6a0fa,,06_flyio,D_burst,8,06_flyio__D_burst__rep08,tabular
RAW_BENCHMARK_FILE,data\raw\raw data excel\06_flyio__D_burst__rep09.csv,06_flyio__D_burst__rep09.csv,.csv,75334651,2026-06-03T00:05:20.010869,True,ad122a769180e81bafd4e65d266c1a2f35ba009524065674cbdf75e703e5668a,,06_flyio,D_burst,9,06_flyio__D_burst__rep09,tabular
RAW_BENCHMARK_FILE,data\raw\raw data excel\06_flyio__D_burst__rep10.csv,06_flyio__D_burst__rep10.csv,.csv,75813416,2026-06-03T00:39:21.555531,True,c6ec9052dfdaa7df204f5e692cba2350180f5acbf080e508429963ef3b0e3dee,,06_flyio,D_burst,10,06_flyio__D_burst__rep10,tabular
RAW_BENCHMARK_FILE,data\raw\raw data excel\07_iis_waitress__A_browse__rep01.csv,07_iis_waitress__A_browse__rep01.csv,.csv,85680725,2026-05-22T03:03:54.041085,True,ff76ac8948033289a79681eeca7cebd8104cec9b7093cf1572c55c196f66910f,,07_iis_waitress,A_browse,1,07_iis_waitress__A_browse__rep01,tabular
RAW_BENCHMARK_FILE,data\raw\raw data excel\07_iis_waitress__A_browse__rep02.csv,07_iis_waitress__A_browse__rep02.csv,.csv,85663463,2026-05-22T03:36:21.352261,True,7292a45daa00036746a81b0384472f0a002f3b8f9820e976ef77ad3a3205147f,,07_iis_waitress,A_browse,2,07_iis_waitress__A_browse__rep02,tabular
RAW_BENCHMARK_FILE,data\raw\raw data excel\07_iis_waitress__A_browse__rep03.csv,07_iis_waitress__A_browse__rep03.csv,.csv,85677797,2026-05-22T04:08:48.522645,True,1a72be5463651b5dd1614b37c684d9f2332b2d5c4cc03f8c458e16b649a71e87,,07_iis_waitress,A_browse,3,07_iis_waitress__A_browse__rep03,tabular
RAW_BENCHMARK_FILE,data\raw\raw data excel\07_iis_waitress__A_browse__rep04.csv,07_iis_waitress__A_browse__rep04.csv,.csv,85700068,2026-05-22T04:41:15.697249,True,eb789c18b0c984d064abeba86dbdb9edff05ce85441c8d3dbd2ee79615ce1bfb,,07_iis_waitress,A_browse,4,07_iis_waitress__A_browse__rep04,tabular
RAW_BENCHMARK_FILE,data\raw\raw data excel\07_iis_waitress__A_browse__rep05.csv,07_iis_waitress__A_browse__rep05.csv,.csv,85693786,2026-05-22T05:13:42.687694,True,401d7ce5ec6123605e15c76690aa4e2b6bc5bbb97c1195181bf2909d375abcfd,,07_iis_waitress,A_browse,5,07_iis_waitress__A_browse__rep05,tabular
RAW_BENCHMARK_FILE,data\raw\raw data excel\07_iis_waitress__A_browse__rep06.csv,07_iis_waitress__A_browse__rep06.csv,.csv,85670473,2026-05-22T05:46:16.157550,True,20c70c0078fedc6a64486ec00a24289b2b60fcc20922dc3a7559c35871735ae4,,07_iis_waitress,A_browse,6,07_iis_waitress__A_browse__rep06,tabular
RAW_BENCHMARK_FILE,data\raw\raw data excel\07_iis_waitress__A_browse__rep07.csv,07_iis_waitress__A_browse__rep07.csv,.csv,85651345,2026-05-22T06:18:43.658726,True,b2261f534d4a3d9e40982224718fce2bc76eefb78ac1568374c700e9430f5612,,07_iis_waitress,A_browse,7,07_iis_waitress__A_browse__rep07,tabular
RAW_BENCHMARK_FILE,data\raw\raw data excel\07_iis_waitress__A_browse__rep08.csv,07_iis_waitress__A_browse__rep08.csv,.csv,85677019,2026-05-22T06:51:10.725164,True,ab7ce6a04b68c0a3e45180b8e135bc9a6cb04cb5b88dd80ecf2e254050f0c7b6,,07_iis_waitress,A_browse,8,07_iis_waitress__A_browse__rep08,tabular
RAW_BENCHMARK_FILE,data\raw\raw data excel\07_iis_waitress__A_browse__rep09.csv,07_iis_waitress__A_browse__rep09.csv,.csv,85650722,2026-05-22T07:23:37.961425,True,f5b602894b95e5bc99685ef266bca905d7b0883f5f1608c7477e4b6fe1481600,,07_iis_waitress,A_browse,9,07_iis_waitress__A_browse__rep09,tabular
RAW_BENCHMARK_FILE,data\raw\raw data excel\07_iis_waitress__A_browse__rep10.csv,07_iis_waitress__A_browse__rep10.csv,.csv,86332644,2026-05-22T07:56:04.991060,True,3a0e140f56299e29fe4b2a4d425a20c4ac389c034329265f5b8d23eca05b1b0f,,07_iis_waitress,A_browse,10,07_iis_waitress__A_browse__rep10,tabular
RAW_BENCHMARK_FILE,data\raw\raw data excel\07_iis_waitress__B_mixed__rep01.csv,07_iis_waitress__B_mixed__rep01.csv,.csv,64479645,2026-05-22T08:28:32.047105,True,573d6dd02acbeecbf97697423feab81e1f1127bef282bec3aa8346a95a35fdae,,07_iis_waitress,B_mixed,1,07_iis_waitress__B_mixed__rep01,tabular
RAW_BENCHMARK_FILE,data\raw\raw data excel\07_iis_waitress__B_mixed__rep02.csv,07_iis_waitress__B_mixed__rep02.csv,.csv,64453919,2026-05-22T09:00:58.334336,True,cee59ae18ccecb2091a335e37d53e0b69ce1fffb6ff3761e20aab5ded1d62dbd,,07_iis_waitress,B_mixed,2,07_iis_waitress__B_mixed__rep02,tabular
RAW_BENCHMARK_FILE,data\raw\raw data excel\07_iis_waitress__B_mixed__rep03.csv,07_iis_waitress__B_mixed__rep03.csv,.csv,64456027,2026-05-22T09:33:24.816966,True,1fc519aad69adecfb5b15d2657d92205f01f342c3a801e3e2590b46e53eaba54,,07_iis_waitress,B_mixed,3,07_iis_waitress__B_mixed__rep03,tabular
RAW_BENCHMARK_FILE,data\raw\raw data excel\07_iis_waitress__B_mixed__rep04.csv,07_iis_waitress__B_mixed__rep04.csv,.csv,64450436,2026-05-22T10:05:51.391501,True,438844bae5b4aa1a5f36186dbb54d5d25d6536261fbad22decac1904e1ae3408,,07_iis_waitress,B_mixed,4,07_iis_waitress__B_mixed__rep04,tabular
RAW_BENCHMARK_FILE,data\raw\raw data excel\07_iis_waitress__B_mixed__rep05.csv,07_iis_waitress__B_mixed__rep05.csv,.csv,64472584,2026-05-22T10:38:18.086002,True,36563a2c4c7d2569af51263c24f0f942e72493d24695a65e9c8042690c5a2958,,07_iis_waitress,B_mixed,5,07_iis_waitress__B_mixed__rep05,tabular
RAW_BENCHMARK_FILE,data\raw\raw data excel\07_iis_waitress__B_mixed__rep06.csv,07_iis_waitress__B_mixed__rep06.csv,.csv,64439577,2026-05-22T11:10:45.177868,True,b217d57a054d4d18a50ba3a4453b1bb16be324b4fc9d436d82e0006b453c9bc9,,07_iis_waitress,B_mixed,6,07_iis_waitress__B_mixed__rep06,tabular
RAW_BENCHMARK_FILE,data\raw\raw data excel\07_iis_waitress__B_mixed__rep07.csv,07_iis_waitress__B_mixed__rep07.csv,.csv,63826265,2026-05-22T11:43:16.715237,True,06c361e26e34a60eaf04778dee86a4d7df6f5d0e70e693c381f652db2d09e992,,07_iis_waitress,B_mixed,7,07_iis_waitress__B_mixed__rep07,tabular
RAW_BENCHMARK_FILE,data\raw\raw data excel\07_iis_waitress__B_mixed__rep08.csv,07_iis_waitress__B_mixed__rep08.csv,.csv,63688165,2026-05-22T12:15:45.593701,True,6fd24ffb75d90851c2efb362e299657f859dbd463a621bbb06987f1fb817a683,,07_iis_waitress,B_mixed,8,07_iis_waitress__B_mixed__rep08,tabular
RAW_BENCHMARK_FILE,data\raw\raw data excel\07_iis_waitress__B_mixed__rep09.csv,07_iis_waitress__B_mixed__rep09.csv,.csv,64231168,2026-05-22T12:48:13.850846,True,a45ed82950aa4a416eb307943f477bbfa3aa69fdf11937884a36944c72fcd35e,,07_iis_waitress,B_mixed,9,07_iis_waitress__B_mixed__rep09,tabular
RAW_BENCHMARK_FILE,data\raw\raw data excel\07_iis_waitress__B_mixed__rep10.csv,07_iis_waitress__B_mixed__rep10.csv,.csv,64973800,2026-05-22T13:20:42.715382,True,e916ebce775cb5f7d684ea5db7a1e8120a26e750c8019d8f72dab3a937a8802b,,07_iis_waitress,B_mixed,10,07_iis_waitress__B_mixed__rep10,tabular
RAW_BENCHMARK_FILE,data\raw\raw data excel\07_iis_waitress__C_checkout__rep01.csv,07_iis_waitress__C_checkout__rep01.csv,.csv,105955106,2026-05-22T13:53:11.012029,True,30329527ef639d9fc62f25c2dc4390fab154ded7c1191f962bcba025b71129b2,,07_iis_waitress,C_checkout,1,07_iis_waitress__C_checkout__rep01,tabular
RAW_BENCHMARK_FILE,data\raw\raw data excel\07_iis_waitress__C_checkout__rep02.csv,07_iis_waitress__C_checkout__rep02.csv,.csv,105738731,2026-05-22T14:25:42.165858,True,b3cc44b0b94e3fc1fae37bc81c24477ef99e2cba69bad3dde69ebe875f98ebb6,,07_iis_waitress,C_checkout,2,07_iis_waitress__C_checkout__rep02,tabular
RAW_BENCHMARK_FILE,data\raw\raw data excel\07_iis_waitress__C_checkout__rep03.csv,07_iis_waitress__C_checkout__rep03.csv,.csv,105957663,2026-05-22T14:58:15.541463,True,e3b639ea2901bb10cf109ec33f79a23e2cfa51e41606c18a2b16ad209a6bd95d,,07_iis_waitress,C_checkout,3,07_iis_waitress__C_checkout__rep03,tabular
RAW_BENCHMARK_FILE,data\raw\raw data excel\07_iis_waitress__C_checkout__rep04.csv,07_iis_waitress__C_checkout__rep04.csv,.csv,105962626,2026-05-22T15:30:50.424560,True,eea9bc4886136e718503b098da6680008d84944660dbc6557520f2e45c4b1f65,,07_iis_waitress,C_checkout,4,07_iis_waitress__C_checkout__rep04,tabular
RAW_BENCHMARK_FILE,data\raw\raw data excel\07_iis_waitress__C_checkout__rep05.csv,07_iis_waitress__C_checkout__rep05.csv,.csv,105942174,2026-05-22T16:03:20.173996,True,ac81df379a60026eadda3e68fb944387b4d8a70404aea9bf493c9f226e5c7c7c,,07_iis_waitress,C_checkout,5,07_iis_waitress__C_checkout__rep05,tabular
RAW_BENCHMARK_FILE,data\raw\raw data excel\07_iis_waitress__C_checkout__rep06.csv,07_iis_waitress__C_checkout__rep06.csv,.csv,105864283,2026-05-22T16:35:50.610072,True,500bd4462f65b8b9ed311c57cd5939438f7ee757100d21fcfe65c82e39e1f6c8,,07_iis_waitress,C_checkout,6,07_iis_waitress__C_checkout__rep06,tabular
RAW_BENCHMARK_FILE,data\raw\raw data excel\07_iis_waitress__C_checkout__rep07.csv,07_iis_waitress__C_checkout__rep07.csv,.csv,105954224,2026-05-22T17:08:20.747796,True,b2dcde2602929219f74d79fa962d16bd52a89f05e2914e8e8ebe7ba82b301034,,07_iis_waitress,C_checkout,7,07_iis_waitress__C_checkout__rep07,tabular
RAW_BENCHMARK_FILE,data\raw\raw data excel\07_iis_waitress__C_checkout__rep08.csv,07_iis_waitress__C_checkout__rep08.csv,.csv,105946725,2026-05-22T17:40:50.877115,True,e5404d028c641ac44d30cbba12d0032788b179a9bc7652baf34ad722e1d5c153,,07_iis_waitress,C_checkout,8,07_iis_waitress__C_checkout__rep08,tabular
RAW_BENCHMARK_FILE,data\raw\raw data excel\07_iis_waitress__C_checkout__rep09.csv,07_iis_waitress__C_checkout__rep09.csv,.csv,105961676,2026-05-22T18:13:20.237580,True,5b6b8ea7e43cee7936b6b2ce4a6a04f1840b7bc3c5b54feba9b4da8cac744d83,,07_iis_waitress,C_checkout,9,07_iis_waitress__C_checkout__rep09,tabular
RAW_BENCHMARK_FILE,data\raw\raw data excel\07_iis_waitress__C_checkout__rep10.csv,07_iis_waitress__C_checkout__rep10.csv,.csv,106681458,2026-05-22T18:45:49.245479,True,3ed88465588785baaff6bc63b60543fdb4b1aab91587816d371ee811695ef909,,07_iis_waitress,C_checkout,10,07_iis_waitress__C_checkout__rep10,tabular
RAW_BENCHMARK_FILE,data\raw\raw data excel\07_iis_waitress__D_burst__rep01.csv,07_iis_waitress__D_burst__rep01.csv,.csv,69037197,2026-05-22T19:18:17.683618,True,f7469690bd6dd93f02a12a08812cfb1c0ce0c3005a5f264a6f9ed55d39b6b78a,,07_iis_waitress,D_burst,1,07_iis_waitress__D_burst__rep01,tabular
RAW_BENCHMARK_FILE,data\raw\raw data excel\07_iis_waitress__D_burst__rep02.csv,07_iis_waitress__D_burst__rep02.csv,.csv,69053958,2026-05-22T19:50:44.742575,True,4a29d2453b86cdf1a5148652ff53eb63be724c359dabf9e92774d81602150837,,07_iis_waitress,D_burst,2,07_iis_waitress__D_burst__rep02,tabular
RAW_BENCHMARK_FILE,data\raw\raw data excel\07_iis_waitress__D_burst__rep03.csv,07_iis_waitress__D_burst__rep03.csv,.csv,69055679,2026-05-22T20:23:12.991704,True,237ff5d9fb66c788a1d26c54d8c6490a0102c6caa34b34d6782011833b4c6ef0,,07_iis_waitress,D_burst,3,07_iis_waitress__D_burst__rep03,tabular
RAW_BENCHMARK_FILE,data\raw\raw data excel\07_iis_waitress__D_burst__rep04.csv,07_iis_waitress__D_burst__rep04.csv,.csv,69062586,2026-05-22T20:55:44.937463,True,912ca1d5f6c1eef7daf9d5d88d40ea132eb086efc7313f56041a015db97bfead,,07_iis_waitress,D_burst,4,07_iis_waitress__D_burst__rep04,tabular
RAW_BENCHMARK_FILE,data\raw\raw data excel\07_iis_waitress__D_burst__rep05.csv,07_iis_waitress__D_burst__rep05.csv,.csv,69043911,2026-05-22T21:28:15.528225,True,05638a292c9c94007b6d1f998ddc146f2d3f55edce35ea5bb4d68593bc462b46,,07_iis_waitress,D_burst,5,07_iis_waitress__D_burst__rep05,tabular
RAW_BENCHMARK_FILE,data\raw\raw data excel\07_iis_waitress__D_burst__rep06.csv,07_iis_waitress__D_burst__rep06.csv,.csv,69043222,2026-05-22T22:00:43.826961,True,b1e6f9a60e51722e871bdb0398e261036bc095c6dcb5d36d6777d358292d48f4,,07_iis_waitress,D_burst,6,07_iis_waitress__D_burst__rep06,tabular
RAW_BENCHMARK_FILE,data\raw\raw data excel\07_iis_waitress__D_burst__rep07.csv,07_iis_waitress__D_burst__rep07.csv,.csv,69039069,2026-05-22T22:33:13.448077,True,0482c64f972b20033d402a6a97859989a471be0daa1ed9f8f5a9d4fa7d649ae0,,07_iis_waitress,D_burst,7,07_iis_waitress__D_burst__rep07,tabular
RAW_BENCHMARK_FILE,data\raw\raw data excel\07_iis_waitress__D_burst__rep08.csv,07_iis_waitress__D_burst__rep08.csv,.csv,69061651,2026-05-22T23:05:40.335197,True,91257d7f108ddc8f8cccfb8234e837683af31d469ac19f8c3ab70a4cf5cf242f,,07_iis_waitress,D_burst,8,07_iis_waitress__D_burst__rep08,tabular
RAW_BENCHMARK_FILE,data\raw\raw data excel\07_iis_waitress__D_burst__rep09.csv,07_iis_waitress__D_burst__rep09.csv,.csv,68975050,2026-05-22T23:38:11.128256,True,839fc4443f8bf73ccf4a17be98bd2653e5315a4db1d2d78ec554111058c47fed,,07_iis_waitress,D_burst,9,07_iis_waitress__D_burst__rep09,tabular
RAW_BENCHMARK_FILE,data\raw\raw data excel\07_iis_waitress__D_burst__rep10.csv,07_iis_waitress__D_burst__rep10.csv,.csv,69578038,2026-05-23T00:10:41.014959,True,5dcbbdf0d07cc64486296201fc9e8a39cfcb971ce17f262d5460130047af673e,,07_iis_waitress,D_burst,10,07_iis_waitress__D_burst__rep10,tabular
RAW_BENCHMARK_FILE,data\raw\taw data  json\01_apache_modwsgi__A_browse__rep01.json,01_apache_modwsgi__A_browse__rep01.json,.json,185261360,2026-05-16T22:51:32.343018,True,69f631ffcbac942e2298eda1026dca2b008336d9ff399afb39cc627f3f329687,,01_apache_modwsgi,A_browse,1,01_apache_modwsgi__A_browse__rep01,json
RAW_BENCHMARK_FILE,data\raw\taw data  json\01_apache_modwsgi__A_browse__rep02.json,01_apache_modwsgi__A_browse__rep02.json,.json,183370102,2026-05-16T23:24:33.612070,True,a15407b7e842252673e08fe3d816d7bb223e0e59cd44d9a3d36252e7b185f759,,01_apache_modwsgi,A_browse,2,01_apache_modwsgi__A_browse__rep02,json
RAW_BENCHMARK_FILE,data\raw\taw data  json\01_apache_modwsgi__A_browse__rep03.json,01_apache_modwsgi__A_browse__rep03.json,.json,183377000,2026-05-16T23:57:29.424750,True,c72667b507e73c28c0c1da8a11d9d69ce15e5c6b7a8fb4c9c968a58a26e62794,,01_apache_modwsgi,A_browse,3,01_apache_modwsgi__A_browse__rep03,json
RAW_BENCHMARK_FILE,data\raw\taw data  json\01_apache_modwsgi__A_browse__rep04.json,01_apache_modwsgi__A_browse__rep04.json,.json,183412331,2026-05-17T00:30:25.793675,True,b288108db4e514b3a16539395c7ea8eff60219eb78964c5d665127503b2f3191,,01_apache_modwsgi,A_browse,4,01_apache_modwsgi__A_browse__rep04,json
RAW_BENCHMARK_FILE,data\raw\taw data  json\01_apache_modwsgi__A_browse__rep05.json,01_apache_modwsgi__A_browse__rep05.json,.json,183385812,2026-05-17T01:03:21.825297,True,e215ffa6cdb3f8747dcc2c7ba84dd843f79fa37caddad834dbc604d8002d1c54,,01_apache_modwsgi,A_browse,5,01_apache_modwsgi__A_browse__rep05,json
RAW_BENCHMARK_FILE,data\raw\taw data  json\01_apache_modwsgi__A_browse__rep06.json,01_apache_modwsgi__A_browse__rep06.json,.json,183359173,2026-05-17T01:36:16.484220,True,b51f06c6f33c4bca5605fe045c72c5f9b65b439d0cc4af3e666ead43918da567,,01_apache_modwsgi,A_browse,6,01_apache_modwsgi__A_browse__rep06,json
RAW_BENCHMARK_FILE,data\raw\taw data  json\01_apache_modwsgi__A_browse__rep07.json,01_apache_modwsgi__A_browse__rep07.json,.json,183370232,2026-05-17T02:09:10.116520,True,45e2fc2f69ea51ad847d419a436e735272629c2778d0a24e91cfb60665bca3de,,01_apache_modwsgi,A_browse,7,01_apache_modwsgi__A_browse__rep07,json
RAW_BENCHMARK_FILE,data\raw\taw data  json\01_apache_modwsgi__A_browse__rep08.json,01_apache_modwsgi__A_browse__rep08.json,.json,183335938,2026-05-17T02:42:04.680679,True,a8150c0df9308f599bbd0326fab7e242d50571d7eeb372c1b0fc0e2503b36a0a,,01_apache_modwsgi,A_browse,8,01_apache_modwsgi__A_browse__rep08,json
RAW_BENCHMARK_FILE,data\raw\taw data  json\01_apache_modwsgi__A_browse__rep09.json,01_apache_modwsgi__A_browse__rep09.json,.json,183361949,2026-05-17T03:14:58.683385,True,b8a98b1719dee2fec8441778a64bc64fcad054b3f9b08bbe86e3f76cae96d634,,01_apache_modwsgi,A_browse,9,01_apache_modwsgi__A_browse__rep09,json
RAW_BENCHMARK_FILE,data\raw\taw data  json\01_apache_modwsgi__A_browse__rep10.json,01_apache_modwsgi__A_browse__rep10.json,.json,184552300,2026-05-17T03:47:54.404384,True,297adac8bb1dbdefb1011e06cf21d88e706461cdebfdbec5840d08b1580bbf49,,01_apache_modwsgi,A_browse,10,01_apache_modwsgi__A_browse__rep10,json
RAW_BENCHMARK_FILE,data\raw\taw data  json\01_apache_modwsgi__B_mixed__rep01.json,01_apache_modwsgi__B_mixed__rep01.json,.json,137703854,2026-05-17T04:20:48.646502,True,88fb9db9b6bcfabe67d514ca2884c9379a0269de9ec31396cd7ea50c8dd17a86,,01_apache_modwsgi,B_mixed,1,01_apache_modwsgi__B_mixed__rep01,json
RAW_BENCHMARK_FILE,data\raw\taw data  json\01_apache_modwsgi__B_mixed__rep02.json,01_apache_modwsgi__B_mixed__rep02.json,.json,137697485,2026-05-17T04:53:41.116909,True,a6800c04ff629e459cc06374c28ca25450c11a33b247b7118da1b67918131f10,,01_apache_modwsgi,B_mixed,2,01_apache_modwsgi__B_mixed__rep02,json
RAW_BENCHMARK_FILE,data\raw\taw data  json\01_apache_modwsgi__B_mixed__rep03.json,01_apache_modwsgi__B_mixed__rep03.json,.json,137696373,2026-05-17T05:26:33.746670,True,4e61d28f4a1350cd851a2f1214aa5ced1c54f9970856b909efa17c0592c361a5,,01_apache_modwsgi,B_mixed,3,01_apache_modwsgi__B_mixed__rep03,json
RAW_BENCHMARK_FILE,data\raw\taw data  json\01_apache_modwsgi__B_mixed__rep04.json,01_apache_modwsgi__B_mixed__rep04.json,.json,137690029,2026-05-17T05:59:26.094588,True,35ddcec24d880256adbf3eed2de18b9547a16e50d0b4aa36654b5beaf954ab13,,01_apache_modwsgi,B_mixed,4,01_apache_modwsgi__B_mixed__rep04,json
RAW_BENCHMARK_FILE,data\raw\taw data  json\01_apache_modwsgi__B_mixed__rep05.json,01_apache_modwsgi__B_mixed__rep05.json,.json,137715800,2026-05-17T06:32:18.419802,True,a0d701415d155250fdf436421af73019e1186d0dc82f8e149743c3143513e522,,01_apache_modwsgi,B_mixed,5,01_apache_modwsgi__B_mixed__rep05,json
RAW_BENCHMARK_FILE,data\raw\taw data  json\01_apache_modwsgi__B_mixed__rep06.json,01_apache_modwsgi__B_mixed__rep06.json,.json,137716354,2026-05-17T07:05:11.228061,True,9386b201d5aaa35bddbbb1ff1606b27bd375862a98a772401d087e537320d89b,,01_apache_modwsgi,B_mixed,6,01_apache_modwsgi__B_mixed__rep06,json
RAW_BENCHMARK_FILE,data\raw\taw data  json\01_apache_modwsgi__B_mixed__rep07.json,01_apache_modwsgi__B_mixed__rep07.json,.json,137694121,2026-05-17T07:38:03.657891,True,00eb56a2519ed898a17938b81f9672131d21806c94f8205b165502ef99b26f05,,01_apache_modwsgi,B_mixed,7,01_apache_modwsgi__B_mixed__rep07,json
RAW_BENCHMARK_FILE,data\raw\taw data  json\01_apache_modwsgi__B_mixed__rep08.json,01_apache_modwsgi__B_mixed__rep08.json,.json,137660918,2026-05-17T08:10:56.187265,True,4e6ef9299bb5ae92a2b1b20432e0171939b49f453d6368a827384dcdcf21ffe9,,01_apache_modwsgi,B_mixed,8,01_apache_modwsgi__B_mixed__rep08,json
RAW_BENCHMARK_FILE,data\raw\taw data  json\01_apache_modwsgi__B_mixed__rep09.json,01_apache_modwsgi__B_mixed__rep09.json,.json,137686331,2026-05-17T08:43:48.995203,True,02d5ef11718dd1edcc9d6a2390af5f81cbb31fb777fc70da719ed44477f974c5,,01_apache_modwsgi,B_mixed,9,01_apache_modwsgi__B_mixed__rep09,json
RAW_BENCHMARK_FILE,data\raw\taw data  json\01_apache_modwsgi__B_mixed__rep10.json,01_apache_modwsgi__B_mixed__rep10.json,.json,138190559,2026-05-17T09:16:42.334061,True,959f8dcc6d3513d63670252d78eb9b5b6f7108258403afc5f0d39aa99e6be9a2,,01_apache_modwsgi,B_mixed,10,01_apache_modwsgi__B_mixed__rep10,json
RAW_BENCHMARK_FILE,data\raw\taw data  json\01_apache_modwsgi__C_checkout__rep01.json,01_apache_modwsgi__C_checkout__rep01.json,.json,225340479,2026-05-17T09:49:37.158215,True,7131d65508feca4fb22783b4b584d1b82c84d578c53db0c499b26bd4adf5e324,,01_apache_modwsgi,C_checkout,1,01_apache_modwsgi__C_checkout__rep01,json
RAW_BENCHMARK_FILE,data\raw\taw data  json\01_apache_modwsgi__C_checkout__rep02.json,01_apache_modwsgi__C_checkout__rep02.json,.json,225345494,2026-05-17T10:22:17.933437,True,12afe35fac2389869f7b721fff6208b8903886cce969dce1e10f06f7b237d45a,,01_apache_modwsgi,C_checkout,2,01_apache_modwsgi__C_checkout__rep02,json
RAW_BENCHMARK_FILE,data\raw\taw data  json\01_apache_modwsgi__C_checkout__rep03.json,01_apache_modwsgi__C_checkout__rep03.json,.json,225358988,2026-05-17T10:54:58.917198,True,dea4cb0174fe1d273361630c9a89854f77d8960f49c87722862dd5406a191474,,01_apache_modwsgi,C_checkout,3,01_apache_modwsgi__C_checkout__rep03,json
RAW_BENCHMARK_FILE,data\raw\taw data  json\01_apache_modwsgi__C_checkout__rep04.json,01_apache_modwsgi__C_checkout__rep04.json,.json,224664053,2026-05-17T11:28:08.344211,True,16cc0c2612b5a828c7d2bd17327945d88ba7cd49b56bff57d6afc27c846f7b90,,01_apache_modwsgi,C_checkout,4,01_apache_modwsgi__C_checkout__rep04,json
RAW_BENCHMARK_FILE,data\raw\taw data  json\01_apache_modwsgi__C_checkout__rep05.json,01_apache_modwsgi__C_checkout__rep05.json,.json,224849073,2026-05-17T12:01:20.338139,True,475528cd48978cdae9cb2efcd172a5ba855ef0db00adc219e9fcbfa1d3a44512,,01_apache_modwsgi,C_checkout,5,01_apache_modwsgi__C_checkout__rep05,json
RAW_BENCHMARK_FILE,data\raw\taw data  json\01_apache_modwsgi__C_checkout__rep06.json,01_apache_modwsgi__C_checkout__rep06.json,.json,225038193,2026-05-17T12:34:34.054684,True,6d47ccce73a3150ea04df8e014eb397377e4a9317711a07966eabb7bdcd01c50,,01_apache_modwsgi,C_checkout,6,01_apache_modwsgi__C_checkout__rep06,json
RAW_BENCHMARK_FILE,data\raw\taw data  json\01_apache_modwsgi__C_checkout__rep07.json,01_apache_modwsgi__C_checkout__rep07.json,.json,216354900,2026-05-17T13:07:39.575575,True,d9fc339a031f0e0fa742ab0a4de06c27ae2c48c41bca7419dc04d27bd76b763d,,01_apache_modwsgi,C_checkout,7,01_apache_modwsgi__C_checkout__rep07,json
RAW_BENCHMARK_FILE,data\raw\taw data  json\01_apache_modwsgi__C_checkout__rep08.json,01_apache_modwsgi__C_checkout__rep08.json,.json,224012203,2026-05-17T13:40:50.615317,True,16cd0ede3957bbf5bea1372ef62bdf3c73c366cc8a5bc9aa6f392a02c10fd189,,01_apache_modwsgi,C_checkout,8,01_apache_modwsgi__C_checkout__rep08,json
RAW_BENCHMARK_FILE,data\raw\taw data  json\01_apache_modwsgi__C_checkout__rep09.json,01_apache_modwsgi__C_checkout__rep09.json,.json,234983371,2026-05-17T14:14:03.272373,True,b077d87e10ae2c8ce7c3b5adfc931bc12e7753871f9f66f071b03b73d5ffe796,,01_apache_modwsgi,C_checkout,9,01_apache_modwsgi__C_checkout__rep09,json
RAW_BENCHMARK_FILE,data\raw\taw data  json\01_apache_modwsgi__C_checkout__rep10.json,01_apache_modwsgi__C_checkout__rep10.json,.json,225954663,2026-05-17T14:47:17.192058,True,0a55e9e1529bafaefc919463f8b36339008f6c5b46f5b43275aef0d02d708738,,01_apache_modwsgi,C_checkout,10,01_apache_modwsgi__C_checkout__rep10,json
RAW_BENCHMARK_FILE,data\raw\taw data  json\01_apache_modwsgi__D_burst__rep01.json,01_apache_modwsgi__D_burst__rep01.json,.json,148805727,2026-05-17T15:20:10.908135,True,8bcbfd7d75957014e82d17543c46eb563533befed1d99c9c433768a4946bf691,,01_apache_modwsgi,D_burst,1,01_apache_modwsgi__D_burst__rep01,json
RAW_BENCHMARK_FILE,data\raw\taw data  json\01_apache_modwsgi__D_burst__rep02.json,01_apache_modwsgi__D_burst__rep02.json,.json,148799604,2026-05-17T15:53:04.033881,True,4802a8e99878d2857d838b8fa35c01224f6f4086ddfe4ed428e7e2f3c3d48fa9,,01_apache_modwsgi,D_burst,2,01_apache_modwsgi__D_burst__rep02,json
RAW_BENCHMARK_FILE,data\raw\taw data  json\01_apache_modwsgi__D_burst__rep03.json,01_apache_modwsgi__D_burst__rep03.json,.json,148814884,2026-05-17T16:25:57.473732,True,7eb459fe7445106fb94a902eb9a86f060785da5a09dea20baf514562bef71616,,01_apache_modwsgi,D_burst,3,01_apache_modwsgi__D_burst__rep03,json
RAW_BENCHMARK_FILE,data\raw\taw data  json\01_apache_modwsgi__D_burst__rep04.json,01_apache_modwsgi__D_burst__rep04.json,.json,148825895,2026-05-17T16:58:52.273869,True,e5142fa90d7ff8ad7556e9f52bc797e970c03a9c35be104d29fd73990d8f661b,,01_apache_modwsgi,D_burst,4,01_apache_modwsgi__D_burst__rep04,json
RAW_BENCHMARK_FILE,data\raw\taw data  json\01_apache_modwsgi__D_burst__rep05.json,01_apache_modwsgi__D_burst__rep05.json,.json,148798131,2026-05-17T17:31:50.492811,True,16d34597e83923a755b6ef9dce37420bab218c8d8b4288c595e7fde6b53d6eb3,,01_apache_modwsgi,D_burst,5,01_apache_modwsgi__D_burst__rep05,json
RAW_BENCHMARK_FILE,data\raw\taw data  json\01_apache_modwsgi__D_burst__rep06.json,01_apache_modwsgi__D_burst__rep06.json,.json,148774746,2026-05-17T18:04:46.569312,True,80aad155af5c84ff4ff6cb0480db5e682316e74c31f793182d28d7aa1c0179a6,,01_apache_modwsgi,D_burst,6,01_apache_modwsgi__D_burst__rep06,json
RAW_BENCHMARK_FILE,data\raw\taw data  json\01_apache_modwsgi__D_burst__rep07.json,01_apache_modwsgi__D_burst__rep07.json,.json,148816615,2026-05-17T18:37:38.819529,True,94ae721abdaa962d87ce9e703f63c06257e808f8c4d69c83580f88aeb9926d97,,01_apache_modwsgi,D_burst,7,01_apache_modwsgi__D_burst__rep07,json
RAW_BENCHMARK_FILE,data\raw\taw data  json\01_apache_modwsgi__D_burst__rep08.json,01_apache_modwsgi__D_burst__rep08.json,.json,148847454,2026-05-17T19:10:32.930663,True,6e61b398015997da12d30cbb9c4a1f04b05432ca4ac1ea76f94d29a3a8868a77,,01_apache_modwsgi,D_burst,8,01_apache_modwsgi__D_burst__rep08,json
RAW_BENCHMARK_FILE,data\raw\taw data  json\01_apache_modwsgi__D_burst__rep09.json,01_apache_modwsgi__D_burst__rep09.json,.json,148821758,2026-05-17T19:43:29.125100,True,4fb735df69942396f584de40dade2fe8db2cb32ca355750d377dc9b203a01a76,,01_apache_modwsgi,D_burst,9,01_apache_modwsgi__D_burst__rep09,json
RAW_BENCHMARK_FILE,data\raw\taw data  json\01_apache_modwsgi__D_burst__rep10.json,01_apache_modwsgi__D_burst__rep10.json,.json,149352161,2026-05-17T20:16:23.821938,True,41630a0906e746eaeb0bb8aeceaba8c26ed2c23cb746e52f6ba31b87d255cea4,,01_apache_modwsgi,D_burst,10,01_apache_modwsgi__D_burst__rep10,json
RAW_BENCHMARK_FILE,data\raw\taw data  json\02_nginx_uwsgi__A_browse__rep01.json,02_nginx_uwsgi__A_browse__rep01.json,.json,181180988,2026-05-17T20:49:04.910281,True,718725895502d75aa718f23a46af6655e4777e5d621d7c2fe7665bac8b3e8838,,02_nginx_uwsgi,A_browse,1,02_nginx_uwsgi__A_browse__rep01,json
RAW_BENCHMARK_FILE,data\raw\taw data  json\02_nginx_uwsgi__A_browse__rep02.json,02_nginx_uwsgi__A_browse__rep02.json,.json,181178393,2026-05-17T21:21:44.732962,True,a044138438dace1878b98fa51cb102140a11863e163211f387484125b1698c0a,,02_nginx_uwsgi,A_browse,2,02_nginx_uwsgi__A_browse__rep02,json
RAW_BENCHMARK_FILE,data\raw\taw data  json\02_nginx_uwsgi__A_browse__rep03.json,02_nginx_uwsgi__A_browse__rep03.json,.json,181183840,2026-05-17T21:54:24.973624,True,85f9ce219f8d5769267b2dcb8015d4af21379ce725b0c75a1968deed599bd437,,02_nginx_uwsgi,A_browse,3,02_nginx_uwsgi__A_browse__rep03,json
RAW_BENCHMARK_FILE,data\raw\taw data  json\02_nginx_uwsgi__A_browse__rep04.json,02_nginx_uwsgi__A_browse__rep04.json,.json,181257428,2026-05-17T22:27:11.635738,True,3b4dd1f511e08dcbcf5e16c1e3cb70179356050223c3e80254fb1d164fe28b8d,,02_nginx_uwsgi,A_browse,4,02_nginx_uwsgi__A_browse__rep04,json
RAW_BENCHMARK_FILE,data\raw\taw data  json\02_nginx_uwsgi__A_browse__rep05.json,02_nginx_uwsgi__A_browse__rep05.json,.json,181221874,2026-05-17T22:59:56.306817,True,0a6d219ffd041e335a8000af4e8ecd85771df6e1c380ca5b39987d1aaaecbdc2,,02_nginx_uwsgi,A_browse,5,02_nginx_uwsgi__A_browse__rep05,json
RAW_BENCHMARK_FILE,data\raw\taw data  json\02_nginx_uwsgi__A_browse__rep06.json,02_nginx_uwsgi__A_browse__rep06.json,.json,181191540,2026-05-17T23:32:44.663907,True,2064b68e2070e88198e8ca4d9a9de43d9fe53ab5f1081c5702a34544c29984d4,,02_nginx_uwsgi,A_browse,6,02_nginx_uwsgi__A_browse__rep06,json
RAW_BENCHMARK_FILE,data\raw\taw data  json\02_nginx_uwsgi__A_browse__rep07.json,02_nginx_uwsgi__A_browse__rep07.json,.json,181171404,2026-05-18T00:05:29.971557,True,2aca8cd5ca93a71a866d4c12d1188284ce73a57b50cf39b1d5cedb86178c98b5,,02_nginx_uwsgi,A_browse,7,02_nginx_uwsgi__A_browse__rep07,json
RAW_BENCHMARK_FILE,data\raw\taw data  json\02_nginx_uwsgi__A_browse__rep08.json,02_nginx_uwsgi__A_browse__rep08.json,.json,181187218,2026-05-18T00:38:14.162541,True,810e84a440cc4cd087fc29ea3820e20b5209ae685c6d88da44d6be257ab6784d,,02_nginx_uwsgi,A_browse,8,02_nginx_uwsgi__A_browse__rep08,json
RAW_BENCHMARK_FILE,data\raw\taw data  json\02_nginx_uwsgi__A_browse__rep09.json,02_nginx_uwsgi__A_browse__rep09.json,.json,181196756,2026-05-18T01:10:55.435998,True,2a832e8c5b2754316af9ac9d0bb1abf72f01b7d7ddde060a00e7171e758fecf0,,02_nginx_uwsgi,A_browse,9,02_nginx_uwsgi__A_browse__rep09,json
RAW_BENCHMARK_FILE,data\raw\taw data  json\02_nginx_uwsgi__A_browse__rep10.json,02_nginx_uwsgi__A_browse__rep10.json,.json,181859113,2026-05-18T01:43:35.502869,True,0616546dc5c685fc626ff458d8bb63c786a45ec10d346eaee01161e0509f5618,,02_nginx_uwsgi,A_browse,10,02_nginx_uwsgi__A_browse__rep10,json
RAW_BENCHMARK_FILE,data\raw\taw data  json\02_nginx_uwsgi__B_mixed__rep01.json,02_nginx_uwsgi__B_mixed__rep01.json,.json,136095555,2026-05-18T02:16:15.167045,True,e68ea1b417725f1a18ca6bed496504e898656eb982a3c0f39c8e211ca084c2e8,,02_nginx_uwsgi,B_mixed,1,02_nginx_uwsgi__B_mixed__rep01,json
RAW_BENCHMARK_FILE,data\raw\taw data  json\02_nginx_uwsgi__B_mixed__rep02.json,02_nginx_uwsgi__B_mixed__rep02.json,.json,136084621,2026-05-18T02:48:53.084678,True,d648240755ada631755c8cc285fa37280ebf24fb3dff3c01c52562e083970c2f,,02_nginx_uwsgi,B_mixed,2,02_nginx_uwsgi__B_mixed__rep02,json
RAW_BENCHMARK_FILE,data\raw\taw data  json\02_nginx_uwsgi__B_mixed__rep03.json,02_nginx_uwsgi__B_mixed__rep03.json,.json,136111892,2026-05-18T03:21:30.911292,True,2c4aa5996e453f0bcf076273cc31ca30d0083d431c1d3eb87cc0bb8335c75ad6,,02_nginx_uwsgi,B_mixed,3,02_nginx_uwsgi__B_mixed__rep03,json
RAW_BENCHMARK_FILE,data\raw\taw data  json\02_nginx_uwsgi__B_mixed__rep04.json,02_nginx_uwsgi__B_mixed__rep04.json,.json,136109371,2026-05-18T03:54:09.356091,True,355eae392dbd21f286d9bc7813eebefb2a8cac8213d0b4e9cdf57bee47eb72cc,,02_nginx_uwsgi,B_mixed,4,02_nginx_uwsgi__B_mixed__rep04,json
RAW_BENCHMARK_FILE,data\raw\taw data  json\02_nginx_uwsgi__B_mixed__rep05.json,02_nginx_uwsgi__B_mixed__rep05.json,.json,136102045,2026-05-18T04:26:47.505621,True,e3b160710141015438c672bc21c62bc2111bbce82d95da09a9f8efa27c753e4e,,02_nginx_uwsgi,B_mixed,5,02_nginx_uwsgi__B_mixed__rep05,json
RAW_BENCHMARK_FILE,data\raw\taw data  json\02_nginx_uwsgi__B_mixed__rep06.json,02_nginx_uwsgi__B_mixed__rep06.json,.json,136142402,2026-05-18T04:59:25.536332,True,152d5e7e09fce2cadabfd1e6e36826485a07855e191811e6efcf839ea09ad825,,02_nginx_uwsgi,B_mixed,6,02_nginx_uwsgi__B_mixed__rep06,json
RAW_BENCHMARK_FILE,data\raw\taw data  json\02_nginx_uwsgi__B_mixed__rep07.json,02_nginx_uwsgi__B_mixed__rep07.json,.json,136137833,2026-05-18T05:32:03.815759,True,1cb10f25cea35bd345afc0ec61aed02df28ac374d750b7cfb2bb49922d68b390,,02_nginx_uwsgi,B_mixed,7,02_nginx_uwsgi__B_mixed__rep07,json
RAW_BENCHMARK_FILE,data\raw\taw data  json\02_nginx_uwsgi__B_mixed__rep08.json,02_nginx_uwsgi__B_mixed__rep08.json,.json,136133469,2026-05-18T06:04:41.936872,True,e3454e8198c68f32e9f94e846230049376ca72fb62e3a9bbd6ac4744bd5ed384,,02_nginx_uwsgi,B_mixed,8,02_nginx_uwsgi__B_mixed__rep08,json
RAW_BENCHMARK_FILE,data\raw\taw data  json\02_nginx_uwsgi__B_mixed__rep09.json,02_nginx_uwsgi__B_mixed__rep09.json,.json,136140386,2026-05-18T06:37:20.458801,True,289e074a582087e769679c946da40aba7ca51912f0dd280cdc3adf3a9092dc26,,02_nginx_uwsgi,B_mixed,9,02_nginx_uwsgi__B_mixed__rep09,json
RAW_BENCHMARK_FILE,data\raw\taw data  json\02_nginx_uwsgi__B_mixed__rep10.json,02_nginx_uwsgi__B_mixed__rep10.json,.json,136588196,2026-05-18T07:09:58.908086,True,80b62933ddac0c968a205389b7989d50d990f337bc876b443e9dc8015ed15502,,02_nginx_uwsgi,B_mixed,10,02_nginx_uwsgi__B_mixed__rep10,json
RAW_BENCHMARK_FILE,data\raw\taw data  json\02_nginx_uwsgi__C_checkout__rep01.json,02_nginx_uwsgi__C_checkout__rep01.json,.json,223161840,2026-05-18T07:42:38.219076,True,31e98ad87c0124fd5ffcf6b1ad1e8a733cbe3a2f9b521b5572dcf36de60d7034,,02_nginx_uwsgi,C_checkout,1,02_nginx_uwsgi__C_checkout__rep01,json
RAW_BENCHMARK_FILE,data\raw\taw data  json\02_nginx_uwsgi__C_checkout__rep02.json,02_nginx_uwsgi__C_checkout__rep02.json,.json,223147615,2026-05-18T08:15:19.647176,True,05ffdb77999f1475284ca0f68f9ecef608cb9fd9f2858b069eaaaffb88742fe9,,02_nginx_uwsgi,C_checkout,2,02_nginx_uwsgi__C_checkout__rep02,json
RAW_BENCHMARK_FILE,data\raw\taw data  json\02_nginx_uwsgi__C_checkout__rep03.json,02_nginx_uwsgi__C_checkout__rep03.json,.json,223157052,2026-05-18T08:48:00.082345,True,948f3b66046dd3aaf05ca6445b57bf3cd26b949c42d627145dee72011665f0c9,,02_nginx_uwsgi,C_checkout,3,02_nginx_uwsgi__C_checkout__rep03,json
RAW_BENCHMARK_FILE,data\raw\taw data  json\02_nginx_uwsgi__C_checkout__rep04.json,02_nginx_uwsgi__C_checkout__rep04.json,.json,223172471,2026-05-18T09:20:40.412192,True,f5b74fd9731fd4e5a51fedfde1b824a677cf74facb3c6450ac7e1ff3472d0b03,,02_nginx_uwsgi,C_checkout,4,02_nginx_uwsgi__C_checkout__rep04,json
RAW_BENCHMARK_FILE,data\raw\taw data  json\02_nginx_uwsgi__C_checkout__rep05.json,02_nginx_uwsgi__C_checkout__rep05.json,.json,223166343,2026-05-18T09:53:20.696225,True,0e9fab4cd2656eacc956b94ef03fc7ec34944d5cbf2f0d99845746a8566f3028,,02_nginx_uwsgi,C_checkout,5,02_nginx_uwsgi__C_checkout__rep05,json
RAW_BENCHMARK_FILE,data\raw\taw data  json\02_nginx_uwsgi__C_checkout__rep06.json,02_nginx_uwsgi__C_checkout__rep06.json,.json,223174894,2026-05-18T10:26:01.314212,True,388c5f3cabec03d0ae9bd654c3ee5aa8839fb789a9aaadf23b11c8432ea5b929,,02_nginx_uwsgi,C_checkout,6,02_nginx_uwsgi__C_checkout__rep06,json
RAW_BENCHMARK_FILE,data\raw\taw data  json\02_nginx_uwsgi__C_checkout__rep07.json,02_nginx_uwsgi__C_checkout__rep07.json,.json,223030843,2026-05-18T10:58:42.039798,True,bcd02deff741104f71f08c7646d88742b04f901082be50c3ba8f9baeebbd699f,,02_nginx_uwsgi,C_checkout,7,02_nginx_uwsgi__C_checkout__rep07,json
RAW_BENCHMARK_FILE,data\raw\taw data  json\02_nginx_uwsgi__C_checkout__rep08.json,02_nginx_uwsgi__C_checkout__rep08.json,.json,223208786,2026-05-18T11:31:23.071177,True,44b76e04577f01136e54a6ae44bbd04f3db66a9b29e3b7d5f264e584db7f712a,,02_nginx_uwsgi,C_checkout,8,02_nginx_uwsgi__C_checkout__rep08,json
RAW_BENCHMARK_FILE,data\raw\taw data  json\02_nginx_uwsgi__C_checkout__rep09.json,02_nginx_uwsgi__C_checkout__rep09.json,.json,221618860,2026-05-18T12:04:05.324354,True,2915deb3f5762ff8883b21bcab7323f9db56fecdba35af3f35206aec1ab1b48b,,02_nginx_uwsgi,C_checkout,9,02_nginx_uwsgi__C_checkout__rep09,json
RAW_BENCHMARK_FILE,data\raw\taw data  json\02_nginx_uwsgi__C_checkout__rep10.json,02_nginx_uwsgi__C_checkout__rep10.json,.json,221779847,2026-05-18T12:36:48.895104,True,7c2022160ca5e9ea022274e5f6f2e34189807faf3dfae8ee002fd42a269f4223,,02_nginx_uwsgi,C_checkout,10,02_nginx_uwsgi__C_checkout__rep10,json
RAW_BENCHMARK_FILE,data\raw\taw data  json\02_nginx_uwsgi__D_burst__rep01.json,02_nginx_uwsgi__D_burst__rep01.json,.json,141062135,2026-05-18T13:09:33.461349,True,e0eb6c5f8f6fe3b8fc7591d493a1e93f126764cddb47d88aee8c87947aa82a85,,02_nginx_uwsgi,D_burst,1,02_nginx_uwsgi__D_burst__rep01,json
RAW_BENCHMARK_FILE,data\raw\taw data  json\02_nginx_uwsgi__D_burst__rep02.json,02_nginx_uwsgi__D_burst__rep02.json,.json,147167583,2026-05-18T13:42:12.968573,True,611b153b2709eaf645f1aa4b8e8a133ca37bcdc34bc36d22d0b7cfa53bee3587,,02_nginx_uwsgi,D_burst,2,02_nginx_uwsgi__D_burst__rep02,json
RAW_BENCHMARK_FILE,data\raw\taw data  json\02_nginx_uwsgi__D_burst__rep03.json,02_nginx_uwsgi__D_burst__rep03.json,.json,147179433,2026-05-18T14:14:51.836815,True,7f3925f60697b198b655c7182800c91c550f467b9fa9296f5c180389a2f45f52,,02_nginx_uwsgi,D_burst,3,02_nginx_uwsgi__D_burst__rep03,json
RAW_BENCHMARK_FILE,data\raw\taw data  json\02_nginx_uwsgi__D_burst__rep04.json,02_nginx_uwsgi__D_burst__rep04.json,.json,145308502,2026-05-18T14:47:31.335446,True,a7051b1dc95d3ea6f1af6235948207b2028670599dcb36eae7cf33ae34360e05,,02_nginx_uwsgi,D_burst,4,02_nginx_uwsgi__D_burst__rep04,json
RAW_BENCHMARK_FILE,data\raw\taw data  json\02_nginx_uwsgi__D_burst__rep05.json,02_nginx_uwsgi__D_burst__rep05.json,.json,147009252,2026-05-18T15:20:14.526822,True,3fed809904e59851bb4b88084c471ad430390ef005d2258396b25a7a94a6a44a,,02_nginx_uwsgi,D_burst,5,02_nginx_uwsgi__D_burst__rep05,json
RAW_BENCHMARK_FILE,data\raw\taw data  json\02_nginx_uwsgi__D_burst__rep06.json,02_nginx_uwsgi__D_burst__rep06.json,.json,146701867,2026-05-18T15:52:56.520689,True,a956ba42350952f097f3b1f3d800cc7e883f5c0fbc827bf85c36bd3368ba27e6,,02_nginx_uwsgi,D_burst,6,02_nginx_uwsgi__D_burst__rep06,json
RAW_BENCHMARK_FILE,data\raw\taw data  json\02_nginx_uwsgi__D_burst__rep07.json,02_nginx_uwsgi__D_burst__rep07.json,.json,147158095,2026-05-18T16:25:38.964283,True,b4082c029869f41e3f7f7e4b1140bf7c6f1999e2a404e7a0ac986c4199268899,,02_nginx_uwsgi,D_burst,7,02_nginx_uwsgi__D_burst__rep07,json
RAW_BENCHMARK_FILE,data\raw\taw data  json\02_nginx_uwsgi__D_burst__rep08.json,02_nginx_uwsgi__D_burst__rep08.json,.json,147126296,2026-05-18T16:58:17.243786,True,5c5cd1763231a119c9f25139bfdb3629eff16fee69f6e1625ab09dce06c80284,,02_nginx_uwsgi,D_burst,8,02_nginx_uwsgi__D_burst__rep08,json
RAW_BENCHMARK_FILE,data\raw\taw data  json\02_nginx_uwsgi__D_burst__rep09.json,02_nginx_uwsgi__D_burst__rep09.json,.json,147153184,2026-05-18T17:30:56.299691,True,85ede3065108d855e7f34ebbee21e307435a6724104eef7ae61f13bdb1fb5336,,02_nginx_uwsgi,D_burst,9,02_nginx_uwsgi__D_burst__rep09,json
RAW_BENCHMARK_FILE,data\raw\taw data  json\02_nginx_uwsgi__D_burst__rep10.json,02_nginx_uwsgi__D_burst__rep10.json,.json,147680139,2026-05-18T18:03:36.033942,True,6d6ef738ae56bd5f62216ee0016c7d81298d2e707c7174bd044309154229b366,,02_nginx_uwsgi,D_burst,10,02_nginx_uwsgi__D_burst__rep10,json
RAW_BENCHMARK_FILE,data\raw\taw data  json\03_django_gunicorn__A_browse__rep01.json,03_django_gunicorn__A_browse__rep01.json,.json,183766708,2026-05-18T18:36:15.628551,True,5eb7f67d5a17ebc365c7330724455cb3da36a7aa56e725fdefa6099907ad240a,,03_django_gunicorn,A_browse,1,03_django_gunicorn__A_browse__rep01,json
RAW_BENCHMARK_FILE,data\raw\taw data  json\03_django_gunicorn__A_browse__rep02.json,03_django_gunicorn__A_browse__rep02.json,.json,183786114,2026-05-18T19:08:55.589719,True,4d240b37795ac18ad37ada0fc0665f86df891027bbed9d1c97db5505a5ec453a,,03_django_gunicorn,A_browse,2,03_django_gunicorn__A_browse__rep02,json
RAW_BENCHMARK_FILE,data\raw\taw data  json\03_django_gunicorn__A_browse__rep03.json,03_django_gunicorn__A_browse__rep03.json,.json,183769926,2026-05-18T19:41:34.983333,True,d4cb248c9b85da77f5c8df91d445752eae03c6c274e3ae654f06731c1a5f169d,,03_django_gunicorn,A_browse,3,03_django_gunicorn__A_browse__rep03,json
RAW_BENCHMARK_FILE,data\raw\taw data  json\03_django_gunicorn__A_browse__rep04.json,03_django_gunicorn__A_browse__rep04.json,.json,183805022,2026-05-18T20:14:14.863313,True,9933efd33fb52b10cea4da2f17b7a3495bab73873aebd01fc4e29b74998e846a,,03_django_gunicorn,A_browse,4,03_django_gunicorn__A_browse__rep04,json
RAW_BENCHMARK_FILE,data\raw\taw data  json\03_django_gunicorn__A_browse__rep05.json,03_django_gunicorn__A_browse__rep05.json,.json,183784872,2026-05-18T20:47:28.419070,True,67d6bd0a80997dbcc177fe9f4e75b78261e15f1647a4d7b7434cd2c00b2ba03c,,03_django_gunicorn,A_browse,5,03_django_gunicorn__A_browse__rep05,json
RAW_BENCHMARK_FILE,data\raw\taw data  json\03_django_gunicorn__A_browse__rep06.json,03_django_gunicorn__A_browse__rep06.json,.json,177978806,2026-05-18T21:20:12.870907,True,b0adbe400b1a9b540c449a6574088ac4776a9ccd97f1978870d552d8f4bc77d7,,03_django_gunicorn,A_browse,6,03_django_gunicorn__A_browse__rep06,json
RAW_BENCHMARK_FILE,data\raw\taw data  json\03_django_gunicorn__A_browse__rep07.json,03_django_gunicorn__A_browse__rep07.json,.json,183801078,2026-05-18T21:52:55.534682,True,f439e4a112a1ab64935e354d3bf0f7a688f5f119b958944f0f4c576c45360957,,03_django_gunicorn,A_browse,7,03_django_gunicorn__A_browse__rep07,json
RAW_BENCHMARK_FILE,data\raw\taw data  json\03_django_gunicorn__A_browse__rep08.json,03_django_gunicorn__A_browse__rep08.json,.json,183776848,2026-05-18T22:25:38.596236,True,62a519de26f0305d9da47b9f7e935937ef8d5f0780433054416b017713879f6e,,03_django_gunicorn,A_browse,8,03_django_gunicorn__A_browse__rep08,json
RAW_BENCHMARK_FILE,data\raw\taw data  json\03_django_gunicorn__A_browse__rep09.json,03_django_gunicorn__A_browse__rep09.json,.json,183783063,2026-05-18T22:58:20.507956,True,e60fe4cd425cc690d46ce92b23fd68f855a335b234ac82e9061f37368b852012,,03_django_gunicorn,A_browse,9,03_django_gunicorn__A_browse__rep09,json
RAW_BENCHMARK_FILE,data\raw\taw data  json\03_django_gunicorn__A_browse__rep10.json,03_django_gunicorn__A_browse__rep10.json,.json,184436034,2026-05-18T23:31:02.056178,True,181fe6cb408d61f142f5c0cde00272779553633cc41111e0da9e14113a2618d5,,03_django_gunicorn,A_browse,10,03_django_gunicorn__A_browse__rep10,json
RAW_BENCHMARK_FILE,data\raw\taw data  json\03_django_gunicorn__B_mixed__rep01.json,03_django_gunicorn__B_mixed__rep01.json,.json,138113964,2026-05-19T00:03:49.642256,True,b3621a9a17fbfa9aebc3fe0dfa1dce5be7fbe3e3ceaed2ea420ecb16b556e5f9,,03_django_gunicorn,B_mixed,1,03_django_gunicorn__B_mixed__rep01,json
RAW_BENCHMARK_FILE,data\raw\taw data  json\03_django_gunicorn__B_mixed__rep02.json,03_django_gunicorn__B_mixed__rep02.json,.json,138124407,2026-05-19T00:36:33.839156,True,49c3103872a3cb75c62ab8ee0ce12cfaa010e36bd8e2b9820fa199641af17901,,03_django_gunicorn,B_mixed,2,03_django_gunicorn__B_mixed__rep02,json
RAW_BENCHMARK_FILE,data\raw\taw data  json\03_django_gunicorn__B_mixed__rep03.json,03_django_gunicorn__B_mixed__rep03.json,.json,138090702,2026-05-19T01:09:16.811304,True,f523651d311e27ca75f3710485cff558dfa472225c5ae274e70c16a78389f48e,,03_django_gunicorn,B_mixed,3,03_django_gunicorn__B_mixed__rep03,json
RAW_BENCHMARK_FILE,data\raw\taw data  json\03_django_gunicorn__B_mixed__rep04.json,03_django_gunicorn__B_mixed__rep04.json,.json,138083122,2026-05-19T01:41:56.249197,True,f09215c984f2a5f741dc9198a3c86f6c3fee644922e1ccb94163557643215ff4,,03_django_gunicorn,B_mixed,4,03_django_gunicorn__B_mixed__rep04,json
RAW_BENCHMARK_FILE,data\raw\taw data  json\03_django_gunicorn__B_mixed__rep05.json,03_django_gunicorn__B_mixed__rep05.json,.json,138077707,2026-05-19T02:14:35.599426,True,8c4173d92ee48d1b44f9965046533e49459f4af306baf71b46add634e59dfd51,,03_django_gunicorn,B_mixed,5,03_django_gunicorn__B_mixed__rep05,json
RAW_BENCHMARK_FILE,data\raw\taw data  json\03_django_gunicorn__B_mixed__rep06.json,03_django_gunicorn__B_mixed__rep06.json,.json,138125677,2026-05-19T02:47:15.498850,True,1b2d1c15027371794bccb44cf549f42f58791dbb6db9cb84ba3d314d2c8a4247,,03_django_gunicorn,B_mixed,6,03_django_gunicorn__B_mixed__rep06,json
RAW_BENCHMARK_FILE,data\raw\taw data  json\03_django_gunicorn__B_mixed__rep07.json,03_django_gunicorn__B_mixed__rep07.json,.json,138110468,2026-05-19T03:19:54.314528,True,cce8f319f7d1f68568dfa62507e8f785b0e210101b9ca6894b72028d5ffd6c73,,03_django_gunicorn,B_mixed,7,03_django_gunicorn__B_mixed__rep07,json
RAW_BENCHMARK_FILE,data\raw\taw data  json\03_django_gunicorn__B_mixed__rep08.json,03_django_gunicorn__B_mixed__rep08.json,.json,138075243,2026-05-19T03:52:32.933379,True,75448a01f9c412b71ef94ae98a2b41197f20a9dfe35a79902e7dd10a6b4eaff0,,03_django_gunicorn,B_mixed,8,03_django_gunicorn__B_mixed__rep08,json
RAW_BENCHMARK_FILE,data\raw\taw data  json\03_django_gunicorn__B_mixed__rep09.json,03_django_gunicorn__B_mixed__rep09.json,.json,138115205,2026-05-19T04:25:11.577070,True,586178e4f40ce85b1babd106f8f297789f759c9b2d12d75bbb817f30bd7c3015,,03_django_gunicorn,B_mixed,9,03_django_gunicorn__B_mixed__rep09,json
RAW_BENCHMARK_FILE,data\raw\taw data  json\03_django_gunicorn__B_mixed__rep10.json,03_django_gunicorn__B_mixed__rep10.json,.json,138541831,2026-05-19T04:57:49.981359,True,58aa2d1375949f02aba9483eee9cbb2e6c0ec46c82861fe6efddf24fb66ce2e9,,03_django_gunicorn,B_mixed,10,03_django_gunicorn__B_mixed__rep10,json
RAW_BENCHMARK_FILE,data\raw\taw data  json\03_django_gunicorn__C_checkout__rep01.json,03_django_gunicorn__C_checkout__rep01.json,.json,226082805,2026-05-19T05:30:30.042180,True,2ae9c103c140fce76c08526de4ad4c234fcd4f810834507b9975d79ecf667813,,03_django_gunicorn,C_checkout,1,03_django_gunicorn__C_checkout__rep01,json
RAW_BENCHMARK_FILE,data\raw\taw data  json\03_django_gunicorn__C_checkout__rep02.json,03_django_gunicorn__C_checkout__rep02.json,.json,226068032,2026-05-19T06:03:10.804946,True,90aa1f3adc1a79cf294a2007a456793c56c5e8500c8c2e9271815025f7a9d263,,03_django_gunicorn,C_checkout,2,03_django_gunicorn__C_checkout__rep02,json
RAW_BENCHMARK_FILE,data\raw\taw data  json\03_django_gunicorn__C_checkout__rep03.json,03_django_gunicorn__C_checkout__rep03.json,.json,226106389,2026-05-19T06:35:51.572086,True,500f88a3be484dfede97b8de22071e66744d6c52cf1a87a81e76a197693e371b,,03_django_gunicorn,C_checkout,3,03_django_gunicorn__C_checkout__rep03,json
RAW_BENCHMARK_FILE,data\raw\taw data  json\03_django_gunicorn__C_checkout__rep04.json,03_django_gunicorn__C_checkout__rep04.json,.json,226078111,2026-05-19T07:08:32.609286,True,b50a95c2e97d1efe577d91eb0630c116aaf40ec1009cbb9102eceb66308d8639,,03_django_gunicorn,C_checkout,4,03_django_gunicorn__C_checkout__rep04,json
RAW_BENCHMARK_FILE,data\raw\taw data  json\03_django_gunicorn__C_checkout__rep05.json,03_django_gunicorn__C_checkout__rep05.json,.json,226078384,2026-05-19T07:41:13.731195,True,56acfd93dd0bb10d38cfb10405513c78d4fb6f9cac666725d5e03ce360b6d5e1,,03_django_gunicorn,C_checkout,5,03_django_gunicorn__C_checkout__rep05,json
RAW_BENCHMARK_FILE,data\raw\taw data  json\03_django_gunicorn__C_checkout__rep06.json,03_django_gunicorn__C_checkout__rep06.json,.json,226042045,2026-05-19T08:13:54.468473,True,d69eccc61cfbb2048bd7a7b7566673b9bac2c556c052cb5c04f63d6b5b655578,,03_django_gunicorn,C_checkout,6,03_django_gunicorn__C_checkout__rep06,json
RAW_BENCHMARK_FILE,data\raw\taw data  json\03_django_gunicorn__C_checkout__rep07.json,03_django_gunicorn__C_checkout__rep07.json,.json,226088745,2026-05-19T08:46:35.831814,True,e754a21ef66a6f04f98a08194da9dea133b0f85fd2262d473c54992738841712,,03_django_gunicorn,C_checkout,7,03_django_gunicorn__C_checkout__rep07,json
RAW_BENCHMARK_FILE,data\raw\taw data  json\03_django_gunicorn__C_checkout__rep08.json,03_django_gunicorn__C_checkout__rep08.json,.json,226096223,2026-05-19T09:19:16.903777,True,9e43ebd5c12d4bec41534050fe493205b640344195661c4bc13c1d69827e5464,,03_django_gunicorn,C_checkout,8,03_django_gunicorn__C_checkout__rep08,json
RAW_BENCHMARK_FILE,data\raw\taw data  json\03_django_gunicorn__C_checkout__rep09.json,03_django_gunicorn__C_checkout__rep09.json,.json,226104620,2026-05-19T09:51:58.640815,True,85f88539429ca43eb0f952bd912a216354876393ff38486994ada87254ea09a0,,03_django_gunicorn,C_checkout,9,03_django_gunicorn__C_checkout__rep09,json
RAW_BENCHMARK_FILE,data\raw\taw data  json\03_django_gunicorn__C_checkout__rep10.json,03_django_gunicorn__C_checkout__rep10.json,.json,226814798,2026-05-19T10:24:40.307059,True,286eb3e6d912d1cc54818d40ce60345ea3d11cea8e829622c0f3a08187beca18,,03_django_gunicorn,C_checkout,10,03_django_gunicorn__C_checkout__rep10,json
RAW_BENCHMARK_FILE,data\raw\taw data  json\03_django_gunicorn__D_burst__rep01.json,03_django_gunicorn__D_burst__rep01.json,.json,130436429,2026-05-19T10:57:20.626915,True,8acab62967eb3be7bfedd2fffe64817b2481d406a6e6610010cfd297ab8bbb35,,03_django_gunicorn,D_burst,1,03_django_gunicorn__D_burst__rep01,json
RAW_BENCHMARK_FILE,data\raw\taw data  json\03_django_gunicorn__D_burst__rep02.json,03_django_gunicorn__D_burst__rep02.json,.json,138698132,2026-05-19T11:30:03.427944,True,3ed04e8c04d1c16f3a76ff4c63f63d78662b3a7f5bcdc1bca573c2d9cfacb59c,,03_django_gunicorn,D_burst,2,03_django_gunicorn__D_burst__rep02,json
RAW_BENCHMARK_FILE,data\raw\taw data  json\03_django_gunicorn__D_burst__rep03.json,03_django_gunicorn__D_burst__rep03.json,.json,149324183,2026-05-19T12:02:46.433273,True,f7135544670c069292a640af763501af8750d9d170688cda1ca41a9868c4c745,,03_django_gunicorn,D_burst,3,03_django_gunicorn__D_burst__rep03,json
RAW_BENCHMARK_FILE,data\raw\taw data  json\03_django_gunicorn__D_burst__rep04.json,03_django_gunicorn__D_burst__rep04.json,.json,137333150,2026-05-19T12:35:26.284290,True,49c53b35a027135c6d75a48670555d588b67ac364bc5f1372634481381a61a79,,03_django_gunicorn,D_burst,4,03_django_gunicorn__D_burst__rep04,json
RAW_BENCHMARK_FILE,data\raw\taw data  json\03_django_gunicorn__D_burst__rep05.json,03_django_gunicorn__D_burst__rep05.json,.json,149303213,2026-05-19T13:08:05.082964,True,5e2cc75f3012bce0bc4d3c8c3f53108c1ed346c9781afe012a8e309e4a29d995,,03_django_gunicorn,D_burst,5,03_django_gunicorn__D_burst__rep05,json
RAW_BENCHMARK_FILE,data\raw\taw data  json\03_django_gunicorn__D_burst__rep06.json,03_django_gunicorn__D_burst__rep06.json,.json,138489887,2026-05-19T13:40:49.306186,True,b89dfb97830195b08ec7619d26e94c88a69c236ba2fbcfc1aa795dc1eaecd87d,,03_django_gunicorn,D_burst,6,03_django_gunicorn__D_burst__rep06,json
RAW_BENCHMARK_FILE,data\raw\taw data  json\03_django_gunicorn__D_burst__rep07.json,03_django_gunicorn__D_burst__rep07.json,.json,123023337,2026-05-19T14:13:31.395163,True,bf9d0ecdcd901f4d6d057d78c4fadd605c1b1bd247505d2013f9359cb83fff04,,03_django_gunicorn,D_burst,7,03_django_gunicorn__D_burst__rep07,json
RAW_BENCHMARK_FILE,data\raw\taw data  json\03_django_gunicorn__D_burst__rep08.json,03_django_gunicorn__D_burst__rep08.json,.json,149213473,2026-05-19T14:46:14.173775,True,589a3d526a08aa26e2a560fbff825375112f83c4160a1ce8d2790d161c1a6673,,03_django_gunicorn,D_burst,8,03_django_gunicorn__D_burst__rep08,json
RAW_BENCHMARK_FILE,data\raw\taw data  json\03_django_gunicorn__D_burst__rep09.json,03_django_gunicorn__D_burst__rep09.json,.json,115822728,2026-05-19T15:18:55.231777,True,66f0498b386497d1df2e5c835282c713a28ebae72e27a257934c717de23f136d,,03_django_gunicorn,D_burst,9,03_django_gunicorn__D_burst__rep09,json
RAW_BENCHMARK_FILE,data\raw\taw data  json\03_django_gunicorn__D_burst__rep10.json,03_django_gunicorn__D_burst__rep10.json,.json,147978115,2026-05-19T15:51:40.195782,True,c76ab6cd828501133e1594d6bd23c38e3d226dbd8a8e462540c55db162c652e0,,03_django_gunicorn,D_burst,10,03_django_gunicorn__D_burst__rep10,json
RAW_BENCHMARK_FILE,data\raw\taw data  json\04_aca__A_browse__rep01.json,04_aca__A_browse__rep01.json,.json,213669316,2026-05-19T16:24:40.265408,True,31a62c40f0d49946872c092b42eaf833d2ccaf6105c3f1ca3f21dcc6ee6f4765,,04_aca,A_browse,1,04_aca__A_browse__rep01,json
RAW_BENCHMARK_FILE,data\raw\taw data  json\04_aca__A_browse__rep02.json,04_aca__A_browse__rep02.json,.json,220323080,2026-05-19T16:57:12.646080,True,b5ee29b60f9a64031024bb34214ae2f2713dc4b12b749f8190066b6cb8f17111,,04_aca,A_browse,2,04_aca__A_browse__rep02,json
RAW_BENCHMARK_FILE,data\raw\taw data  json\04_aca__A_browse__rep03.json,04_aca__A_browse__rep03.json,.json,220404097,2026-05-19T17:29:46.651156,True,397313aba35280fb24bb46dcd96c9e1e1d127839e29c9ac847a44a35fa97ee48,,04_aca,A_browse,3,04_aca__A_browse__rep03,json
RAW_BENCHMARK_FILE,data\raw\taw data  json\04_aca__A_browse__rep04.json,04_aca__A_browse__rep04.json,.json,220415351,2026-05-19T18:02:21.836026,True,1fe1dd508dd9f81b54c80914bb320c27cfb3b57a7c979b24d2a09e3dcc18b59b,,04_aca,A_browse,4,04_aca__A_browse__rep04,json
RAW_BENCHMARK_FILE,data\raw\taw data  json\04_aca__A_browse__rep05.json,04_aca__A_browse__rep05.json,.json,220328317,2026-05-19T18:34:56.334035,True,7f2a6a0cadfbf4c9411e6a304dff338cee3af9251aa2c118c5a3b4e7b096c794,,04_aca,A_browse,5,04_aca__A_browse__rep05,json
RAW_BENCHMARK_FILE,data\raw\taw data  json\04_aca__A_browse__rep06.json,04_aca__A_browse__rep06.json,.json,220377065,2026-05-19T19:07:27.839919,True,8e1ba70060269f788fed25eb678493615e8dd8efa5cabfe73dcfa68484e44663,,04_aca,A_browse,6,04_aca__A_browse__rep06,json
RAW_BENCHMARK_FILE,data\raw\taw data  json\04_aca__A_browse__rep07.json,04_aca__A_browse__rep07.json,.json,220329916,2026-05-19T19:39:59.140184,True,9592e2cb5472a5cc7c52d1628b0a7ee8e620e444c4a1a0e71d65a8627c1ba03d,,04_aca,A_browse,7,04_aca__A_browse__rep07,json
RAW_BENCHMARK_FILE,data\raw\taw data  json\04_aca__A_browse__rep08.json,04_aca__A_browse__rep08.json,.json,220331596,2026-05-19T20:12:30.155759,True,60e0bd3d2ef976b1329b82ce1beb59c6a44aa62df3ed07ec74754b25219cfa2f,,04_aca,A_browse,8,04_aca__A_browse__rep08,json
RAW_BENCHMARK_FILE,data\raw\taw data  json\04_aca__A_browse__rep09.json,04_aca__A_browse__rep09.json,.json,220381097,2026-05-19T20:45:01.449500,True,707034d9ff1b74cc1fbbe8d1d2e46ab3a9eb3f81a6760c296587dc6d31503ba7,,04_aca,A_browse,9,04_aca__A_browse__rep09,json
RAW_BENCHMARK_FILE,data\raw\taw data  json\04_aca__A_browse__rep10.json,04_aca__A_browse__rep10.json,.json,221027474,2026-05-19T21:17:32.919075,True,834e59cdbfb893990f6668033310ef166325a8233b23c5e44208d216b1070061,,04_aca,A_browse,10,04_aca__A_browse__rep10,json
RAW_BENCHMARK_FILE,data\raw\taw data  json\04_aca__B_mixed__rep01.json,04_aca__B_mixed__rep01.json,.json,165604457,2026-05-19T21:50:11.160085,True,9d34f6de7f64e41d98153b4a334db28d6f46c4e799e1d3ce3e2c222b144229bf,,04_aca,B_mixed,1,04_aca__B_mixed__rep01,json
RAW_BENCHMARK_FILE,data\raw\taw data  json\04_aca__B_mixed__rep02.json,04_aca__B_mixed__rep02.json,.json,165522858,2026-05-19T22:22:44.864547,True,845eecf2b6767fcf6e42260ce3d4b2ebb1ea43cd2e99e10dcc4e92d99f45fada,,04_aca,B_mixed,2,04_aca__B_mixed__rep02,json
RAW_BENCHMARK_FILE,data\raw\taw data  json\04_aca__B_mixed__rep03.json,04_aca__B_mixed__rep03.json,.json,165512846,2026-05-19T22:55:17.616344,True,c1251248906a05f599e5deba14e4c38d71d357da428ca34c9194051a55edae99,,04_aca,B_mixed,3,04_aca__B_mixed__rep03,json
RAW_BENCHMARK_FILE,data\raw\taw data  json\04_aca__B_mixed__rep04.json,04_aca__B_mixed__rep04.json,.json,165539499,2026-05-19T23:27:49.988148,True,1fe68a8a9723a8d99f668db747b4c32f6780883bc67520f0415a00d4abb57cbe,,04_aca,B_mixed,4,04_aca__B_mixed__rep04,json
RAW_BENCHMARK_FILE,data\raw\taw data  json\04_aca__B_mixed__rep05.json,04_aca__B_mixed__rep05.json,.json,165550759,2026-05-20T00:00:19.806228,True,34652899c6758040edda863d4ecd25239d6f14e35fe860ac41cbd96d8cf9b350,,04_aca,B_mixed,5,04_aca__B_mixed__rep05,json
RAW_BENCHMARK_FILE,data\raw\taw data  json\04_aca__B_mixed__rep06.json,04_aca__B_mixed__rep06.json,.json,165523354,2026-05-20T00:32:55.689147,True,f5c5b920f722c640439140c7f929a3cdcdbef74424406b866ca3e41137b96cfa,,04_aca,B_mixed,6,04_aca__B_mixed__rep06,json
RAW_BENCHMARK_FILE,data\raw\taw data  json\04_aca__B_mixed__rep07.json,04_aca__B_mixed__rep07.json,.json,165563139,2026-05-20T01:05:25.225002,True,e466d9f5dfd925c2942d64af1acc71b8fe4b5c2130aa3e25caecfd12038a6673,,04_aca,B_mixed,7,04_aca__B_mixed__rep07,json
RAW_BENCHMARK_FILE,data\raw\taw data  json\04_aca__B_mixed__rep08.json,04_aca__B_mixed__rep08.json,.json,165535240,2026-05-20T01:37:54.128292,True,8db2ed8fc5f0aea28cfa59ef5753d61f0ddc3700d2ae13cdadd80f505bc435a4,,04_aca,B_mixed,8,04_aca__B_mixed__rep08,json
RAW_BENCHMARK_FILE,data\raw\taw data  json\04_aca__B_mixed__rep09.json,04_aca__B_mixed__rep09.json,.json,165570778,2026-05-20T02:10:23.142363,True,b6dba746be0e23b00cb8744474ba75bb97d5c273a82388e7973de5c7ec9f710f,,04_aca,B_mixed,9,04_aca__B_mixed__rep09,json
RAW_BENCHMARK_FILE,data\raw\taw data  json\04_aca__B_mixed__rep10.json,04_aca__B_mixed__rep10.json,.json,166081851,2026-05-20T02:42:51.435082,True,252cfed8d9485df554424583f953771f7d90d90b721edb8b7b555194d860d41b,,04_aca,B_mixed,10,04_aca__B_mixed__rep10,json
RAW_BENCHMARK_FILE,data\raw\taw data  json\04_aca__C_checkout__rep01.json,04_aca__C_checkout__rep01.json,.json,284144494,2026-05-20T03:15:20.700298,True,083e5cfda4fbcb0be4b9eb3e28d7f6ade880221716a88d3bc61f62db5d269e19,,04_aca,C_checkout,1,04_aca__C_checkout__rep01,json
RAW_BENCHMARK_FILE,data\raw\taw data  json\04_aca__C_checkout__rep02.json,04_aca__C_checkout__rep02.json,.json,284122832,2026-05-20T03:47:51.679626,True,899c55301c9fdf2dad059fca6d7439769c4ffdd009cddf3a230776925160342a,,04_aca,C_checkout,2,04_aca__C_checkout__rep02,json
RAW_BENCHMARK_FILE,data\raw\taw data  json\04_aca__C_checkout__rep03.json,04_aca__C_checkout__rep03.json,.json,284117197,2026-05-20T04:20:23.372713,True,c6c3f88cc4f3f33d98d92bfdf60ce6bafa6d015a67870f42dd9ca0d6a3d1a793,,04_aca,C_checkout,3,04_aca__C_checkout__rep03,json
RAW_BENCHMARK_FILE,data\raw\taw data  json\04_aca__C_checkout__rep04.json,04_aca__C_checkout__rep04.json,.json,284106106,2026-05-20T04:52:54.406240,True,614ccb1b924083806d1d3b4ca3a25e6e4b272d84e0a71e9ec5665f06c8556b70,,04_aca,C_checkout,4,04_aca__C_checkout__rep04,json
RAW_BENCHMARK_FILE,data\raw\taw data  json\04_aca__C_checkout__rep05.json,04_aca__C_checkout__rep05.json,.json,284099086,2026-05-20T05:25:25.654766,True,a3899b0932faa5019f3daca749481d072146bd0b54f9726b73cec10b27442dde,,04_aca,C_checkout,5,04_aca__C_checkout__rep05,json
RAW_BENCHMARK_FILE,data\raw\taw data  json\04_aca__C_checkout__rep06.json,04_aca__C_checkout__rep06.json,.json,284095547,2026-05-20T05:57:56.540680,True,9641284fe6d780909b9867d5ab6db523651093d9a35dea9fafa3a8219e7e21b0,,04_aca,C_checkout,6,04_aca__C_checkout__rep06,json
RAW_BENCHMARK_FILE,data\raw\taw data  json\04_aca__C_checkout__rep07.json,04_aca__C_checkout__rep07.json,.json,284104198,2026-05-20T06:30:28.261111,True,a9323d99edd5e446f600ac9be7c92907e3330303eca7e847d4fddc13050d4873,,04_aca,C_checkout,7,04_aca__C_checkout__rep07,json
RAW_BENCHMARK_FILE,data\raw\taw data  json\04_aca__C_checkout__rep08.json,04_aca__C_checkout__rep08.json,.json,284108853,2026-05-20T07:02:58.805530,True,2f5e52f924af9b8ae7d259538da0642fd439e965a6c94757017dbb7d250b0482,,04_aca,C_checkout,8,04_aca__C_checkout__rep08,json
RAW_BENCHMARK_FILE,data\raw\taw data  json\04_aca__C_checkout__rep09.json,04_aca__C_checkout__rep09.json,.json,284115555,2026-05-20T07:35:29.499637,True,6f02fe1af78c07069321124515f8facf784d1e567ec69e5b94fcd1efe063f7c1,,04_aca,C_checkout,9,04_aca__C_checkout__rep09,json
RAW_BENCHMARK_FILE,data\raw\taw data  json\04_aca__C_checkout__rep10.json,04_aca__C_checkout__rep10.json,.json,284837403,2026-05-20T08:07:59.985290,True,f5aef54c35ca25d37ac98a1ddddf4b689f9ec8476c8f0fffa06969302030cf5c,,04_aca,C_checkout,10,04_aca__C_checkout__rep10,json
RAW_BENCHMARK_FILE,data\raw\taw data  json\04_aca__D_burst__rep01.json,04_aca__D_burst__rep01.json,.json,182679567,2026-05-20T08:40:29.855814,True,79007543f222c506c54cce844aced8ff2a51a5ce2d875969ee095a27617ff3e7,,04_aca,D_burst,1,04_aca__D_burst__rep01,json
RAW_BENCHMARK_FILE,data\raw\taw data  json\04_aca__D_burst__rep02.json,04_aca__D_burst__rep02.json,.json,182672827,2026-05-20T09:12:57.967892,True,5176fb3cb329723bce9c4b66b7b63ca79d510ea207158aa8876bfb51a68d5afc,,04_aca,D_burst,2,04_aca__D_burst__rep02,json
RAW_BENCHMARK_FILE,data\raw\taw data  json\04_aca__D_burst__rep03.json,04_aca__D_burst__rep03.json,.json,182680200,2026-05-20T09:45:26.422882,True,eb225a4bd75f6ad77fe56315cc1c09adcc83de9b17556b748f940986712871c3,,04_aca,D_burst,3,04_aca__D_burst__rep03,json
RAW_BENCHMARK_FILE,data\raw\taw data  json\04_aca__D_burst__rep04.json,04_aca__D_burst__rep04.json,.json,182679733,2026-05-20T10:17:55.416196,True,e495596b11e70b8983477a676e579720f680177a240e66ad96f90058ce194a9a,,04_aca,D_burst,4,04_aca__D_burst__rep04,json
RAW_BENCHMARK_FILE,data\raw\taw data  json\04_aca__D_burst__rep05.json,04_aca__D_burst__rep05.json,.json,182692358,2026-05-20T10:50:24.051765,True,92703ccbfea9f1a8082918901e41036742edfe4cfc3c6d74ca85f02d5df0d224,,04_aca,D_burst,5,04_aca__D_burst__rep05,json
RAW_BENCHMARK_FILE,data\raw\taw data  json\04_aca__D_burst__rep06.json,04_aca__D_burst__rep06.json,.json,182748705,2026-05-20T11:22:52.252631,True,01e0b559b6f685df333a9c7affe0dfbd29135fbdd111251c69b09dcacef7342d,,04_aca,D_burst,6,04_aca__D_burst__rep06,json
RAW_BENCHMARK_FILE,data\raw\taw data  json\04_aca__D_burst__rep07.json,04_aca__D_burst__rep07.json,.json,182656828,2026-05-20T11:55:21.641987,True,e85f7b7be248d50523e05bd4b303b3fdbda9e72c8146d622b993330b772f9d52,,04_aca,D_burst,7,04_aca__D_burst__rep07,json
RAW_BENCHMARK_FILE,data\raw\taw data  json\04_aca__D_burst__rep08.json,04_aca__D_burst__rep08.json,.json,182660319,2026-05-20T12:27:51.285091,True,6fd91a88fc66689b92fee07ac30f5c67267ace9a31fb6f79213344578faa0886,,04_aca,D_burst,8,04_aca__D_burst__rep08,json
RAW_BENCHMARK_FILE,data\raw\taw data  json\04_aca__D_burst__rep09.json,04_aca__D_burst__rep09.json,.json,182633222,2026-05-20T13:00:20.907319,True,b1471d1e102372c5cc39e5867398077533569541a48853915e129d9beea4248d,,04_aca,D_burst,9,04_aca__D_burst__rep09,json
RAW_BENCHMARK_FILE,data\raw\taw data  json\04_aca__D_burst__rep10.json,04_aca__D_burst__rep10.json,.json,183232618,2026-05-20T13:32:51.652342,True,6fb5ae0e1fab780d0ff88345b79b2673baad2151c51b70fe2cbc903861854406,,04_aca,D_burst,10,04_aca__D_burst__rep10,json
RAW_BENCHMARK_FILE,data\raw\taw data  json\05_koyeb__A_browse__rep01.json,05_koyeb__A_browse__rep01.json,.json,205793313,2026-05-20T14:05:31.657557,True,b9a18b43e073c3e2852ecb5481ad1b51dd496ef8b8295517b2888c86966a21c1,,05_koyeb,A_browse,1,05_koyeb__A_browse__rep01,json
RAW_BENCHMARK_FILE,data\raw\taw data  json\05_koyeb__A_browse__rep02.json,05_koyeb__A_browse__rep02.json,.json,204916916,2026-05-20T14:37:59.928472,True,284385f626622de8f4b1f18944fc490b41c53dd86d06a486c8476a3e43547d5b,,05_koyeb,A_browse,2,05_koyeb__A_browse__rep02,json
RAW_BENCHMARK_FILE,data\raw\taw data  json\05_koyeb__A_browse__rep03.json,05_koyeb__A_browse__rep03.json,.json,210366162,2026-05-20T15:10:27.826935,True,33873804e8e10cd128678bea48ab2bfc4f17225c1a85a93b430689972853a3e7,,05_koyeb,A_browse,3,05_koyeb__A_browse__rep03,json
RAW_BENCHMARK_FILE,data\raw\taw data  json\05_koyeb__A_browse__rep04.json,05_koyeb__A_browse__rep04.json,.json,210349491,2026-05-20T15:43:26.528092,True,ec7082d383bc6032d9e9f31232616efc28d88eace561fe2e3b0cbfd015c204c3,,05_koyeb,A_browse,4,05_koyeb__A_browse__rep04,json
RAW_BENCHMARK_FILE,data\raw\taw data  json\05_koyeb__A_browse__rep05.json,05_koyeb__A_browse__rep05.json,.json,210786797,2026-05-20T16:15:58.265803,True,dd494a3152b179b1c06e55af390c9c0dc06d35dc16f03deb1794fb313ca0e6bb,,05_koyeb,A_browse,5,05_koyeb__A_browse__rep05,json
RAW_BENCHMARK_FILE,data\raw\taw data  json\05_koyeb__A_browse__rep06.json,05_koyeb__A_browse__rep06.json,.json,208620306,2026-05-20T16:48:46.752100,True,17bc076a956949c81f72a0c579cd9a7f46a3d3cda811c0120e0deedaba5b8e7e,,05_koyeb,A_browse,6,05_koyeb__A_browse__rep06,json
RAW_BENCHMARK_FILE,data\raw\taw data  json\05_koyeb__A_browse__rep07.json,05_koyeb__A_browse__rep07.json,.json,208956971,2026-05-20T17:21:16.503999,True,0cf4179219662845f7d3705f47e153cabe5f0d4168ea36b29462e91d06a99f09,,05_koyeb,A_browse,7,05_koyeb__A_browse__rep07,json
RAW_BENCHMARK_FILE,data\raw\taw data  json\05_koyeb__A_browse__rep08.json,05_koyeb__A_browse__rep08.json,.json,209112219,2026-05-20T17:53:51.208055,True,a91a147af4e1a3ba3344e16a91d7c11d4f8c6b987f9299fde87c093c5216f956,,05_koyeb,A_browse,8,05_koyeb__A_browse__rep08,json
RAW_BENCHMARK_FILE,data\raw\taw data  json\05_koyeb__A_browse__rep09.json,05_koyeb__A_browse__rep09.json,.json,205634184,2026-05-20T18:26:22.392211,True,e51adfc43d3799ff6695329fbb8ce4bc787f76e6e405128e52db5fd1ca5105ac,,05_koyeb,A_browse,9,05_koyeb__A_browse__rep09,json
RAW_BENCHMARK_FILE,data\raw\taw data  json\05_koyeb__A_browse__rep10.json,05_koyeb__A_browse__rep10.json,.json,205324586,2026-05-20T18:58:52.147876,True,8b8ebf523e9ccd8b34a8b5744402acc7e6583ebb3a254fdcc914f2458256184a,,05_koyeb,A_browse,10,05_koyeb__A_browse__rep10,json
RAW_BENCHMARK_FILE,data\raw\taw data  json\05_koyeb__B_mixed__rep01.json,05_koyeb__B_mixed__rep01.json,.json,158307415,2026-05-20T19:31:52.286963,True,5ac8a451eb505e33502b3be840794c8df31ab9f760eac4184a1a68277fca5ac3,,05_koyeb,B_mixed,1,05_koyeb__B_mixed__rep01,json
RAW_BENCHMARK_FILE,data\raw\taw data  json\05_koyeb__B_mixed__rep02.json,05_koyeb__B_mixed__rep02.json,.json,158273593,2026-05-20T20:04:19.642743,True,6fe43a1cf15f02360216f67277957416b79abd98d0899360b8c95e39007f098a,,05_koyeb,B_mixed,2,05_koyeb__B_mixed__rep02,json
RAW_BENCHMARK_FILE,data\raw\taw data  json\05_koyeb__B_mixed__rep03.json,05_koyeb__B_mixed__rep03.json,.json,158316701,2026-05-20T20:36:47.293717,True,bf563a54a10a7ece182a9fd702559e512ae1bdf2baa97e3dfaea26494c477474,,05_koyeb,B_mixed,3,05_koyeb__B_mixed__rep03,json
RAW_BENCHMARK_FILE,data\raw\taw data  json\05_koyeb__B_mixed__rep04.json,05_koyeb__B_mixed__rep04.json,.json,158320197,2026-05-20T21:09:14.931112,True,10da6e3cad854a0119af0614894ac314929b0747d32c995cd94d20c1ba54e7df,,05_koyeb,B_mixed,4,05_koyeb__B_mixed__rep04,json
RAW_BENCHMARK_FILE,data\raw\taw data  json\05_koyeb__B_mixed__rep05.json,05_koyeb__B_mixed__rep05.json,.json,158160985,2026-05-20T21:41:44.816842,True,7752428c5a964889ef06be74c657fd0338ebe0b9d5894fcf2d5f7bea73e1c493,,05_koyeb,B_mixed,5,05_koyeb__B_mixed__rep05,json
RAW_BENCHMARK_FILE,data\raw\taw data  json\05_koyeb__B_mixed__rep06.json,05_koyeb__B_mixed__rep06.json,.json,155920361,2026-05-20T22:14:13.717113,True,9b7f798bcaec22ecc691d21d9ef1b50e5e9395c8847cafd5e9bd781c5b7f476e,,05_koyeb,B_mixed,6,05_koyeb__B_mixed__rep06,json
RAW_BENCHMARK_FILE,data\raw\taw data  json\05_koyeb__B_mixed__rep07.json,05_koyeb__B_mixed__rep07.json,.json,158296180,2026-05-20T22:46:41.480685,True,e0daff97ef7ab8512f46d3e8d3dc08b689adeed37311f523afc92a2e3e606e18,,05_koyeb,B_mixed,7,05_koyeb__B_mixed__rep07,json
RAW_BENCHMARK_FILE,data\raw\taw data  json\05_koyeb__B_mixed__rep08.json,05_koyeb__B_mixed__rep08.json,.json,153904710,2026-05-20T23:19:09.975954,True,330e24c48f46abb30fbc9f6fabaf80f83626974a4eb0d01acfc8af1e49ed69d2,,05_koyeb,B_mixed,8,05_koyeb__B_mixed__rep08,json
RAW_BENCHMARK_FILE,data\raw\taw data  json\05_koyeb__B_mixed__rep09.json,05_koyeb__B_mixed__rep09.json,.json,158312424,2026-05-20T23:52:06.976950,True,acf108799ed70bb0dc5c43c0a9f81f6e1d006f1ccb43a86a7d342371323e5dc7,,05_koyeb,B_mixed,9,05_koyeb__B_mixed__rep09,json
RAW_BENCHMARK_FILE,data\raw\taw data  json\05_koyeb__B_mixed__rep10.json,05_koyeb__B_mixed__rep10.json,.json,158783060,2026-05-21T00:25:06.639297,True,538df9d63ee4345cbd2f2d7e47c93a79f424e9110d9d4d3404eb4a07a52505bb,,05_koyeb,B_mixed,10,05_koyeb__B_mixed__rep10,json
RAW_BENCHMARK_FILE,data\raw\taw data  json\05_koyeb__C_checkout__rep01.json,05_koyeb__C_checkout__rep01.json,.json,269013771,2026-05-21T00:57:37.669112,True,c96d52f3b8ce0ac01b35a088e8c5326e70739801f48b43ef27b4f532e62060b0,,05_koyeb,C_checkout,1,05_koyeb__C_checkout__rep01,json
RAW_BENCHMARK_FILE,data\raw\taw data  json\05_koyeb__C_checkout__rep02.json,05_koyeb__C_checkout__rep02.json,.json,267739407,2026-05-21T01:30:11.920567,True,f5d7d5c69cc70312a3505a97ed81bc6edf0ce42e9d995854df112e267b23ee49,,05_koyeb,C_checkout,2,05_koyeb__C_checkout__rep02,json
RAW_BENCHMARK_FILE,data\raw\taw data  json\05_koyeb__C_checkout__rep03.json,05_koyeb__C_checkout__rep03.json,.json,268849760,2026-05-21T02:02:41.602763,True,d8d74c8d909f4b8b4459aab3d5df37f383f2b6007fcb4e5b1b71b2d3ac2e5ec4,,05_koyeb,C_checkout,3,05_koyeb__C_checkout__rep03,json
RAW_BENCHMARK_FILE,data\raw\taw data  json\05_koyeb__C_checkout__rep04.json,05_koyeb__C_checkout__rep04.json,.json,269106692,2026-05-21T02:35:11.127570,True,f21ae7bc63ad7df116bac52d0c36d9f4c0d1431724bf74e9aa5c2973a39414ce,,05_koyeb,C_checkout,4,05_koyeb__C_checkout__rep04,json
RAW_BENCHMARK_FILE,data\raw\taw data  json\05_koyeb__C_checkout__rep05.json,05_koyeb__C_checkout__rep05.json,.json,269091416,2026-05-21T03:07:41.468181,True,3a7741a2d2dc3fb55def89a6239a5e654e861a8a17a7a39e667283294a0fbf38,,05_koyeb,C_checkout,5,05_koyeb__C_checkout__rep05,json
RAW_BENCHMARK_FILE,data\raw\taw data  json\05_koyeb__C_checkout__rep06.json,05_koyeb__C_checkout__rep06.json,.json,269075791,2026-06-01T19:31:23.436272,True,f47b9bcc7f261d6e6b2a80e44b537560e61c3826c65623f32130853d3cee2d5b,,05_koyeb,C_checkout,6,05_koyeb__C_checkout__rep06,json
RAW_BENCHMARK_FILE,data\raw\taw data  json\05_koyeb__C_checkout__rep07.json,05_koyeb__C_checkout__rep07.json,.json,268926922,2026-06-01T20:05:55.375454,True,cb40870c3fb29c790bf5282e7fabed8aef32596e4c7be3dc79da8cb84f011da1,,05_koyeb,C_checkout,7,05_koyeb__C_checkout__rep07,json
RAW_BENCHMARK_FILE,data\raw\taw data  json\05_koyeb__C_checkout__rep08.json,05_koyeb__C_checkout__rep08.json,.json,124466386,2026-06-01T20:46:52.180635,True,32e21546e18da7a677dfb830b49474cbdecb44ae99325d06cea98d4079505da8,,05_koyeb,C_checkout,8,05_koyeb__C_checkout__rep08,json
RAW_BENCHMARK_FILE,data\raw\taw data  json\05_koyeb__C_checkout__rep09.json,05_koyeb__C_checkout__rep09.json,.json,267375291,2026-06-01T21:21:09.031954,True,270b1959903648a033d845b275bd6714636f57e11b7143759667327ee9e05f8b,,05_koyeb,C_checkout,9,05_koyeb__C_checkout__rep09,json
RAW_BENCHMARK_FILE,data\raw\taw data  json\05_koyeb__C_checkout__rep10.json,05_koyeb__C_checkout__rep10.json,.json,267804478,2026-06-01T21:55:41.688532,True,40ae7255b22b316903c0a6640dffd261b022839f64a3532906c8c6baa7228a58,,05_koyeb,C_checkout,10,05_koyeb__C_checkout__rep10,json
RAW_BENCHMARK_FILE,data\raw\taw data  json\05_koyeb__D_burst__rep01.json,05_koyeb__D_burst__rep01.json,.json,173845478,2026-06-01T22:29:44.466035,True,55add4cc0d9b6f013c3938a96b1a91060eb485fd9aff436b62ac6707defe70f5,,05_koyeb,D_burst,1,05_koyeb__D_burst__rep01,json
RAW_BENCHMARK_FILE,data\raw\taw data  json\05_koyeb__D_burst__rep02.json,05_koyeb__D_burst__rep02.json,.json,173919566,2026-06-01T23:03:46.570188,True,fd4a0e21efff372520546de18ab441a1260f3c10c48f7bb6c8592b7ff9c7a47b,,05_koyeb,D_burst,2,05_koyeb__D_burst__rep02,json
RAW_BENCHMARK_FILE,data\raw\taw data  json\05_koyeb__D_burst__rep03.json,05_koyeb__D_burst__rep03.json,.json,173866240,2026-06-01T23:37:48.219796,True,02efeed1255cbf1327d098daab9c93f1a6055c4a90b9dac78ee6ad123c522305,,05_koyeb,D_burst,3,05_koyeb__D_burst__rep03,json
RAW_BENCHMARK_FILE,data\raw\taw data  json\05_koyeb__D_burst__rep04.json,05_koyeb__D_burst__rep04.json,.json,173930190,2026-06-02T00:11:47.818659,True,80de7da8cec01ee290bb335d48732684d124b86aaca9cc68be4337210b02ce5d,,05_koyeb,D_burst,4,05_koyeb__D_burst__rep04,json
RAW_BENCHMARK_FILE,data\raw\taw data  json\05_koyeb__D_burst__rep05.json,05_koyeb__D_burst__rep05.json,.json,173917034,2026-06-02T00:45:46.277234,True,737d8987589cec97a243a785a41c91073a7754496d61f55bb0f9305fcef9401f,,05_koyeb,D_burst,5,05_koyeb__D_burst__rep05,json
RAW_BENCHMARK_FILE,data\raw\taw data  json\05_koyeb__D_burst__rep06.json,05_koyeb__D_burst__rep06.json,.json,173709655,2026-06-02T01:19:45.041376,True,3d761652b4a959f8eecb36cb179a1b085c33c7c94b106156a53e366c02c2ca5a,,05_koyeb,D_burst,6,05_koyeb__D_burst__rep06,json
RAW_BENCHMARK_FILE,data\raw\taw data  json\05_koyeb__D_burst__rep07.json,05_koyeb__D_burst__rep07.json,.json,173932489,2026-06-02T01:53:45.082147,True,7e505d0a140b1f1433983dac91d6d43925a7655221c310ef3c08cd65094eb3ca,,05_koyeb,D_burst,7,05_koyeb__D_burst__rep07,json
RAW_BENCHMARK_FILE,data\raw\taw data  json\05_koyeb__D_burst__rep08.json,05_koyeb__D_burst__rep08.json,.json,173976365,2026-06-02T02:27:43.816024,True,bec3d8d2ec690006860d942a9f8cd498adf73c56c5c8b356f1df6defdb6934ff,,05_koyeb,D_burst,8,05_koyeb__D_burst__rep08,json
RAW_BENCHMARK_FILE,data\raw\taw data  json\05_koyeb__D_burst__rep09.json,05_koyeb__D_burst__rep09.json,.json,173937728,2026-06-02T03:01:42.340866,True,1d39fedc2831b9b29154770ab89f0d7d3e12d9b4c7e89f6a1568a620e96c3430,,05_koyeb,D_burst,9,05_koyeb__D_burst__rep09,json
RAW_BENCHMARK_FILE,data\raw\taw data  json\05_koyeb__D_burst__rep10.json,05_koyeb__D_burst__rep10.json,.json,174482513,2026-06-02T03:35:41.017055,True,4d14a6633fd70b29914e6348c3ce57ea5eee40d5b6df39ec02587148fda8d9e6,,05_koyeb,D_burst,10,05_koyeb__D_burst__rep10,json
RAW_BENCHMARK_FILE,data\raw\taw data  json\06_flyio__A_browse__rep01.json,06_flyio__A_browse__rep01.json,.json,189443872,2026-06-02T04:09:45.300821,True,b3109a7df74b1c37d818ce9ecfa946e0c9a6a2a3827a43954d85505dea9adde7,,06_flyio,A_browse,1,06_flyio__A_browse__rep01,json
RAW_BENCHMARK_FILE,data\raw\taw data  json\06_flyio__A_browse__rep02.json,06_flyio__A_browse__rep02.json,.json,189454933,2026-06-02T04:43:46.951490,True,252d7ba7a694b9c8e7ce8ffdf3d62f4e1e3d31eef3845b16b2a684a0bc04e8c9,,06_flyio,A_browse,2,06_flyio__A_browse__rep02,json
RAW_BENCHMARK_FILE,data\raw\taw data  json\06_flyio__A_browse__rep03.json,06_flyio__A_browse__rep03.json,.json,189380778,2026-06-02T05:17:47.591414,True,f9eae0da5b167df39dbd5bf72f1fa89656ccd136a3f4a21c3215081b7b2cf580,,06_flyio,A_browse,3,06_flyio__A_browse__rep03,json
RAW_BENCHMARK_FILE,data\raw\taw data  json\06_flyio__A_browse__rep04.json,06_flyio__A_browse__rep04.json,.json,188953447,2026-06-02T05:51:58.931353,True,fc6b62d88d73abb203af5680b5060a851ce690f985a869f266e8ecf68a0c8f32,,06_flyio,A_browse,4,06_flyio__A_browse__rep04,json
RAW_BENCHMARK_FILE,data\raw\taw data  json\06_flyio__A_browse__rep05.json,06_flyio__A_browse__rep05.json,.json,189462077,2026-06-02T06:26:03.830951,True,26a33e1978371b366923b21b17448e63adc3615d9aee877ff2f22b030861fa1d,,06_flyio,A_browse,5,06_flyio__A_browse__rep05,json
RAW_BENCHMARK_FILE,data\raw\taw data  json\06_flyio__A_browse__rep06.json,06_flyio__A_browse__rep06.json,.json,189327735,2026-06-02T07:00:05.661754,True,9addbe52562b58c31f0c90ccf3817e9bf42c279bc2f7a3735d003e305b3be054,,06_flyio,A_browse,6,06_flyio__A_browse__rep06,json
RAW_BENCHMARK_FILE,data\raw\taw data  json\06_flyio__A_browse__rep07.json,06_flyio__A_browse__rep07.json,.json,188227429,2026-06-02T07:34:26.049741,True,4e8570b3da29904f780239e35d2b7cd00e7fdf6da783870ae5bb1a2661b281e1,,06_flyio,A_browse,7,06_flyio__A_browse__rep07,json
RAW_BENCHMARK_FILE,data\raw\taw data  json\06_flyio__A_browse__rep08.json,06_flyio__A_browse__rep08.json,.json,189227115,2026-06-02T08:08:54.797603,True,9203c556f0aed728b354565ab248ded43e3397326ad8f068d3e6c30d4f4ab3b9,,06_flyio,A_browse,8,06_flyio__A_browse__rep08,json
RAW_BENCHMARK_FILE,data\raw\taw data  json\06_flyio__A_browse__rep09.json,06_flyio__A_browse__rep09.json,.json,189367601,2026-06-02T08:43:12.485453,True,2e4496621c2eb8a6e8175e5e18ea1f16515c114a28050608dd04ef90d26c3b10,,06_flyio,A_browse,9,06_flyio__A_browse__rep09,json
RAW_BENCHMARK_FILE,data\raw\taw data  json\06_flyio__A_browse__rep10.json,06_flyio__A_browse__rep10.json,.json,189852921,2026-06-02T09:17:16.296438,True,95705c14e497b59f97c021633fbc7ae76a431220eb6773d943b86a385327113c,,06_flyio,A_browse,10,06_flyio__A_browse__rep10,json
RAW_BENCHMARK_FILE,data\raw\taw data  json\06_flyio__B_mixed__rep01.json,06_flyio__B_mixed__rep01.json,.json,142367497,2026-06-02T09:51:16.907013,True,5ef219780e6c499d16073b2e10ce2a5195dafb840e6501db6e2ead0b4175cb4c,,06_flyio,B_mixed,1,06_flyio__B_mixed__rep01,json
RAW_BENCHMARK_FILE,data\raw\taw data  json\06_flyio__B_mixed__rep02.json,06_flyio__B_mixed__rep02.json,.json,142310669,2026-06-02T10:25:17.774297,True,272dd2c5a6aa6544a25f3ffe4703633684ab45f3e4035a2ddc76afe5a0ae43b8,,06_flyio,B_mixed,2,06_flyio__B_mixed__rep02,json
RAW_BENCHMARK_FILE,data\raw\taw data  json\06_flyio__B_mixed__rep03.json,06_flyio__B_mixed__rep03.json,.json,142332678,2026-06-02T10:59:19.035570,True,ad6a4b81a659bb2d6be7a26eb1648bd3c84674db5795e96e1b8c71666758b1b8,,06_flyio,B_mixed,3,06_flyio__B_mixed__rep03,json
RAW_BENCHMARK_FILE,data\raw\taw data  json\06_flyio__B_mixed__rep04.json,06_flyio__B_mixed__rep04.json,.json,142349780,2026-06-02T11:33:25.121354,True,9f070fd286ff9e9236b7f44db2cf8c44a8369f2c143bc1c803a004e6c64818ca,,06_flyio,B_mixed,4,06_flyio__B_mixed__rep04,json
RAW_BENCHMARK_FILE,data\raw\taw data  json\06_flyio__B_mixed__rep05.json,06_flyio__B_mixed__rep05.json,.json,142317735,2026-06-02T12:07:25.498448,True,19422a5b69f69d6facfdffb8fd22eb683c98c873c7a986835330c00b94a6b76e,,06_flyio,B_mixed,5,06_flyio__B_mixed__rep05,json
RAW_BENCHMARK_FILE,data\raw\taw data  json\06_flyio__B_mixed__rep06.json,06_flyio__B_mixed__rep06.json,.json,142310087,2026-06-02T12:41:26.060315,True,c77a16f53899da5387c01bb60947bdaec92bb57ef32e1e5ad4ae4741656f6996,,06_flyio,B_mixed,6,06_flyio__B_mixed__rep06,json
RAW_BENCHMARK_FILE,data\raw\taw data  json\06_flyio__B_mixed__rep07.json,06_flyio__B_mixed__rep07.json,.json,142340354,2026-06-02T13:15:28.293988,True,e2b7b286c3a37163a4532bb85463cbea55b90f6c27c85b2c5bd7365e21ce55dc,,06_flyio,B_mixed,7,06_flyio__B_mixed__rep07,json
RAW_BENCHMARK_FILE,data\raw\taw data  json\06_flyio__B_mixed__rep08.json,06_flyio__B_mixed__rep08.json,.json,142326050,2026-05-21T14:30:04.971950,True,3f1b0fdedcfd885693deada619bfecc42eba9703f15aa6a1f0f8d10c762131b5,,06_flyio,B_mixed,8,06_flyio__B_mixed__rep08,json
RAW_BENCHMARK_FILE,data\raw\taw data  json\06_flyio__B_mixed__rep09.json,06_flyio__B_mixed__rep09.json,.json,129029050,2026-05-21T15:02:42.858703,True,39d46ee0db5740c8c88c583d169f01b5c89e1f6d277b87bce1bd2eea7333c044,,06_flyio,B_mixed,9,06_flyio__B_mixed__rep09,json
RAW_BENCHMARK_FILE,data\raw\taw data  json\06_flyio__B_mixed__rep10.json,06_flyio__B_mixed__rep10.json,.json,127956378,2026-05-21T15:35:11.899229,True,6d2c7a100ef41539a66d17ae625d7218b8aca860741f010dce4cccfb887b4efb,,06_flyio,B_mixed,10,06_flyio__B_mixed__rep10,json
RAW_BENCHMARK_FILE,data\raw\taw data  json\06_flyio__C_checkout__rep01.json,06_flyio__C_checkout__rep01.json,.json,237088610,2026-06-02T13:49:35.820088,True,222ef7c447c16288b4983c144f38fb52a484801fb06f3bcc0d19c619274c525d,,06_flyio,C_checkout,1,06_flyio__C_checkout__rep01,json
RAW_BENCHMARK_FILE,data\raw\taw data  json\06_flyio__C_checkout__rep02.json,06_flyio__C_checkout__rep02.json,.json,236383697,2026-06-02T14:24:06.497023,True,3d9c12917335d939c575330739a750ce44d1c35672cc52416a11f5c3088db36a,,06_flyio,C_checkout,2,06_flyio__C_checkout__rep02,json
RAW_BENCHMARK_FILE,data\raw\taw data  json\06_flyio__C_checkout__rep03.json,06_flyio__C_checkout__rep03.json,.json,236972493,2026-06-02T14:58:15.775940,True,973f70f8d578ecea1a21a99bb3ff89838275ef5ae1e8b148e857d794318336ac,,06_flyio,C_checkout,3,06_flyio__C_checkout__rep03,json
RAW_BENCHMARK_FILE,data\raw\taw data  json\06_flyio__C_checkout__rep04.json,06_flyio__C_checkout__rep04.json,.json,235742476,2026-06-02T15:32:49.420097,True,63f993cd2c408b1975108cb546a6947ecaedb3d888b880ecb71b03615b7618cb,,06_flyio,C_checkout,4,06_flyio__C_checkout__rep04,json
RAW_BENCHMARK_FILE,data\raw\taw data  json\06_flyio__C_checkout__rep05.json,06_flyio__C_checkout__rep05.json,.json,236039108,2026-06-02T16:07:17.975182,True,a79daf29c6cc654624efa904632570b7db6cc2550d2318693da461a8462f83da,,06_flyio,C_checkout,5,06_flyio__C_checkout__rep05,json
RAW_BENCHMARK_FILE,data\raw\taw data  json\06_flyio__C_checkout__rep06.json,06_flyio__C_checkout__rep06.json,.json,236553690,2026-06-02T16:41:23.310132,True,56cf8da9c3867bb0de2f81667c72e80e0e2ddc00432ac133b0bb5955a357e07c,,06_flyio,C_checkout,6,06_flyio__C_checkout__rep06,json
RAW_BENCHMARK_FILE,data\raw\taw data  json\06_flyio__C_checkout__rep07.json,06_flyio__C_checkout__rep07.json,.json,235278266,2026-06-02T17:15:26.839200,True,34ba91e4a397651504dcf2f4fba8f2225826d5bd6bb1c61f856cd2fc433ce422,,06_flyio,C_checkout,7,06_flyio__C_checkout__rep07,json
RAW_BENCHMARK_FILE,data\raw\taw data  json\06_flyio__C_checkout__rep08.json,06_flyio__C_checkout__rep08.json,.json,236420019,2026-06-02T17:50:00.680135,True,9b4c9a9b93b6ca13caa11acb358ae6b1fd83104618284b45b3d337fdea81b061,,06_flyio,C_checkout,8,06_flyio__C_checkout__rep08,json
RAW_BENCHMARK_FILE,data\raw\taw data  json\06_flyio__C_checkout__rep09.json,06_flyio__C_checkout__rep09.json,.json,236199471,2026-06-02T18:24:25.207925,True,0f933fc901c5155cf8e479419babbafc57d49d4c3fc76c90389538c426bd8a45,,06_flyio,C_checkout,9,06_flyio__C_checkout__rep09,json
RAW_BENCHMARK_FILE,data\raw\taw data  json\06_flyio__C_checkout__rep10.json,06_flyio__C_checkout__rep10.json,.json,237075944,2026-06-02T18:58:28.935269,True,3cf2f31e904d03e419485afb77fea3200975dc2171ade385e457b670f986c7b7,,06_flyio,C_checkout,10,06_flyio__C_checkout__rep10,json
RAW_BENCHMARK_FILE,data\raw\taw data  json\06_flyio__D_burst__rep01.json,06_flyio__D_burst__rep01.json,.json,145046899,2026-06-02T19:32:48.728809,True,f5933691b825806d0cd04f8c0aaef6c7c60b9bc50fc4167dfb2967f43aaf0a3e,,06_flyio,D_burst,1,06_flyio__D_burst__rep01,json
RAW_BENCHMARK_FILE,data\raw\taw data  json\06_flyio__D_burst__rep02.json,06_flyio__D_burst__rep02.json,.json,154962999,2026-06-02T20:06:57.058983,True,e1640efe4d0fd02cc8a540d223a88203bbc9bbde6d23b0f41f6cfc386d60d3c1,,06_flyio,D_burst,2,06_flyio__D_burst__rep02,json
RAW_BENCHMARK_FILE,data\raw\taw data  json\06_flyio__D_burst__rep03.json,06_flyio__D_burst__rep03.json,.json,154953455,2026-06-02T20:41:00.590626,True,3e6884bab32138cc3f589ba4084c0760df32c6529707ab4a7bd3e3a8e6e5311b,,06_flyio,D_burst,3,06_flyio__D_burst__rep03,json
RAW_BENCHMARK_FILE,data\raw\taw data  json\06_flyio__D_burst__rep04.json,06_flyio__D_burst__rep04.json,.json,155006372,2026-06-02T21:15:05.757907,True,102660acfed49e1c52f9d37bdd6ec9b54740c5ca8a66709973acc335459356a4,,06_flyio,D_burst,4,06_flyio__D_burst__rep04,json
RAW_BENCHMARK_FILE,data\raw\taw data  json\06_flyio__D_burst__rep05.json,06_flyio__D_burst__rep05.json,.json,154980211,2026-06-02T21:49:09.677616,True,b59562a7fecceb9936a24e66cfa2121b941958f3c3a31271939a1d54b918cc4d,,06_flyio,D_burst,5,06_flyio__D_burst__rep05,json
RAW_BENCHMARK_FILE,data\raw\taw data  json\06_flyio__D_burst__rep06.json,06_flyio__D_burst__rep06.json,.json,154971355,2026-06-02T22:23:17.132323,True,9e8f278f41a7e29f6a9334a2b90debd4d63e77ed4009c1f9a471ac43544bfe17,,06_flyio,D_burst,6,06_flyio__D_burst__rep06,json
RAW_BENCHMARK_FILE,data\raw\taw data  json\06_flyio__D_burst__rep07.json,06_flyio__D_burst__rep07.json,.json,154986040,2026-06-02T22:57:18.051890,True,24324e4147c7bacc29f31f7dc37c49d5f3107257795447855d9a84ed18d20931,,06_flyio,D_burst,7,06_flyio__D_burst__rep07,json
RAW_BENCHMARK_FILE,data\raw\taw data  json\06_flyio__D_burst__rep08.json,06_flyio__D_burst__rep08.json,.json,154801003,2026-06-02T23:31:19.251417,True,2fe879fe4531ba7f1db1cb61c624f6387b8591e0802ccddda9d51b7a100d708c,,06_flyio,D_burst,8,06_flyio__D_burst__rep08,json
RAW_BENCHMARK_FILE,data\raw\taw data  json\06_flyio__D_burst__rep09.json,06_flyio__D_burst__rep09.json,.json,154991595,2026-06-03T00:05:20.012612,True,32f1663242c35ea49d1a98216680ff08951aeb08b6042ff59a6dc327585c737a,,06_flyio,D_burst,9,06_flyio__D_burst__rep09,json
RAW_BENCHMARK_FILE,data\raw\taw data  json\06_flyio__D_burst__rep10.json,06_flyio__D_burst__rep10.json,.json,155473728,2026-06-03T00:39:21.556228,True,29ee5506b681914f92770d2924e3c071aa2dbc84b67706eb97032e7f0448dd31,,06_flyio,D_burst,10,06_flyio__D_burst__rep10,json
RAW_BENCHMARK_FILE,data\raw\taw data  json\07_iis_waitress__A_browse__rep01.json,07_iis_waitress__A_browse__rep01.json,.json,177267565,2026-05-22T03:03:54.042451,True,e6c51f3c656327013eba09f909c37344932d5b7c64d294481fbcd18f02db9535,,07_iis_waitress,A_browse,1,07_iis_waitress__A_browse__rep01,json
RAW_BENCHMARK_FILE,data\raw\taw data  json\07_iis_waitress__A_browse__rep02.json,07_iis_waitress__A_browse__rep02.json,.json,177250987,2026-05-22T03:36:21.354048,True,163ed568fe61ab531bf3ece4287575f4d73ecd645866cfc523b664d8f23a5a68,,07_iis_waitress,A_browse,2,07_iis_waitress__A_browse__rep02,json
RAW_BENCHMARK_FILE,data\raw\taw data  json\07_iis_waitress__A_browse__rep03.json,07_iis_waitress__A_browse__rep03.json,.json,177266826,2026-05-22T04:08:48.524685,True,a5c3cb3d4958bd9689ab99d10eedda0d64f563bdb07f6155dc61c1aa8242ef90,,07_iis_waitress,A_browse,3,07_iis_waitress__A_browse__rep03,json
RAW_BENCHMARK_FILE,data\raw\taw data  json\07_iis_waitress__A_browse__rep04.json,07_iis_waitress__A_browse__rep04.json,.json,177287939,2026-05-22T04:41:15.698554,True,04aaf8e57b7c3314065555c76307cfc5828cb086655a6bb0d1c5c3e8fec25b03,,07_iis_waitress,A_browse,4,07_iis_waitress__A_browse__rep04,json
RAW_BENCHMARK_FILE,data\raw\taw data  json\07_iis_waitress__A_browse__rep05.json,07_iis_waitress__A_browse__rep05.json,.json,177287169,2026-05-22T05:13:42.689022,True,18800e3550504ed8b8202f29cf3e39d3099e67172b5857f79a0979722e532005,,07_iis_waitress,A_browse,5,07_iis_waitress__A_browse__rep05,json
RAW_BENCHMARK_FILE,data\raw\taw data  json\07_iis_waitress__A_browse__rep06.json,07_iis_waitress__A_browse__rep06.json,.json,177258257,2026-05-22T05:46:16.158895,True,abec839b2d92025b3df46e6f2e95a519ea6336ad582daa959345953fbcfb877b,,07_iis_waitress,A_browse,6,07_iis_waitress__A_browse__rep06,json
RAW_BENCHMARK_FILE,data\raw\taw data  json\07_iis_waitress__A_browse__rep07.json,07_iis_waitress__A_browse__rep07.json,.json,177240762,2026-05-22T06:18:43.660103,True,f84999d9809bec68c9292622829d6b8c39b7eddbc9624e48a883ad3db77e6c9e,,07_iis_waitress,A_browse,7,07_iis_waitress__A_browse__rep07,json
RAW_BENCHMARK_FILE,data\raw\taw data  json\07_iis_waitress__A_browse__rep08.json,07_iis_waitress__A_browse__rep08.json,.json,177264295,2026-05-22T06:51:10.725671,True,16309ad093aa8bc3503586bfc7c9dc03e75314096f3202a1d0956888f8aacf02,,07_iis_waitress,A_browse,8,07_iis_waitress__A_browse__rep08,json
RAW_BENCHMARK_FILE,data\raw\taw data  json\07_iis_waitress__A_browse__rep09.json,07_iis_waitress__A_browse__rep09.json,.json,177237911,2026-05-22T07:23:37.962053,True,545cb2e9edd15e4a3eea89221b29bc03dd7fdfc58e6525bc7e1cb83f394c04bb,,07_iis_waitress,A_browse,9,07_iis_waitress__A_browse__rep09,json
RAW_BENCHMARK_FILE,data\raw\taw data  json\07_iis_waitress__A_browse__rep10.json,07_iis_waitress__A_browse__rep10.json,.json,177917606,2026-05-22T07:56:04.991305,True,fb7e353905b5ca24674e78ca5f05b947d5d807e52d5983ad4a37cfb8c826a43d,,07_iis_waitress,A_browse,10,07_iis_waitress__A_browse__rep10,json
RAW_BENCHMARK_FILE,data\raw\taw data  json\07_iis_waitress__B_mixed__rep01.json,07_iis_waitress__B_mixed__rep01.json,.json,133246733,2026-05-22T08:28:32.049210,True,42588cba0877125bafcd534235790f3f0ede318a406bf179d4b28a9f5973b721,,07_iis_waitress,B_mixed,1,07_iis_waitress__B_mixed__rep01,json
RAW_BENCHMARK_FILE,data\raw\taw data  json\07_iis_waitress__B_mixed__rep02.json,07_iis_waitress__B_mixed__rep02.json,.json,133224584,2026-05-22T09:00:58.335213,True,8235ec3aaf8be99604d663a005e422a1d85bf052963a11b5c8822d8903d8e45a,,07_iis_waitress,B_mixed,2,07_iis_waitress__B_mixed__rep02,json
RAW_BENCHMARK_FILE,data\raw\taw data  json\07_iis_waitress__B_mixed__rep03.json,07_iis_waitress__B_mixed__rep03.json,.json,133222049,2026-05-22T09:33:24.818331,True,8fd5c4cf9bc0345b897ccd963f8997708a3b0f069deb6aa560774d74e1b1e350,,07_iis_waitress,B_mixed,3,07_iis_waitress__B_mixed__rep03,json
RAW_BENCHMARK_FILE,data\raw\taw data  json\07_iis_waitress__B_mixed__rep04.json,07_iis_waitress__B_mixed__rep04.json,.json,133211312,2026-05-22T10:05:51.392156,True,0b18bfac727aac94a2ba5c61170b0c1283b00bb4140c55ad32c7f4c5fdaae1ba,,07_iis_waitress,B_mixed,4,07_iis_waitress__B_mixed__rep04,json
RAW_BENCHMARK_FILE,data\raw\taw data  json\07_iis_waitress__B_mixed__rep05.json,07_iis_waitress__B_mixed__rep05.json,.json,133236506,2026-05-22T10:38:18.087211,True,de0e6aac22362cd97d991154ba9e1133efe9ac2704bd577d12763b19f2927942,,07_iis_waitress,B_mixed,5,07_iis_waitress__B_mixed__rep05,json
RAW_BENCHMARK_FILE,data\raw\taw data  json\07_iis_waitress__B_mixed__rep06.json,07_iis_waitress__B_mixed__rep06.json,.json,133196493,2026-05-22T11:10:45.178626,True,c5c01291877aba42c083a5c2f68c3adafa97bca68ff3aa8e92dba7391a84342f,,07_iis_waitress,B_mixed,6,07_iis_waitress__B_mixed__rep06,json
RAW_BENCHMARK_FILE,data\raw\taw data  json\07_iis_waitress__B_mixed__rep07.json,07_iis_waitress__B_mixed__rep07.json,.json,131936960,2026-05-22T11:43:16.717066,True,641ef8f638111ee201826e7b7cd7d89165a720b7b153641392e4c076b7bf1169,,07_iis_waitress,B_mixed,7,07_iis_waitress__B_mixed__rep07,json
RAW_BENCHMARK_FILE,data\raw\taw data  json\07_iis_waitress__B_mixed__rep08.json,07_iis_waitress__B_mixed__rep08.json,.json,131590930,2026-05-22T12:15:45.593701,True,f49be81b4fbec80618e597a92220238708151ca45b8418c541e63e94f7a88754,,07_iis_waitress,B_mixed,8,07_iis_waitress__B_mixed__rep08,json
RAW_BENCHMARK_FILE,data\raw\taw data  json\07_iis_waitress__B_mixed__rep09.json,07_iis_waitress__B_mixed__rep09.json,.json,132719043,2026-05-22T12:48:13.851962,True,6227fc06908da061a393ba25c430a8e8107b7a3f7677385abd382ce09b970f52,,07_iis_waitress,B_mixed,9,07_iis_waitress__B_mixed__rep09,json
RAW_BENCHMARK_FILE,data\raw\taw data  json\07_iis_waitress__B_mixed__rep10.json,07_iis_waitress__B_mixed__rep10.json,.json,133734930,2026-05-22T13:20:42.715924,True,f71edc0250d18bc6d68275ff8a3db48a1e5d86e72d1329586d4488b9c9c3ff98,,07_iis_waitress,B_mixed,10,07_iis_waitress__B_mixed__rep10,json
RAW_BENCHMARK_FILE,data\raw\taw data  json\07_iis_waitress__C_checkout__rep01.json,07_iis_waitress__C_checkout__rep01.json,.json,217073275,2026-05-22T13:53:11.012689,True,fff2b8b3e18cd53087cd7f1670bb5f7ccbf4f265b0bd67f87056053da3ebc63c,,07_iis_waitress,C_checkout,1,07_iis_waitress__C_checkout__rep01,json
RAW_BENCHMARK_FILE,data\raw\taw data  json\07_iis_waitress__C_checkout__rep02.json,07_iis_waitress__C_checkout__rep02.json,.json,216639321,2026-05-22T14:25:42.166323,True,93d628caef5ff0c36860b7a184534aae9799e5a79f069e54a71de33199e5d9bc,,07_iis_waitress,C_checkout,2,07_iis_waitress__C_checkout__rep02,json
RAW_BENCHMARK_FILE,data\raw\taw data  json\07_iis_waitress__C_checkout__rep03.json,07_iis_waitress__C_checkout__rep03.json,.json,217110718,2026-05-22T14:58:15.542703,True,20fd8513375d01c4e77641873caf5fc9400addac81fb15f80949bca7376785c9,,07_iis_waitress,C_checkout,3,07_iis_waitress__C_checkout__rep03,json
RAW_BENCHMARK_FILE,data\raw\taw data  json\07_iis_waitress__C_checkout__rep04.json,07_iis_waitress__C_checkout__rep04.json,.json,217112939,2026-05-22T15:30:50.425775,True,775c20582c4fba4787c61d6d050239c2d7f2f3286efc3852d777dc9cdc195d23,,07_iis_waitress,C_checkout,4,07_iis_waitress__C_checkout__rep04,json
RAW_BENCHMARK_FILE,data\raw\taw data  json\07_iis_waitress__C_checkout__rep05.json,07_iis_waitress__C_checkout__rep05.json,.json,217069016,2026-05-22T16:03:20.174517,True,e72a5122b58289e6a82b230eaa5e3c289c7db7545b68f3813b664bad1b7b1668,,07_iis_waitress,C_checkout,5,07_iis_waitress__C_checkout__rep05,json
RAW_BENCHMARK_FILE,data\raw\taw data  json\07_iis_waitress__C_checkout__rep06.json,07_iis_waitress__C_checkout__rep06.json,.json,216897299,2026-05-22T16:35:50.610579,True,f7128402f534dff7703086a3b873cd48da086b11120995dc22454167efd016b0,,07_iis_waitress,C_checkout,6,07_iis_waitress__C_checkout__rep06,json
RAW_BENCHMARK_FILE,data\raw\taw data  json\07_iis_waitress__C_checkout__rep07.json,07_iis_waitress__C_checkout__rep07.json,.json,217077930,2026-05-22T17:08:20.748490,True,ffbb875fa10f36d4193b4719f778f93c2d65b3ee4470539cbab2cfb88526940e,,07_iis_waitress,C_checkout,7,07_iis_waitress__C_checkout__rep07,json
RAW_BENCHMARK_FILE,data\raw\taw data  json\07_iis_waitress__C_checkout__rep08.json,07_iis_waitress__C_checkout__rep08.json,.json,217085623,2026-05-22T17:40:50.878514,True,273bcc256e8ea2e6eb6a21f0d411af973e770b0090278f8481cfc74dec5da232,,07_iis_waitress,C_checkout,8,07_iis_waitress__C_checkout__rep08,json
RAW_BENCHMARK_FILE,data\raw\taw data  json\07_iis_waitress__C_checkout__rep09.json,07_iis_waitress__C_checkout__rep09.json,.json,217107397,2026-05-22T18:13:20.239662,True,12a77b06a6657cf40d6970205af7748be5e5862d37a050c72703b448dbfe46a7,,07_iis_waitress,C_checkout,9,07_iis_waitress__C_checkout__rep09,json
RAW_BENCHMARK_FILE,data\raw\taw data  json\07_iis_waitress__C_checkout__rep10.json,07_iis_waitress__C_checkout__rep10.json,.json,217819112,2026-05-22T18:45:49.247176,True,7efe47d64ed1fee91d44e1173f2b155066550ff0035a2800bcf20a0ac498beff,,07_iis_waitress,C_checkout,10,07_iis_waitress__C_checkout__rep10,json
RAW_BENCHMARK_FILE,data\raw\taw data  json\07_iis_waitress__D_burst__rep01.json,07_iis_waitress__D_burst__rep01.json,.json,143629224,2026-05-22T19:18:17.684516,True,4c6745fe1256c50353fabeced9ea8ef2dd5e4a14065f0bf0f204558f7ef4e101,,07_iis_waitress,D_burst,1,07_iis_waitress__D_burst__rep01,json
RAW_BENCHMARK_FILE,data\raw\taw data  json\07_iis_waitress__D_burst__rep02.json,07_iis_waitress__D_burst__rep02.json,.json,143637272,2026-05-22T19:50:44.743037,True,b1cae877d9e2472de024ae493fcec414265afa01dcfcdeacab1210d9900d4053,,07_iis_waitress,D_burst,2,07_iis_waitress__D_burst__rep02,json
RAW_BENCHMARK_FILE,data\raw\taw data  json\07_iis_waitress__D_burst__rep03.json,07_iis_waitress__D_burst__rep03.json,.json,143657605,2026-05-22T20:23:12.993866,True,fff6cbd8323be3a6953baacea1997e7f062346d504bacc62c0e193d9d8b4b438,,07_iis_waitress,D_burst,3,07_iis_waitress__D_burst__rep03,json
RAW_BENCHMARK_FILE,data\raw\taw data  json\07_iis_waitress__D_burst__rep04.json,07_iis_waitress__D_burst__rep04.json,.json,143669607,2026-05-22T20:55:44.939021,True,586a6399d58dcc09c92acf6b169e79059f14d1b77294d3e400fa26b7a6534693,,07_iis_waitress,D_burst,4,07_iis_waitress__D_burst__rep04,json
RAW_BENCHMARK_FILE,data\raw\taw data  json\07_iis_waitress__D_burst__rep05.json,07_iis_waitress__D_burst__rep05.json,.json,143637738,2026-05-22T21:28:15.529058,True,3b41ca5d0cd2ab38293639d56e434b617808480d6f0b32c1f8ad5dca64805f39,,07_iis_waitress,D_burst,5,07_iis_waitress__D_burst__rep05,json
RAW_BENCHMARK_FILE,data\raw\taw data  json\07_iis_waitress__D_burst__rep06.json,07_iis_waitress__D_burst__rep06.json,.json,143631467,2026-05-22T22:00:43.827901,True,6ceb55aa4b042d855b81f3d65716bda23f8607adbe3b1efe4c3a4ae4de5dc8db,,07_iis_waitress,D_burst,6,07_iis_waitress__D_burst__rep06,json
RAW_BENCHMARK_FILE,data\raw\taw data  json\07_iis_waitress__D_burst__rep07.json,07_iis_waitress__D_burst__rep07.json,.json,143635906,2026-05-22T22:33:13.448364,True,ad3d664b31e64277aa1fdd1ecf5b4f33139af616d1d0f4eaa701f0fb46a138ee,,07_iis_waitress,D_burst,7,07_iis_waitress__D_burst__rep07,json
RAW_BENCHMARK_FILE,data\raw\taw data  json\07_iis_waitress__D_burst__rep08.json,07_iis_waitress__D_burst__rep08.json,.json,143644093,2026-05-22T23:05:40.335789,True,e6d9232577970a16b1746721879c43759412e8de9a24215b5a7abe2119cdf0a6,,07_iis_waitress,D_burst,8,07_iis_waitress__D_burst__rep08,json
RAW_BENCHMARK_FILE,data\raw\taw data  json\07_iis_waitress__D_burst__rep09.json,07_iis_waitress__D_burst__rep09.json,.json,143471876,2026-05-22T23:38:11.128882,True,9853450aa5f6a5545babeaa4141877ef2f5bf2ac5639405261573fcb067cb372,,07_iis_waitress,D_burst,9,07_iis_waitress__D_burst__rep09,json
RAW_BENCHMARK_FILE,data\raw\taw data  json\07_iis_waitress__D_burst__rep10.json,07_iis_waitress__D_burst__rep10.json,.json,144170778,2026-05-23T00:10:41.015493,True,fd9ab5d7a9180eb1df4260cac6187d34a027b1899403395f848c403f3849ba28,,07_iis_waitress,D_burst,10,07_iis_waitress__D_burst__rep10,json
